path,size_bytes,duration,width,height,video_codec,audio_codec,bitrate,faststart_status,recommended_profile,output_key
/mnt/spirit-8tb/media/yes/spiritos-test-video-2.mp4,146843,10.000000,640,360,h264,aac,117474,moov-after-mdat,remux-faststart-only,85b40b3b2da54b894fedcb78eaf0d229fb0f0341f7e8d154e36f7ec8e2d7fc5e
/mnt/spirit-8tb/media/yes/Heyimbee Exclusive Leaked Nude OnlyFans 1099433.mp4,685264,4.538500,608,1080,h264,aac,1207912,moov-after-mdat,remux-faststart-only,6dfd51d7290b8c05102410fe07e815692d8b327b97c9067d6b0b6f41e7eec82a
/mnt/spirit-8tb/media/yes/Devorah Roloff Nude Leaked OnlyFans Video 1 - Ibradome.mp4,893677,7.965333,500,924,h264,aac,897566,moov-after-mdat,remux-faststart-only,02cf8edf5185e9dfea5d6178c36c2ef2f2343cedf7a6593adb4d3c19509b7307
/mnt/spirit-8tb/media/yes/Candy Love Nut on Me and then Lets Fuck Beeg.mp4,914697,3.520000,1920,1080,h264,aac,2078856,moov-after-mdat,remux-faststart-only,1f2ca4be12b953a5d694fe896486282c0968a90fb5207efb04a12500d92a2d17
/mnt/spirit-8tb/media/yes/models/sava-schultz/Savaschultz savaschulz savashultz Exclusive Leaked Nude OnlyFans(22).mp4,1091491,12.086708,480,848,h264,aac,722440,moov-after-mdat,remux-faststart-only,b0d9394da659808f9b1c387a2400859ea7ce98505555ef4e318751221a094532
/mnt/spirit-8tb/media/yes/Devorah Roloff Nude Ass Tease PPV OnlyFans Video Leaked.mp4,1340541,22.823991,270,480,h264,aac,469870,moov-after-mdat,remux-faststart-only,b9ff7fd055721cdcdaa35bbe651b6eb7e9cf67b61cdd04088447c13b37e49e0a
/mnt/spirit-8tb/media/yes/models/sava-schultz/Savaschultz savaschulz savashultz Exclusive Leaked Nude OnlyFans(23).mp4,1358047,7.999292,608,1080,h264,aac,1358167,moov-after-mdat,remux-faststart-only,b8e659bdbc1160b20b621369b4d60f9467d2c2822abfae75825a4d67974d4386
/mnt/spirit-8tb/media/yes/models/sava-schultz/Savaschultz savaschulz savashultz Exclusive Leaked Nude OnlyFans(12).mp4,1759845,14.964583,608,1080,h264,aac,940805,moov-after-mdat,remux-faststart-only,e1e7d697bda4f66fa2a28ab4a5b7d4b31e67c67c2ec5c9ad6e1d88a86674f916
/mnt/spirit-8tb/media/yes/models/sava-schultz/Savaschultz savaschulz savashultz Exclusive Leaked Nude OnlyFans(16).mp4,1779730,19.994000,404,720,h264,aac,712105,moov-after-mdat,remux-faststart-only,1c03a49603fe28acf0bdf635bdd01a6ce1bfad44b46ce4f8a7ca042b696b3e32
/mnt/spirit-8tb/media/yes/models/sava-schultz/Savaschultz savaschulz savashultz Exclusive Leaked Nude OnlyFans(1).mp4,1815120,20.474000,404,720,h264,aac,709239,moov-after-mdat,remux-faststart-only,2dcba85dc6dcba763c9d1585ce73bee31446b647296e6a9bf4c438f004dcee1f
/mnt/spirit-8tb/media/yes/Savaschultz savaschulz savashultz Exclusive Leaked Nude OnlyFans(7).mp4,1877523,13.796750,608,1080,h264,aac,1088675,moov-after-mdat,remux-faststart-only,36faae10b029c91270bf0605dea80c1265d0f540c3086ef21ba02b13b2569c70
/mnt/spirit-8tb/media/yes/Heyimbee 49.95 Ppv Floor Cam And Spreading Leak Video.mp4,1935936,33.863991,406,720,h264,aac,457343,moov-after-mdat,remux-faststart-only,57c4c3bd396aa1bbf3d67c5538393686085e2f3caacbbe9cd8949f435c4205f1
/mnt/spirit-8tb/media/yes/models/sava-schultz/watermark_9744_savaschultz_81845478182.mp4,2011005,25.366667,404,720,h264,aac,634219,moov-after-mdat,remux-faststart-only,8f560d8a7be6460e2baad82b029fa40dd2900a0a7993dca179aca90787e1dc0c
/mnt/spirit-8tb/media/yes/Amburnee ambernyy Exclusive Leaked Nude OnlyFans 10859483.mp4,2057025,5.317370,608,1080,h264,aac,3094800,moov-after-mdat,remux-faststart-only,b9fe5e02ee809d85ff76645dd84c9b47567343174a91880eb55c0d3fa66f1eaa
/mnt/spirit-8tb/media/yes/Savaschultz savaschulz savashultz Exclusive Leaked Nude OnlyFans(3).mp4,2118162,25.574000,404,720,h264,aac,662598,moov-after-mdat,remux-faststart-only,dcf7921914c83541074fa0ac477da1f4b9ebe0c960488e7f16618f804e280624
/mnt/spirit-8tb/media/yes/Heyimbee Exclusive Leaked Nude OnlyFans 699500.mp4,2127786,13.379667,660,1080,h264,aac,1272250,moov-after-mdat,remux-faststart-only,c358b8884ccd8b64b08bdf8ab7c504341cb149e7b6c3f0a37ff4419b892b5e1c
/mnt/spirit-8tb/media/yes/Sava.schultz Nudes Boobs PPV OnlyFans Video Leaked.mp4,2190746,43.863991,270,480,h264,aac,399552,moov-after-mdat,remux-faststart-only,95890893f6a9c11c044ab744541795972e0115d0040e3fa827664c06b102c389
/mnt/spirit-8tb/media/yes/models/sava-schultz/Sava Schultz - Videos - leak stars nackt leaks download leaked(4).mp4,2304942,16.495789,720,1280,h264,aac,1117832,moov-after-mdat,remux-faststart-only,0ba1d6e61610e1be1b7dab05375c162b8aa0af6aac139e24715a5222151872a5
/mnt/spirit-8tb/media/yes/Heyimbee Exclusive Leaked Nude OnlyFans 1101500.mp4,2361969,8.583208,608,1080,h264,aac,2201478,moov-after-mdat,remux-faststart-only,34b4972bd1d0bb33acf84cb573744ed11a10f5bf7735f8d6430f6f7068a6ce09
/mnt/spirit-8tb/media/yes/Savaschultz savaschulz savashultz Exclusive Leaked Nude OnlyFans(8).mp4,2384948,8.958583,608,1080,h264,aac,2129754,moov-after-mdat,remux-faststart-only,88ac78297c73d71a80c89ae8741702b1e50811127e504a71b32a334b6d153a70
/mnt/spirit-8tb/media/yes/models/sava-schultz/Sava schultz savaschultz 1 nectgbustytiktokteenpussybig boobshot(1).mp4,2855173,32.415057,358,640,h264,aac,704653,moov-after-mdat,remux-faststart-only,d82971bb16d97a76b4c88d33d27295e5e184c36e1c6d664cbad988b74f01c953
/mnt/spirit-8tb/media/yes/Heyimbee Onlyfans Leaked Video Teases a Milky Messy Shower PPV.mp4,2912791,43.862993,406,720,h264,aac,531252,moov-after-mdat,remux-faststart-only,d764b3eea78444d8b0dd1fc932b8e1f1e872f30ae61540bd1e47bacbb46175fc
/mnt/spirit-8tb/media/yes/heyimbee bee Nude Leaked Onlyfans Video 12 - Picazor EN.mp4,3003333,11.721016,720,1280,h264,aac,2049878,moov-after-mdat,remux-faststart-only,ec3ca30698e0263cc684602210e47ded95acf555702c3f8c0d32a2beb28170cf
/mnt/spirit-8tb/media/yes/Amburnee ambernyy Exclusive Leaked Nude OnlyFans 12726049.mp4,3041588,9.566621,632,1080,h264,aac,2543500,moov-after-mdat,remux-faststart-only,929966d318024206c089a7d49dda4498a5e38636f716da3766f14a71db2fa0bb
/mnt/spirit-8tb/media/yes/models/sava-schultz/Sava Schultz - Videos - leak stars nackt leaks download leaked(1).mp4,3115096,22.126411,720,1280,h264,aac,1126290,moov-after-mdat,remux-faststart-only,7499fc9bcb58b40b2d3680944800c0fac2d1aa8387f465137ebbda28421fad89
/mnt/spirit-8tb/media/yes/Savaschultz savaschulz savashultz Exclusive Leaked Nude OnlyFans(4).mp4,3363898,23.723333,608,1080,h264,aac,1134376,moov-after-mdat,remux-faststart-only,b52a0fe9d3ae414a8710e5691f454be62ed30e314df1ea6779757c952d643458
/mnt/spirit-8tb/media/yes/Savaschultz savaschulz savashultz Exclusive Leaked Nude OnlyFans(2).mp4,3445807,20.553500,608,1080,h264,aac,1341204,moov-after-mdat,remux-faststart-only,db39968299a5ded33d73513b49b2f8536c13051ff6a3e067b2d7a08b22681ee3
/mnt/spirit-8tb/media/yes/models/sava-schultz/Savaschultz savaschulz savashultz Exclusive Leaked Nude OnlyFans(11).mp4,3507251,46.080000,392,720,h264,aac,608897,moov-after-mdat,remux-faststart-only,684f5f07d22ec28f3f5db62309a5d03fe5f6b74e73b559e05b74e3385368f166
/mnt/spirit-8tb/media/yes/models/sava-schultz/Sava Schultz - Videos - leak stars nackt leaks download leaked(2).mp4,3520042,25.087700,720,1280,h264,aac,1122475,moov-after-mdat,remux-faststart-only,996a7dd5853a676c67ff52de6f169f007c7459d2236030be3bf97529f920540b
/mnt/spirit-8tb/media/yes/models/sava-schultz/(28).mp4,3748688,20.303250,608,1080,h264,aac,1477078,moov-after-mdat,remux-faststart-only,aa8c6359bc1e03e8f5d9ec693eecc291e1c4fc32de5e697e444b69bd7cf5000b
/mnt/spirit-8tb/media/yes/models/sava-schultz/Savaschultz savaschulz savashultz Exclusive Leaked Nude OnlyFans(19).mp4,3765522,29.270542,608,1080,h264,aac,1029163,moov-after-mdat,remux-faststart-only,15ea1e3ad6de0e03aed6121debe68c9070275c5166fd23203f272941f35f2212
/mnt/spirit-8tb/media/yes/models/sava-schultz/Sava Schultz - Videos - leak stars nackt leaks download leaked.mp4,3900484,27.162000,1280,720,h264,aac,1148806,moov-after-mdat,remux-faststart-only,b7fbf0b77b64caf2069837d37a6d9617213f336bbe18f8535253e8cc09e497c0
/mnt/spirit-8tb/media/yes/models/sava-schultz/Savaschultz savaschulz savashultz Exclusive Leaked Nude OnlyFans(15).mp4,3901376,33.874000,404,720,h264,aac,921385,moov-after-mdat,remux-faststart-only,3d04b177159d918d174ada0645ad9cdd8058d0b43059ec61c1a4f930c1d92d3b
/mnt/spirit-8tb/media/yes/models/sava-schultz/Savaschultz savaschulz savashultz Exclusive Leaked Nude OnlyFans(24).mp4,4130405,21.304250,608,1080,h264,aac,1551016,moov-after-mdat,remux-faststart-only,b2cc3f5f65df07d2a472136d2be70d267e3efd86abaf5a1a037e8fbc0c4f962c
/mnt/spirit-8tb/media/yes/Heyimbee - Busty E-Girl Onlyfans Leaked - Fapdungeon.mp4,5393918,16.996292,1080,1920,h264,aac,2538868,unknown,mobile-720p-fast,80754619b59be0310b83f942ae168a8a7f9e51319ea685cd342492f69bc1fd5d
/mnt/spirit-8tb/media/yes/RisqueCore Vid 123.mp4,5716188,6.548200,720,1280,h264,aac,6983522,unknown,mobile-720p-fast,07a2418faabd950358fb83289e23f7dbceafc91eaaba88ebaf92a01679fffc8c
/mnt/spirit-8tb/media/yes/Onlyfans devorah roloff milk tits naked(1).mp4,8421410,10.110544,888,1920,h264,aac,6663467,unknown,mobile-720p-fast,66bf7ce8ee6d4197f83b229c8cda805c5b1c03ea2c2171d45dc0753aa18ea4d1
/mnt/spirit-8tb/media/yes/DR 025.mp4.mp4,10540790,12.670625,1080,1920,h264,aac,6655261,unknown,mobile-720p-fast,08047ac12e9797e28b4431d9cc10a951750c4c01aeadfdf91c9e8ec690e99dda
/mnt/spirit-8tb/media/yes/DR 024.mp4.mp4,11731046,14.213833,1080,1920,h264,aac,6602608,unknown,mobile-720p-fast,6d0917aaedc6882248ff4d5b7c1047e69f7582c7e483ec6c244a35f843e4e741
/mnt/spirit-8tb/media/yes/models/jazmen-jafar/✨@ofxmega on [TELEGRAM] (299).mp4,12394400,15.390375,888,1658,h264,aac,6442676,moov-before-mdat,mobile-720p-fast,df79d901bb551a289ff4baf721d08907ae90fcee3d90d5eda1ce924aef5c165d
/mnt/spirit-8tb/media/yes/b4b6c2d0fc023a2f9bff6ffb4865c66444afe6ffb05a331d1fa29a3f50d181b4.mp4,14761627,13.113100,1080,1920,h264,aac,9005728,unknown,mobile-720p-fast,3376e43d1e7552e60cefb03cca140a830ec4f78b8b21a08fa30fce2a3747850a
/mnt/spirit-8tb/media/yes/Heyimbee - Busty E-Girl Onlyfans Leaked - Fapdungeon(2).mp4,14823553,104.667208,1080,1920,h264,aac,1133004,unknown,mobile-720p-fast,4a988bed6f7513585f6149df1fe6b7034508030b6eeebffd0effcaf7c9d7f89d
/mnt/spirit-8tb/media/yes/c60133f91ac7a5f18769c96232cd4d9b03e85cc5ce8e0be365d73cf81d675d6e.mp4,15958995,14.180833,1076,1652,h264,aac,9003135,unknown,mobile-720p-fast,6d134a6c660a0298a568a576d7c1b4eadb1b60111d3df52fbae3912e3dbe428c
/mnt/spirit-8tb/media/yes/Heyimbee Leaked Video III.mp4,16077794,24.232542,1080,1920,h264,aac,5307835,unknown,mobile-720p-fast,4dbdfac86304286ad4a13ccb996eb306139fafe3cfb2a316cfa310b729b75a1b
/mnt/spirit-8tb/media/yes/Heyimbee New Videos 3.mp4,18264548,36.494792,1080,1920,h264,aac,4003759,unknown,mobile-720p-fast,b0e65bea2876d2be44e1589664995794ae2f7818116c8e2424970ca59e292001
/mnt/spirit-8tb/media/yes/DR 023.mp4.mp4,18329470,22.847458,1080,1920,h264,aac,6418033,unknown,mobile-720p-fast,741de8d48a50f4f696d805af1d15ee42f840101d087f5868e5e1479374dc4dbe
/mnt/spirit-8tb/media/yes/Devorah - boobs.mp4.mp4,21782635,27.685625,656,1078,h264,aac,6294280,unknown,mobile-720p-fast,c3e11948d628c20b628d9acbdb27729ecad9248c040b78b7250a8df06bebe6bb
/mnt/spirit-8tb/media/yes/models/katievaynes/0c194b909a8200e58550eaff39154d1faaa821f417d6a10ca949c247c50fed94.mp4,26345752,23.923900,1920,1080,h264,aac,8809851,unknown,mobile-720p-fast,28e65caac6328b784566bb4003037403790efae88e7e559017efc5a41ae6dd6f
/mnt/spirit-8tb/media/yes/Heyimbee Squeezing Juicy Melons Leaked Onlyfans Video.mp4,26668149,56.242875,1080,1920,h264,aac,3793283,unknown,mobile-720p-fast,4a103840878abf163c0a837b2c6a13198b1dafb2cf01f88d985338cf4df3fd48
/mnt/spirit-8tb/media/yes/Devorah Roloff OnlyFans For Free May-2024 7.mp4,27759013,67.263991,1920,1080,h264,aac,3301500,unknown,mobile-720p-fast,33a06deaf5a4dbb74e9220611f88d7b4588b54acd39ee3b571a6368799a4b0d2
/mnt/spirit-8tb/media/yes/Devorah rollof Onlyfans Video.mp4,28702492,61.795962,1080,1920,h264,aac,3715775,unknown,mobile-720p-fast,bc8dd1609e74c79bb08a8aed0d6055176d92e2a9965f3655fd5a1d9a5d154239
/mnt/spirit-8tb/media/yes/Natalie Roush Teases Her Thicc Booty Twerking in Leaked Onlyfans.mp4,29729437,70.799708,1080,1920,h264,aac,3359272,unknown,mobile-720p-fast,39fa6714bc249ddcf25390b0f2e62520d1ec7af7ca8456d31c4b6344687bd4ac
/mnt/spirit-8tb/media/yes/OnlyFans_5 devorah2.mp4.mp4,42070874,53.961875,1616,1076,h264,aac,6237125,unknown,mobile-720p-fast,720aa8664f06535f15a5f08b4b12c77fc12c0d8d5c7dfeea680f2257e5f1509c
/mnt/spirit-8tb/media/yes/models/sienna-ababi/Visit onlyshare.io for MORE (1).mp4,53797624,69.069000,1920,1080,h264,aac,6231174,moov-before-mdat,mobile-720p-fast,1a7f4b442e1e0c9f87cbf3da10caaf1c2a245d97adb77e05de34ddd121459aad
/mnt/spirit-8tb/media/yes/models/izzy-green/Join ✨@ofxmega on [TELEGRAM] (218).mp4,54937699,70.445375,1080,1920,h264,aac,6238899,moov-before-mdat,mobile-720p-fast,3abb70fc5de591d7228a56aa420bbff6e94937bfd9852f3112dd842b009be849
/mnt/spirit-8tb/media/yes/Devdildo02.mp4.mp4,57023429,73.189417,720,1280,h264,aac,6232969,unknown,mobile-720p-fast,5032f76f59c706b15aa019de6f66f523b49409082c44dc71100b97a7cd19051d
/mnt/spirit-8tb/media/yes/models/cute-geekie/@MLHUBOF Telegram 🌌🔥 - 558.mp4,58011353,66.453991,1078,1920,h264,aac,6983641,moov-before-mdat,mobile-720p-fast,ef770b3f19446b03cd740a14cae9da4f7dac9dd80343055bd78be31bf321c5bd
/mnt/spirit-8tb/media/yes/Natalie Roush Sizzling Mesh Bodysuit Booty Tease in Leaked OnlyF.mp4,62418434,144.831708,1080,1920,h264,aac,3447777,unknown,mobile-720p-fast,14d817b23e0aa9b8b7dc6aee6e9bc7bc52e967f481a851937ae5ad7568f00c49
/mnt/spirit-8tb/media/yes/Heyimbee Squeezing Big Boobs With Oil Leaked Onlyfans Video.mp4,62631187,148.376875,1080,1920,h264,aac,3376870,unknown,mobile-720p-fast,9cd76250bb1fbbe51af17c117347c67dc40b17603f959994e19c938223e497f4
/mnt/spirit-8tb/media/yes/Cecilia Rose 89 Fuck Me Hard Please PPV Video Leaked.mp4,68289856,347.685664,1920,1080,h264,aac,1571301,unknown,mobile-720p-fast,11465ffcddd3991fb20af722bd70c8927e517bf264b2352a3e1e148d26d85619
/mnt/spirit-8tb/media/yes/Devdildo01.mp4.mp4,68855801,88.788333,720,1280,h264,aac,6204040,unknown,mobile-720p-fast,6e2d42ab962da9c6ff823e3712747a3e1f1813636a5d22be2ba8125b3eb0414c
/mnt/spirit-8tb/media/yes/models/sienna-ababi/@DailyLeaksMain_5a6152622c58eb1a882b28ad94a5b92dbafc2eaa155bb35c1ce00b835156eba3.mp4,72994419,93.676917,1080,1920,h264,aac,6233716,moov-before-mdat,mobile-720p-fast,9e981f4030e50c947a439cfff5a15b57da377ad4ad79d95abfecee9536a8a5ab
/mnt/spirit-8tb/media/yes/Natalie Roush Nut For Natalie November Ppv Dropping Tight Jeans.mp4,76411371,164.642875,1080,1920,h264,aac,3712829,unknown,mobile-720p-fast,7a5dfbe0a1b66c60d015f86443ca7e126425dc5c2739a90bf953685d60ce7431
/mnt/spirit-8tb/media/yes/models/cute-geekie/@MLHUBOF Telegram 🌌🔥 - 537.mp4,76651228,98.681917,1076,1822,h264,aac,6214003,moov-before-mdat,mobile-720p-fast,82b6c2e3d34b91d991af65b1d688185a7dda31be9e1673de23726e204e4a04dc
/mnt/spirit-8tb/media/yes/Sava Schultz Naked Big Ass POV Onlyfans Video.mp4,82586648,61.603208,720,1280,h264,aac,10724980,unknown,mobile-720p-fast,55098f557554cca1d5d0ecdf28d22825dc92bc95186f95de46d9658cdece02a7
/mnt/spirit-8tb/media/yes/models/aaliyah-yasan/Visit onlyshare.io for MORE 130.mp4,91021001,117.450667,1080,1920,h264,aac,6199777,moov-before-mdat,mobile-720p-fast,bba0326afe9f7dd03d7c3e62e034be8d388cbbf4c4685cb5b2830cf8a7a41033
/mnt/spirit-8tb/media/yes/TheStartOfUs Asm-r You Cumming ️ 3 Huge Cumshots Beeg.mp4,95112839,337.962200,1920,1080,h264,aac,2251443,unknown,mobile-720p-fast,efdef3374e3d9fd806122bb4006fb6e2d8371ebd4f74237007ab11c320f800b5
/mnt/spirit-8tb/media/yes/Natalie Roush With Hayley Maxfield In White Lingerie Took Nude B.mp4,95344493,148.334875,1080,1920,h264,aac,5142121,unknown,mobile-720p-fast,214ae7bab04bdecf9f824ed261a432bf909d6bcd438cff97c4c41ea71fcd5aa7
/mnt/spirit-8tb/media/yes/models/kinkykttn/OF4LM.COM is our home__282.mp4,98930019,127.752625,1280,720,h264,aac,6195098,moov-before-mdat,mobile-720p-fast,91feb6cfaa8cd9b2b41f185a24e72bcd3e9658368848e325c9f9ea38c0309bd7
/mnt/spirit-8tb/media/yes/Devorah Roloff Car Flashing Full Nude PPV.mp4,104687855,166.235962,1918,994,h264,aac,5038036,unknown,mobile-720p-fast,cfbae025a4aad861e1cb19b127eb97c97eb252743dcbe0e501ce2ca41541c596
/mnt/spirit-8tb/media/yes/models/azilia-hadid/@boomboomhub TG (50).mp4,106462298,137.387250,1080,1920,h264,aac,6199253,moov-before-mdat,mobile-720p-fast,8dc0ee96694803d8bb8f7716c090a9433bafc594411ace98dcc03480001e0d3e
/mnt/spirit-8tb/media/yes/models/cutefru/Visit onlyshare.io for MORE 04419.mp4,118784713,154.320833,1080,1516,h264,aac,6157805,moov-before-mdat,mobile-720p-fast,59bb28299a23d8dfd8e5e32da5d5f2cbc41f1261b0c8b55f513b31e5be30e153
/mnt/spirit-8tb/media/yes/models/cute-geekie/Visit onlyshare.io for MORE 05135.mp4,135836622,125.525400,1920,1080,h264,aac,8657156,unknown,mobile-720p-fast,9b5736bf6b34dc5fbec6c4d66a5060e3c38c07426890a24ebff602eb26d8e2bb
/mnt/spirit-8tb/media/yes/Natalie Roush New Squat Ppv In Tight Thong Onlyfans Leak.mp4,151428309,328.765875,1080,1920,h264,aac,3684769,unknown,mobile-720p-fast,bc1ffffdeef9ccc6d20c919cd500b48770670cf36cadde8b8b60d98da08ab27e
/mnt/spirit-8tb/media/yes/Natalie Roush Stripteasing With Her Booty Hole Dropping Tight Th.mp4,151645921,270.582875,1080,1920,h264,aac,4483533,unknown,mobile-720p-fast,36f1dcc197c8a8a5b8379cd80c6bb5e03940d4430c141ca2b64a3e98ce770b0b
/mnt/spirit-8tb/media/yes/Ruth Lee Bowjob In Her Friends Car.mp4,154870038,266.215583,1280,720,h264,aac,4653973,unknown,mobile-720p-fast,c17a51542756d59448d0ee6852479d8ff5319d570496d094ad8b8f398c3f62a9
/mnt/spirit-8tb/media/yes/OnlyFans_5 devorah.mp4.mp4,158142041,204.570667,1080,1440,h264,aac,6184348,unknown,mobile-720p-fast,b37b41b3c00e8af8e9a2979b080f103d65d80fb1f67e3cdeadf11b630f87313a
/mnt/spirit-8tb/media/yes/models/sendnudesx/PlugLeakz.net - Join Telegram @PlugLeaksHub (198).mp4,185587314,239.781208,1080,1920,h264,aac,6191888,moov-before-mdat,mobile-720p-fast,6f90fb72c734bd05c7aa1a277572e0817a9e1f3f2c604a193e3679da37c0172e
/mnt/spirit-8tb/media/yes/models/cute-geekie/@MLHUBOF Telegram 🌌🔥 - 793.mp4,189460157,244.786208,1080,1920,h264,aac,6191857,moov-before-mdat,mobile-720p-fast,f0d309b9e5da1882e9332ac0928593c36ed8b695212c60dc94038eba8da7c211
/mnt/spirit-8tb/media/yes/models/sendnudes/169870_1080p.mp4,191052542,279.048917,1080,1920,h264,aac,5477248,unknown,mobile-720p-fast,64d477e547fb5df6b7915168eb17b8f549538945951f57523806df6e810ba4c6
/mnt/spirit-8tb/media/yes/Noturhoneybb Teases You with Her Messy Facial Money Shot Video.mp4,202739952,472.285708,1080,1920,h264,aac,3434191,unknown,mobile-720p-fast,493f8be4acf69958e5aa55dbfb567fafda4406d3f4f4da9afec91a5948154ebd
/mnt/spirit-8tb/media/yes/models/jakara-mitchell/Fap__01cfdec15d25f9cd19397c0709e49162.mp4,220218023,204.003800,1080,1920,h264,aac,8635840,unknown,mobile-720p-fast,5e5f21b92519101b5d0081a607d2ec6c2c735a17e1bb199f576b6318422e8cbe
/mnt/spirit-8tb/media/yes/models/whoahannahjo/v 4.mp4,226085563,950.116000,1920,1080,h264,aac,1903645,moov-before-mdat,mobile-720p-fast,dc5680418b0618ee2655c7c769d408a16a8362e07d02812766e2078edeb59735
/mnt/spirit-8tb/media/yes/models/jakara-mitchell/Fap__5e5eb028f60361971febc5850e5c000c.mp4,243297199,686.394042,1920,1080,h264,aac,2835656,moov-before-mdat,mobile-720p-fast,fa3e7821ce14ad2db1361ccf1043d928dc1ca63b6b10d37784512d38e9eb100d
/mnt/spirit-8tb/media/yes/My Porn Plugg Stepsister Couch Footjob After Work Beeg.mp4,246030533,800.041333,1920,1080,h264,aac,2460178,unknown,mobile-720p-fast,d87a77da25900129f2f2bca95a0fc8577d51792587a1d602ac0dde51019f74be
/mnt/spirit-8tb/media/yes/models/azilia-hadid/@boomboomhub TG (39).mp4,271498774,351.601250,1080,1920,h264,aac,6177424,moov-before-mdat,mobile-720p-fast,fbfcbc1895b5593e1dfe64ea8bd2f2c8b73913bb9efa3b5ffd38f4f0ce1891a5
/mnt/spirit-8tb/media/yes/models/cute-geekie/51591.mp4,272625353,780.446333,1284,720,h264,aac,2794558,unknown,mobile-720p-fast,0ee3e2bd5b8d60e48ea9421b9f532fecfb2b50a9aa137d2fae830849dbc553cc
/mnt/spirit-8tb/media/yes/models/emiliaofficial/Emilia Bunny Model Encounter Exceeds Expectations Beeg.mp4,273841390,987.152100,1920,1080,h264,aac,2219243,unknown,mobile-720p-fast,d66d2d093b6a0d538ac6f2cfe90870126993ac0b38fbd46ae40a3e2e2e721922
/mnt/spirit-8tb/media/yes/unknown/JoinUs @RisqueMega 233.mp4,318497028,413.454708,1920,1080,h264,aac,6162648,moov-before-mdat,mobile-720p-fast,3898973e5ea3fae9470d88fa02864404ff89a2d91a0156903145b5d4c6c106c9
/mnt/spirit-8tb/media/yes/models/emiliaofficial/Emilia Bunny Strict Teachers Private Lesson Beeg.mp4,320237525,968.782948,1920,1080,h264,aac,2644452,unknown,mobile-720p-fast,d8a108c2188c64689a4977deb1a00be7f3b74e389e75609885a2ac993f14635a
/mnt/spirit-8tb/media/yes/models/cute-geekie/148460_1080p.mp4,326147372,637.418295,1920,1080,h264,aac,4093354,unknown,mobile-720p-fast,f7e38b6d44f9e5eb0a2c7c2bf048fa25f49e98e85fd54d21d2d2533d76ccd1d2
/mnt/spirit-8tb/media/yes/models/emiliaofficial/Emilia Bunny Model in Bodysuit Receives Facial After Passionate.mp4,331790376,1098.263100,1920,1080,h264,aac,2416837,unknown,mobile-720p-fast,48f0778f5f5bdc7f30acf9c78f1a82a576a6b11c847434cf1e568d81e09270ed
/mnt/spirit-8tb/media/yes/models/izzy-green/Izzy Green Squirt Compilation Leaked Sextape.mp4,353305369,1194.948067,1920,1080,h264,aac,2365327,unknown,mobile-720p-fast,1c4e45dd3da99015f5bead6c87aad2de7b5d00088cdc69eb901af0196a5978e6
/mnt/spirit-8tb/media/yes/Candy Love Youve Made Me Mad Fuck Me to Apologize Beeg.mp4,358064208,621.399333,1920,1080,h264,aac,4609779,unknown,mobile-720p-fast,86e12780dc035d187c35601b2d5df9421a52b70a94fd5e5f1798491082953f4d
/mnt/spirit-8tb/media/yes/Lika Busy Got Horny while Walking in the Woods and Asked My Frie.mp4,360978436,625.516333,1920,1080,h264,aac,4616709,unknown,mobile-720p-fast,20a23e2d5c7b938379ac3320a1710894c9296c8e8dc06d21519a349652610c1d
/mnt/spirit-8tb/media/yes/Candy Love Begs for Mercy - Intense 2 Squirts - Multiple Orgasms.mp4,367868219,636.066000,1920,1080,h264,aac,4626793,unknown,mobile-720p-fast,7f9a5fa2e75dc5b19acb6812c24a8092a7f85db31c9c88729ba7b9c34a3ca4c4
/mnt/spirit-8tb/media/yes/models/emiliaofficial/Emilia Bunny Pov Your Sexy Gf Cant Leave the House until You Mak.mp4,376296960,612.449524,1920,1080,h264,aac,4915304,unknown,mobile-720p-fast,1efb93e75980cf43f711ef3d0dee9fb129c4534adcf48ddf590465bf532d2bb6
/mnt/spirit-8tb/media/yes/Comatozze Girl Seduces Serviceman in Hotel No Chance Big Ass Tit.mp4,390344532,939.966000,1920,1080,h264,aac,3322201,unknown,mobile-720p-fast,0b71b8fe975eac2299c861398eef81c5093c8f5a04a8e5af2a1c6eeba6a86cd8
/mnt/spirit-8tb/media/yes/mi-mpyvel2x-929d9042/spiritos-convert-test-375m.mp4,392858929,594.450000,1920,1080,h264,aac,5287024,moov-before-mdat,mobile-720p-fast,77a6005600e1f0b68999fd338ff1eaa41f73aeb3f2e3a512e084b08d3c9006e1
/mnt/spirit-8tb/media/yes/Tommy Wood Nurse Role-Play with POV Doggy and Cumshot Beeg.mp4,395952633,760.999333,1920,1080,h264,aac,4162449,unknown,mobile-720p-fast,8fa2dcd874a0ec06bcdb8bd3504d38e04f543c297028b13c831c3bada3e91152
/mnt/spirit-8tb/media/yes/Luke Cooper English Slut Bonnie Blue Loves Big Dick Inside Her B.mp4,396888397,703.732667,1920,1080,h264,aac,4511808,unknown,mobile-720p-fast,c32b546f649907a9b3856f1387884701ebd4c448081fdeb588bd4d54e7c34611
/mnt/spirit-8tb/media/yes/Allinika the Girl Knows how to Distract from the Game. Beeg.mp4,405979748,707.001179,1920,1080,h264,aac,4593822,unknown,mobile-720p-fast,83c24e43d176eac5466231d62a8bb913b4a7e785caad2d16fd7277ece96c581d
/mnt/spirit-8tb/media/yes/Candy Love I Want My Pussy Full of Cum Remove Condom no Birth Co.mp4,410178951,724.799333,1920,1080,h264,aac,4527365,unknown,mobile-720p-fast,cf891b2206fb43fdd6a193cc3378a0a6f54b74113f48c3066a8da343941569c9
/mnt/spirit-8tb/media/yes/models/emiliaofficial/Emilia Bunny A Playful Evening with a Natural Beauty Who Always.mp4,412935039,721.066000,1920,1080,h264,aac,4581384,unknown,mobile-720p-fast,b579b40773fb0a1e860c3bc8af064239f42d77354b918bdde5efb46efb425942
/mnt/spirit-8tb/media/yes/b072fcb9f821c935f46a4ed67477a041.mp4,414044946,536.527292,1920,1080,h264,aac,6173701,unknown,mobile-720p-fast,ad2138d6e663ad5936321d19e7e9f8a62121e25a3cd0017b169292b5cd62b14a
/mnt/spirit-8tb/media/yes/Candy Love Passionate Lovemaking before Work. Beeg.mp4,420480368,737.699333,1920,1080,h264,aac,4559910,unknown,mobile-720p-fast,c2f5cb6341aef2bf4ef2ec9fcbc8079ed860715e103449ffdabdefe24d88c29e
/mnt/spirit-8tb/media/yes/models/emiliaofficial/Emilia Bunny POV Woman Rubs Clit Receives Cum on Panties Beeg.mp4,421083282,766.920000,1920,1080,h264,aac,4392461,unknown,mobile-720p-fast,32898583acdc588a37a17077cf5aeed920c7d31168fa170eba9f50366febd67c
/mnt/spirit-8tb/media/yes/models/emiliaofficial/Emilia Bunny Sexy Schoolgirl in Pantyhose Helps with Homework Be.mp4,425433333,733.866000,1920,1080,h264,aac,4637722,unknown,mobile-720p-fast,eab16acdcb03c19b3c510734772830c4d8db8ee7c92032e0a98f3f7e15d578c8
/mnt/spirit-8tb/media/yes/models/emiliaofficial/Emilia Bunny Schoolgirl Plays Hooky and gets Naughty on Camera B.mp4,430433566,966.600272,1920,1080,h264,aac,3562453,unknown,mobile-720p-fast,989dd0b270cd8dd1e4c6a687a2830fb75df8323b4dc186ea1964d4dc4a5085dc
/mnt/spirit-8tb/media/yes/unknown/JoinUs @RisqueMega 184.mp4,433398339,561.686125,1920,1080,h264,aac,6172818,moov-before-mdat,mobile-720p-fast,4592621f4e141ab8583fea44ca24dc5302b1633604f608355bffac33f86a8b8e
/mnt/spirit-8tb/media/yes/TheStartOfUs gamer Girl Fucks around Finds Out he Cums how many.mp4,441718760,770.001833,1920,1080,h264,aac,4589274,unknown,mobile-720p-fast,5b185c671c812aaf77611d4e1146c4b830691d1b0cdb5cafc19e8b32f9e40a85
/mnt/spirit-8tb/media/yes/models/emiliaofficial/Emilia Bunny Horny Girl Takes It Deep Beeg.mp4,444771116,1103.200000,1920,1080,h264,aac,3225316,unknown,mobile-720p-fast,ffb3498b88d2a0503fcf5f170621d4ae8cb168f78f2e84c662946f302e393fc2
/mnt/spirit-8tb/media/yes/video-2026-06-19T10-12-48.740Z.mp4,447868024,1482.794667,1290,720,h264,aac,2416345,moov-before-mdat,mobile-720p-fast,5fdb5e02d5976ba34355ccb0c07e70f18f51174064133677d200c306452c3c8d
/mnt/spirit-8tb/media/yes/models/emiliaofficial/Emilia Bunny 2 Cumshots. Feet Ride. the Wettest Pussy Beeg.mp4,449554503,778.843719,1920,1080,h264,aac,4617660,unknown,mobile-720p-fast,d2b6b90fd4a016d2037ac857d1a2987930573b44dccb1f2bec79c7759038a33f
/mnt/spirit-8tb/media/yes/Candy Love Nut on Me and then Lets Fuck Beeg(1).mp4,462424722,791.360000,1920,1080,h264,aac,4674734,unknown,mobile-720p-fast,5dc26b2b5672f6b6e5d6a16a404864583c84ce20f0805e1d0845ea1519922e64
/mnt/spirit-8tb/media/yes/TheStartOfUs 3 Juicyyy Cumshots for 18 Yo Uwu Teeny Beeg.mp4,465511033,811.543333,1920,1080,h264,aac,4588896,unknown,mobile-720p-fast,6a62959d88ae89ada33d512cdbe57fc7f8475a8c96de7fcfb30c7d07ab655842
/mnt/spirit-8tb/media/yes/models/izzy-green/Izzy Green Suck Till Mouth Got Filled With Cum Then Bounce On Th.mp4,471984210,1148.607333,1920,1080,h264,aac,3287349,unknown,mobile-720p-fast,3ffd28ea002c8ce22d544769bb45c434178d183789da043122abd3ea5c5280eb
/mnt/spirit-8tb/media/yes/Candy Love Gooner Princess Edging until Cum Bomb Explodes Ahegao.mp4,477003338,838.932667,1920,1080,h264,aac,4548668,unknown,mobile-720p-fast,cc3676dee4ec56125218ff032a771249525c02cd6f3ada7132da6dd830101e1b
/mnt/spirit-8tb/media/yes/Natalie Roush Uncensored Lingerie Try On PPV Booty Spread Onlyfa.mp4,480840930,729.874875,1080,1920,h264,aac,5270393,unknown,mobile-720p-fast,a908497ddb94a40be0f9ccf1b373d0665c95a6af47f415900aaa32ae964f8240
/mnt/spirit-8tb/media/yes/Candy Love Her Doll-like Body Begs to Be Used Beeg.mp4,483116453,850.599333,1920,1080,h264,aac,4543774,unknown,mobile-720p-fast,c11e0c5d5340cf6dbf4c4555e8450c3bb0bcd24ce9c22245c21b93c2148fed58
/mnt/spirit-8tb/media/yes/Candy Love Good Boy Gets Good Head then Good Sex Beeg.mp4,485603930,846.399333,1920,1080,h264,aac,4589832,unknown,mobile-720p-fast,d8dd19e1e8951333f7e40fb2f6908fde6918a0c16a2fea56e7550d95ae19aecf
/mnt/spirit-8tb/media/yes/models/emiliaofficial/Emilia Bunny Help Me with the Game and Ill Help You Cum Step Sis.mp4,485845144,857.164626,1920,1080,h264,aac,4534439,unknown,mobile-720p-fast,dd3ed01567d208bdaae97187211be8c623586092c2cce6701025fc0e58a448d9
/mnt/spirit-8tb/media/yes/models/yummy-couple/Ayucpl.mp4,500537437,648.939958,1920,1080,h264,aac,6170523,moov-before-mdat,mobile-720p-fast,6a565badcd81842113edadbc87b9121f3fc69f3e335ff59690b3f5fb6d70e012
/mnt/spirit-8tb/media/yes/Lika Busy Ways to Ensure Female Pleasure and Orgasm Beeg.mp4,501487032,916.307642,1920,1080,h264,aac,4378328,unknown,mobile-720p-fast,ebc77c2fef83a600af60d725085a941a2e2698ca9bb8c3f4b01d45f7c3f81a8b
/mnt/spirit-8tb/media/yes/Candy Love ive Oiled Myself Up for Your Cock so now U Gonna Fill.mp4,507640304,869.299333,1920,1080,h264,aac,4671719,unknown,mobile-720p-fast,2dcced9b60cebdf403280ca5de19fd6a85f3cbda1369248a16a78c119c1625b9
/mnt/spirit-8tb/media/yes/models/sendnudesx/PlugLeakz.net - Join Telegram @PlugLeaksHub (224).mp4,528198691,684.558875,1080,1920,h264,aac,6172718,moov-before-mdat,mobile-720p-fast,1c0d8b4184feedb1d3c3a9093916937a1d8f838b6144c54dffbb61a3fd031356
/mnt/spirit-8tb/media/yes/models/aaliyah-yasan/Visit onlyshare.io for MORE 86.mp4,541491435,701.992958,1920,1080,h264,aac,6170904,moov-before-mdat,mobile-720p-fast,25d452f5e699d304c0e1020afe67283ac007994ea0c775baca9f76450c95d3a8
/mnt/spirit-8tb/media/yes/models/aaliyah-yasan/Visit onlyshare.io for MORE 79.mp4,558447664,723.889833,1920,1080,h264,aac,6171631,moov-before-mdat,mobile-720p-fast,1ff136adf65d6387ee1e0126a3033326c41d9f99acd5bb2399e10b52dcd4c486
/mnt/spirit-8tb/media/yes/Sweet Herry Big Ass Brunette POV Cumshot Compilation Beeg.mp4,559193193,727.736599,1920,1080,h264,aac,6147204,unknown,mobile-720p-fast,397ee60eefe40fe8e8892b8beae8dac6b0a9853da7522589182d258551c96cf6
/mnt/spirit-8tb/media/yes/14318872.mp4,564221211,1584.329229,1920,1080,h264,aac,2849009,unknown,mobile-720p-fast,507af7c24516d66ae8d85623e76e6e70018bbf6c218def673aeb22e766d03e79
/mnt/spirit-8tb/media/yes/Eve How Did He Last so Long in This Gorgeous Ass Beeg.mp4,565874174,973.500000,1920,1080,h264,aac,4650224,unknown,mobile-720p-fast,e2872b8d475c042e85bb7980b7dc6a6dd5efec1e09aba553c823548f4a123ff5
/mnt/spirit-8tb/media/yes/models/chloe-lamb/JoinUs @RisqueMega 61.mp4,566805180,734.608875,1920,1080,h264,aac,6172592,moov-before-mdat,mobile-720p-fast,88f9944403381eba705c04fbdbdd6e3bb5bfa7447c9e9535ad351c8f14e61ca0
/mnt/spirit-8tb/media/yes/Lika Busy She Came Back from the Party Without Panties so I Fuck.mp4,580616379,1030.044000,1920,1080,h264,aac,4509449,unknown,mobile-720p-fast,c472d55612ace680e8806054ef9cd2ce1aa9db08bd4ca6ba2fcc8f9a109a555b
/mnt/spirit-8tb/media/yes/unknown/JoinUs @RisqueMega 64.mp4,629115851,815.606458,1920,1080,h264,aac,6170778,moov-before-mdat,mobile-720p-fast,4ffbeee821d374888553be0eb5c20530cd8a9d828a0bd3718054b15a3cc8d3ab
/mnt/spirit-8tb/media/yes/models/aaliyah-yasan/Visit onlyshare.io for MORE 62.mp4,666748232,864.363500,1920,1080,h264,aac,6170998,moov-before-mdat,mobile-720p-fast,eb844f6f30d8e2b39def143195bd80762a99766d803679295d1d40979e77b5a1
/mnt/spirit-8tb/media/yes/Candy Love how to Make Your Bf Cum Twice He Cant Resist My Tits.mp4,724980533,1263.560000,1920,1080,h264,aac,4590082,unknown,mobile-720p-fast,b5f7133b2f548b54a23edcbd2268ce8767d9ebf64c22b0cda355f5b8932a7872
/mnt/spirit-8tb/media/yes/models/aaliyah-yasan/Visit onlyshare.io for MORE 50.mp4,746019623,967.341375,1920,1080,h264,aac,6169649,moov-before-mdat,mobile-1080p-quality,2700dfd42f3ad82d9ec5a92554be555b8f8adf3290e9cdd312f493b77208b52c
/mnt/spirit-8tb/media/yes/Comatozze Sensual Encounter in Elegant Stockings Beeg.mp4,755961877,1141.566000,1920,1080,h264,aac,5297718,unknown,mobile-1080p-quality,60992c9ec28e6df4b931b41a27951c9458a8c0ebc361f64926ec04784b74ff47
/mnt/spirit-8tb/media/yes/Comatozze new sex on the first date.mp4,760715142,1861.689690,1280,720,h264,aac,3268923,unknown,mobile-1080p-quality,1976da71e230f5b1a912c4a9f24d42dcbed49346c2cbf0a586ebc69b1a0e8d55
/mnt/spirit-8tb/media/yes/Allinika Girl in Leggings Selects Her Ideal Match Beeg.mp4,778372093,786.134785,1920,1080,h264,aac,7921003,unknown,mobile-1080p-quality,4cbb3033d9b5171635e3af57bee198aadf89a5455d9d0aac59fe87aded36b1ea
/mnt/spirit-8tb/media/yes/models/chloe-lamb/JoinUs @RisqueMega 25.mp4,790227436,1024.648625,1080,1920,h264,aac,6169743,moov-before-mdat,mobile-1080p-quality,df78385250d28b332303dde1656b3336b1d782d41d55f289f33cca0358518689
/mnt/spirit-8tb/media/yes/models/aaliyah-yasan/Visit onlyshare.io for MORE 40.mp4,801621371,1039.580208,1080,1920,h264,aac,6168808,moov-before-mdat,mobile-1080p-quality,04229e7b8d89fb64bb8d8763c9a1532b3382a904f34e829d80943bb082ca865b
/mnt/spirit-8tb/media/yes/My Porn Plugg Neighbor Craves Intense Facial Cumshot Beeg.mp4,890422953,1419.342948,1920,1080,h264,aac,5018789,unknown,mobile-1080p-quality,76d0f42279271a29e6965a710689e3da76f619ac451dbe7e7adab82e630ab590
/mnt/spirit-8tb/media/yes/Eve Cums Twice in Her Tight Ass Ass to Pussy to Ass Beeg.mp4,929041447,1613.266000,1920,1080,h264,aac,4607009,unknown,mobile-1080p-quality,9225eaba22f30aa956ae48bd509cae999dfee63af33f1a85803b3604cc4388ea
/mnt/spirit-8tb/media/yes/Bonnie Blue Sucks And Fucks Her Driver.mp4,1016587629,1869.233349,1280,720,h264,aac,4350821,unknown,mobile-1080p-quality,f5e0f195db7597ebeb5e3e0d7cc314074f7c2d2c99c71a8ee05e883760b87a39
