path,size_bytes,probe_ok,duration,width,height,video_codec,audio_codec,bitrate,faststart_status,existing_optimized_derivative,existing_receipt,optimized_output_path,receipt_path,recommended_profile
/mnt/spirit-8tb/media/yes/.face-review/DR 023.mp4,4096,no,,,,,,,unknown,no,no,,,manual review
/mnt/spirit-8tb/media/yes/.face-review/DR 024.mp4,4096,no,,,,,,,unknown,no,no,,,manual review
/mnt/spirit-8tb/media/yes/.face-review/DR 025.mp4,4096,no,,,,,,,unknown,no,no,,,manual review
/mnt/spirit-8tb/media/yes/.face-review/Devdildo01.mp4,4096,no,,,,,,,unknown,no,no,,,manual review
/mnt/spirit-8tb/media/yes/.face-review/Devdildo02.mp4,4096,no,,,,,,,unknown,no,no,,,manual review
/mnt/spirit-8tb/media/yes/.face-review/Devorah - boobs.mp4,4096,no,,,,,,,unknown,no,no,,,manual review
/mnt/spirit-8tb/media/yes/.face-review/OnlyFans_5 devorah.mp4,4096,no,,,,,,,unknown,no,no,,,manual review
/mnt/spirit-8tb/media/yes/.face-review/OnlyFans_5 devorah2.mp4,4096,no,,,,,,,unknown,no,no,,,manual review
/mnt/spirit-8tb/media/yes/14318872.mp4,564221211,yes,1584.329229,1920,1080,h264,aac,2849009,unknown,no,no,,,mobile-720p-fast
/mnt/spirit-8tb/media/yes/214616.mp4,46387767,yes,767.702031,270,480,h264,aac,483393,moov-before-mdat,no,no,,,skip already optimal
/mnt/spirit-8tb/media/yes/217809.mp4,43059784,yes,641.142031,270,480,h264,aac,537288,moov-before-mdat,no,no,,,skip already optimal
/mnt/spirit-8tb/media/yes/223120.mp4,31776353,yes,578.102031,270,480,h264,aac,439733,moov-before-mdat,no,no,,,skip already optimal
/mnt/spirit-8tb/media/yes/334120.mp4,42033794,yes,598.586015,854,480,h264,aac,561774,moov-before-mdat,no,no,,,skip already optimal
/mnt/spirit-8tb/media/yes/360 1.mp4,42082287,yes,881.160000,640,360,h264,aac,382062,moov-before-mdat,no,no,,,skip already optimal
/mnt/spirit-8tb/media/yes/360 3.mp4,42904316,yes,977.920000,640,360,h264,aac,350984,moov-before-mdat,no,no,,,skip already optimal
/mnt/spirit-8tb/media/yes/360 4.mp4,35128292,yes,672.920000,640,360,h264,aac,417622,moov-before-mdat,no,no,,,skip already optimal
/mnt/spirit-8tb/media/yes/360 5.mp4,25504571,yes,484.984500,640,360,h264,aac,420707,moov-before-mdat,no,no,,,skip already optimal
/mnt/spirit-8tb/media/yes/360.mp4,49354479,yes,728.020000,640,360,h264,aac,542342,moov-before-mdat,no,no,,,skip already optimal
/mnt/spirit-8tb/media/yes/3869.mp4,42913012,yes,614.040000,270,480,h264,aac,559090,moov-before-mdat,no,no,,,skip already optimal
/mnt/spirit-8tb/media/yes/41251.mp4,10778064,yes,226.000000,270,480,h264,aac,381524,moov-before-mdat,no,no,,,skip already optimal
/mnt/spirit-8tb/media/yes/432038_720p.mp4,191049459,yes,952.903417,406,720,h264,aac,1603935,unknown,no,no,,,manual review
/mnt/spirit-8tb/media/yes/484374_720p.mp4,58233262,yes,543.850667,406,720,h264,aac,856606,unknown,no,no,,,manual review
/mnt/spirit-8tb/media/yes/513329_720p.mp4,72459810,yes,252.919333,608,1080,h264,aac,2291950,unknown,no,no,,,manual review
/mnt/spirit-8tb/media/yes/550807_720p.mp4,213995637,yes,888.861224,1280,720,h264,aac,1926020,unknown,no,no,,,manual review
/mnt/spirit-8tb/media/yes/Aaliyah Yasin Has Unprotected Sex With A Stranger.optimized.mp4,519857218,yes,1959.811451,1280,720,h264,aac,2122070,unknown,no,no,,,manual review
/mnt/spirit-8tb/media/yes/Aaliyah Yasin Sucks Dick And Gets Creampied UsualFans.mp4,297393206,yes,1263.274667,1280,720,h264,aac,1883316,unknown,no,no,,,manual review
/mnt/spirit-8tb/media/yes/Aaliyah Yasin Tits Cummed After BJ Onlyfans UsualFans.mp4,116748419,yes,518.634667,1280,720,h264,aac,1800857,unknown,no,no,,,manual review
/mnt/spirit-8tb/media/yes/Alexa Pearl Jerks Off A Guys Cock With Her Juicy Tits.mp4,131828948,yes,514.902449,1280,720,h264,aac,2048216,unknown,no,no,,,manual review
/mnt/spirit-8tb/media/yes/Alexa Pearl Mommys Full Of Milk Onlyfans Leak Video.mp4,38551259,yes,294.244367,608,1080,h264,aac,1048142,unknown,no,no,,,manual review
/mnt/spirit-8tb/media/yes/Allinika Girl in Leggings Selects Her Ideal Match Beeg.mp4,778372093,yes,786.134785,1920,1080,h264,aac,7921003,unknown,no,no,,,mobile-1080p-quality
/mnt/spirit-8tb/media/yes/Allinika the Girl Knows how to Distract from the Game. Beeg.mp4,405979748,yes,707.001179,1920,1080,h264,aac,4593822,unknown,no,no,,,mobile-720p-fast
/mnt/spirit-8tb/media/yes/Allison Parker BBC NEW SEXTAPE ONLYFANS.mp4,198228160,yes,1012.034007,406,720,h264,aac,1566968,unknown,no,no,,,manual review
/mnt/spirit-8tb/media/yes/Amburnee ambernyy Exclusive Leaked Nude OnlyFans 10859483.mp4,2057025,yes,5.317370,608,1080,h264,aac,3094800,moov-after-mdat,no,no,,,remux-faststart-only
/mnt/spirit-8tb/media/yes/Amburnee ambernyy Exclusive Leaked Nude OnlyFans 12558863.mp4,4977619,yes,12.312300,608,1080,h264,aac,3234241,unknown,no,no,,,manual review
/mnt/spirit-8tb/media/yes/Amburnee ambernyy Exclusive Leaked Nude OnlyFans 12726049.mp4,3041588,yes,9.566621,632,1080,h264,aac,2543500,moov-after-mdat,no,no,,,remux-faststart-only
/mnt/spirit-8tb/media/yes/Amburnee.mp4,14808250,yes,91.803991,446,720,h264,aac,1290423,unknown,no,no,,,manual review
/mnt/spirit-8tb/media/yes/Bonnie Blue Sucks And Fucks Her Driver.mp4,1016587629,yes,1869.233349,1280,720,h264,aac,4350821,unknown,no,no,,,mobile-1080p-quality
/mnt/spirit-8tb/media/yes/Brenda Trindade gets a messy facial in POV outdoor action.mp4,29644204,yes,222.983991,402,720,h264,aac,1063545,unknown,no,no,,,manual review
/mnt/spirit-8tb/media/yes/Brenda Trindades Perfect Ass Gets Pounded Hard And Creampied POV.mp4,50332364,yes,525.383991,402,720,h264,aac,766408,unknown,no,no,,,manual review
/mnt/spirit-8tb/media/yes/Candy Love Begs for Mercy - Intense 2 Squirts - Multiple Orgasms.mp4,367868219,yes,636.066000,1920,1080,h264,aac,4626793,unknown,no,no,,,mobile-720p-fast
/mnt/spirit-8tb/media/yes/Candy Love Good Boy Gets Good Head then Good Sex Beeg.mp4,485603930,yes,846.399333,1920,1080,h264,aac,4589832,unknown,no,no,,,mobile-720p-fast
/mnt/spirit-8tb/media/yes/Candy Love Gooner Princess Edging until Cum Bomb Explodes Ahegao.mp4,477003338,yes,838.932667,1920,1080,h264,aac,4548668,unknown,no,no,,,mobile-720p-fast
/mnt/spirit-8tb/media/yes/Candy Love Her Doll-like Body Begs to Be Used Beeg.mp4,483116453,yes,850.599333,1920,1080,h264,aac,4543774,unknown,no,no,,,mobile-720p-fast
/mnt/spirit-8tb/media/yes/Candy Love I Want My Pussy Full of Cum Remove Condom no Birth Co.mp4,410178951,yes,724.799333,1920,1080,h264,aac,4527365,unknown,no,no,,,mobile-720p-fast
/mnt/spirit-8tb/media/yes/Candy Love Nut on Me and then Lets Fuck Beeg(1).mp4,462424722,yes,791.360000,1920,1080,h264,aac,4674734,unknown,no,no,,,mobile-720p-fast
/mnt/spirit-8tb/media/yes/Candy Love Nut on Me and then Lets Fuck Beeg.mp4,914697,yes,3.520000,1920,1080,h264,aac,2078856,moov-after-mdat,no,no,,,remux-faststart-only
/mnt/spirit-8tb/media/yes/Candy Love Passionate Lovemaking before Work. Beeg.mp4,420480368,yes,737.699333,1920,1080,h264,aac,4559910,unknown,no,no,,,mobile-720p-fast
/mnt/spirit-8tb/media/yes/Candy Love Youve Made Me Mad Fuck Me to Apologize Beeg.mp4,358064208,yes,621.399333,1920,1080,h264,aac,4609779,unknown,no,no,,,mobile-720p-fast
/mnt/spirit-8tb/media/yes/Candy Love how to Make Your Bf Cum Twice He Cant Resist My Tits.mp4,724980533,yes,1263.560000,1920,1080,h264,aac,4590082,unknown,no,no,,,mobile-720p-fast
/mnt/spirit-8tb/media/yes/Candy Love ive Oiled Myself Up for Your Cock so now U Gonna Fill.mp4,507640304,yes,869.299333,1920,1080,h264,aac,4671719,unknown,no,no,,,mobile-720p-fast
/mnt/spirit-8tb/media/yes/CeCe Rose Leaked Video Teasing Her Dirty Nude OF Secret.mp4,6811169,yes,137.982993,404,720,h264,aac,394899,unknown,no,no,,,manual review
/mnt/spirit-8tb/media/yes/Cece Rose Practices BJ Skills With A Dildo.mp4,35573585,yes,306.572933,404,720,h264,aac,928290,unknown,no,no,,,manual review
/mnt/spirit-8tb/media/yes/Cecilia Rose 89 Fuck Me Hard Please PPV Video Leaked.mp4,68289856,yes,347.685664,1920,1080,h264,aac,1571301,unknown,no,no,,,mobile-720p-fast
/mnt/spirit-8tb/media/yes/Comatozze Girl Seduces Serviceman in Hotel No Chance Big Ass Tit.mp4,390344532,yes,939.966000,1920,1080,h264,aac,3322201,unknown,no,no,,,mobile-720p-fast
/mnt/spirit-8tb/media/yes/Comatozze Sensual Encounter in Elegant Stockings Beeg.mp4,755961877,yes,1141.566000,1920,1080,h264,aac,5297718,unknown,no,no,,,mobile-1080p-quality
/mnt/spirit-8tb/media/yes/Comatozze new sex on the first date.mp4,760715142,yes,1861.689690,1280,720,h264,aac,3268923,unknown,no,no,,,mobile-1080p-quality
/mnt/spirit-8tb/media/yes/Crazy Hot Canadian Chick Urfavbellabby Banged Deep.mp4,21002722,yes,463.343991,270,480,h264,aac,362628,unknown,no,no,,,manual review
/mnt/spirit-8tb/media/yes/Cutie Alexa Pearl Takes Hot Facial Outside.mp4,92287161,yes,514.932375,404,720,h264,aac,1433775,unknown,no,no,,,manual review
/mnt/spirit-8tb/media/yes/DR 023.mp4.mp4,18329470,yes,22.847458,1080,1920,h264,aac,6418033,unknown,no,no,,,mobile-720p-fast
/mnt/spirit-8tb/media/yes/DR 024.mp4.mp4,11731046,yes,14.213833,1080,1920,h264,aac,6602608,unknown,no,no,,,mobile-720p-fast
/mnt/spirit-8tb/media/yes/DR 025.mp4.mp4,10540790,yes,12.670625,1080,1920,h264,aac,6655261,unknown,no,no,,,mobile-720p-fast
/mnt/spirit-8tb/media/yes/Dana DeArmond Stars in Steamy Tesla Fuck Video.mp4,392903290,yes,1475.205684,1280,720,h264,aac,2130703,unknown,no,no,,,manual review
/mnt/spirit-8tb/media/yes/Dana DeArmonds hot mom is a pro at giving head and fucking like.mp4,153574987,yes,1627.023991,854,480,h264,aac,755120,unknown,no,no,,,manual review
/mnt/spirit-8tb/media/yes/Devdildo01.mp4.mp4,68855801,yes,88.788333,720,1280,h264,aac,6204040,unknown,no,no,,,mobile-720p-fast
/mnt/spirit-8tb/media/yes/Devdildo02.mp4.mp4,57023429,yes,73.189417,720,1280,h264,aac,6232969,unknown,no,no,,,mobile-720p-fast
/mnt/spirit-8tb/media/yes/Devorah - boobs.mp4.mp4,21782635,yes,27.685625,656,1078,h264,aac,6294280,unknown,no,no,,,mobile-720p-fast
/mnt/spirit-8tb/media/yes/Devorah Roloff Car Flashing Full Nude PPV.mp4,104687855,yes,166.235962,1918,994,h264,aac,5038036,unknown,no,no,,,mobile-720p-fast
/mnt/spirit-8tb/media/yes/Devorah Roloff Flaunts And Massages Her Tits Devorah Roloff Only.mp4,29599459,yes,121.503991,406,720,h264,aac,1948871,unknown,no,no,,,manual review
/mnt/spirit-8tb/media/yes/Devorah Roloff Full Nude Tease Dildo Suck Onlyfans Leaked.mp4,23988232,yes,274.103991,406,720,h264,aac,700120,unknown,no,no,,,manual review
/mnt/spirit-8tb/media/yes/Devorah Roloff Gives A Vibrator A Good Sucking Devorah Roloff On.mp4,28786776,yes,117.863991,406,720,h264,aac,1953897,unknown,no,no,,,manual review
/mnt/spirit-8tb/media/yes/Devorah Roloff Grabs Her Boobs In The Mirror Devorah Roloff Only.mp4,12884281,yes,64.543991,406,720,h264,aac,1596961,unknown,no,no,,,manual review
/mnt/spirit-8tb/media/yes/Devorah Roloff Hot Onlyfans Video.mp4,8112909,yes,74.485873,404,720,h264,aac,871350,unknown,no,no,,,manual review
/mnt/spirit-8tb/media/yes/Devorah Roloff Nude Ass Tease PPV OnlyFans Video Leaked.mp4,1340541,yes,22.823991,270,480,h264,aac,469870,moov-after-mdat,no,no,,,remux-faststart-only
/mnt/spirit-8tb/media/yes/Devorah Roloff Nude Leaked OnlyFans Video 1 - Ibradome.mp4,893677,yes,7.965333,500,924,h264,aac,897566,moov-after-mdat,no,no,,,remux-faststart-only
/mnt/spirit-8tb/media/yes/Devorah Roloff Nude Leaked OnlyFans Video 25 - Ibradome.mp4,667873,yes,6.840000,584,1080,hevc,aac,781138,moov-before-mdat,yes,yes,/mnt/spirit-8tb/media/.spiritflix-admin/mobile-optimized/20260621/phase7-candidate-02.mp4,/mnt/spirit-8tb/media/.spiritflix-admin/mobile-optimized/20260621/phase7-candidate-02.json,skip already optimized
/mnt/spirit-8tb/media/yes/Devorah Roloff Nude Leaked OnlyFans Video 28 - Ibradome.mp4,5712621,yes,31.700000,1280,720,h264,aac,1441670,unknown,no,no,,,manual review
/mnt/spirit-8tb/media/yes/Devorah Roloff Nude Leaked OnlyFans Video 344 - Ibradome.mp4,92718800,yes,218.740000,1280,720,hevc,aac,3391013,moov-before-mdat,yes,yes,/mnt/spirit-8tb/media/.spiritflix-admin/mobile-optimized/20260621/phase7-candidate-07.mp4,/mnt/spirit-8tb/media/.spiritflix-admin/mobile-optimized/20260621/phase7-candidate-07.json,skip already optimized
/mnt/spirit-8tb/media/yes/Devorah Roloff Nude Leaked OnlyFans Video 348 - Ibradome.mp4,14137620,yes,60.518792,1280,720,hevc,aac,1868856,moov-before-mdat,yes,yes,/mnt/spirit-8tb/media/.spiritflix-admin/mobile-optimized/20260621/phase7-candidate-05.mp4,/mnt/spirit-8tb/media/.spiritflix-admin/mobile-optimized/20260621/phase7-candidate-05.json,skip already optimized
/mnt/spirit-8tb/media/yes/Devorah Roloff Nude Leaked OnlyFans Video 36 - Ibradome.mp4,3562968,yes,20.103000,608,1080,hevc,aac,1417885,moov-before-mdat,yes,yes,/mnt/spirit-8tb/media/.spiritflix-admin/mobile-optimized/20260621/phase7-candidate-03.mp4,/mnt/spirit-8tb/media/.spiritflix-admin/mobile-optimized/20260621/phase7-candidate-03.json,skip already optimized
/mnt/spirit-8tb/media/yes/Devorah Roloff ONLY FANS Licking Vibrating toy.mp4,6376114,yes,68.183991,406,720,h264,aac,748106,unknown,no,no,,,manual review
/mnt/spirit-8tb/media/yes/Devorah Roloff OnlyFans For Free May-2024 7.mp4,27759013,yes,67.263991,1920,1080,h264,aac,3301500,unknown,no,no,,,mobile-720p-fast
/mnt/spirit-8tb/media/yes/Devorah Roloff Pussy.mp4,15056399,yes,56.355962,1280,720,h264,aac,2137328,unknown,no,no,,,manual review
/mnt/spirit-8tb/media/yes/Devorah Roloff Video 47 Newest Porn Leaks - OnlyFans Leak Video.mp4,15764095,yes,82.988231,1280,720,h264,aac,1519646,unknown,no,no,,,manual review
/mnt/spirit-8tb/media/yes/Devorah Roloff Video 48 Hd Leaked Content May-2025 - OnlyFans Le.mp4,13379896,yes,109.923220,1280,720,h264,aac,973763,unknown,no,no,,,manual review
/mnt/spirit-8tb/media/yes/Devorah Roloff Video 49 Newest Porn Leaks - OnlyFans Leak Video.mp4,14649290,yes,220.891224,332,720,h264,aac,530552,unknown,no,no,,,manual review
/mnt/spirit-8tb/media/yes/Devorah rollof Onlyfans Video.mp4,28702492,yes,61.795962,1080,1920,h264,aac,3715775,unknown,no,no,,,mobile-720p-fast
/mnt/spirit-8tb/media/yes/Devorah rollof dildo 1.mp4,11423233,yes,39.715962,720,1280,h264,aac,2300985,unknown,no,no,,,manual review
/mnt/spirit-8tb/media/yes/Emilla Official Takes Boyfriend Hug dick.mp4,300824609,yes,998.361977,1280,720,h264,aac,2410545,unknown,no,no,,,manual review
/mnt/spirit-8tb/media/yes/Eve Cums Twice in Her Tight Ass Ass to Pussy to Ass Beeg.mp4,929041447,yes,1613.266000,1920,1080,h264,aac,4607009,unknown,no,no,,,mobile-1080p-quality
/mnt/spirit-8tb/media/yes/Eve How Did He Last so Long in This Gorgeous Ass Beeg.mp4,565874174,yes,973.500000,1920,1080,h264,aac,4650224,unknown,no,no,,,mobile-720p-fast
/mnt/spirit-8tb/media/yes/F1nn5ter Suck Big Black Dildo Onlyfans.mp4,74604892,yes,237.061667,720,1080,h264,aac,2517653,unknown,no,no,,,manual review
/mnt/spirit-8tb/media/yes/Hey I M Bee AKA Heyimbee Playing With Herself Soft Mouth Sounds.mp4,32655028,yes,80.022000,720,1280,h264,aac,3264605,unknown,no,no,,,manual review
/mnt/spirit-8tb/media/yes/HeyImBee Big Titty Maid.mp4,13034546,yes,130.103991,406,720,h264,aac,801484,unknown,no,no,,,manual review
/mnt/spirit-8tb/media/yes/HeyImBee Leaked OF Video Teases Her Perfect Curves in Raw Uncut.mp4,87565606,yes,1822.142993,854,480,h264,aac,384451,unknown,no,no,,,manual review
/mnt/spirit-8tb/media/yes/Heyimbee - Busty E-Girl Onlyfans Leaked - Fapdungeon(1).mp4,5166446,yes,45.500000,720,1280,h264,,908386,unknown,yes,yes,/mnt/spirit-8tb/media/.spiritflix-admin/mobile-optimized/20260621/phase7-candidate-04.mp4,/mnt/spirit-8tb/media/.spiritflix-admin/mobile-optimized/20260621/phase7-candidate-04.json,skip already optimized
/mnt/spirit-8tb/media/yes/Heyimbee - Busty E-Girl Onlyfans Leaked - Fapdungeon(2).mp4,14823553,yes,104.667208,1080,1920,h264,aac,1133004,unknown,no,no,,,mobile-720p-fast
/mnt/spirit-8tb/media/yes/Heyimbee - Busty E-Girl Onlyfans Leaked - Fapdungeon.mp4,5393918,yes,16.996292,1080,1920,h264,aac,2538868,unknown,no,no,,,mobile-720p-fast
/mnt/spirit-8tb/media/yes/Heyimbee 49.95 Ppv Floor Cam And Spreading Leak Video.mp4,1935936,yes,33.863991,406,720,h264,aac,457343,moov-after-mdat,no,no,,,remux-faststart-only
/mnt/spirit-8tb/media/yes/Heyimbee Exclusive Leaked Nude OnlyFans 1099433.mp4,685264,yes,4.538500,608,1080,h264,aac,1207912,moov-after-mdat,no,no,,,remux-faststart-only
/mnt/spirit-8tb/media/yes/Heyimbee Exclusive Leaked Nude OnlyFans 1101500.mp4,2361969,yes,8.583208,608,1080,h264,aac,2201478,moov-after-mdat,no,no,,,remux-faststart-only
/mnt/spirit-8tb/media/yes/Heyimbee Exclusive Leaked Nude OnlyFans 699500.mp4,2127786,yes,13.379667,660,1080,h264,aac,1272250,moov-after-mdat,no,no,,,remux-faststart-only
/mnt/spirit-8tb/media/yes/Heyimbee Leaked Video III.mp4,16077794,yes,24.232542,1080,1920,h264,aac,5307835,unknown,no,no,,,mobile-720p-fast
/mnt/spirit-8tb/media/yes/Heyimbee New Videos 3.mp4,18264548,yes,36.494792,1080,1920,h264,aac,4003759,unknown,no,no,,,mobile-720p-fast
/mnt/spirit-8tb/media/yes/Heyimbee Onlyfans Leaked Video Teases a Milky Messy Shower PPV.mp4,2912791,yes,43.862993,406,720,h264,aac,531252,moov-after-mdat,no,no,,,remux-faststart-only
/mnt/spirit-8tb/media/yes/Heyimbee Squeezing Big Boobs With Oil Leaked Onlyfans Video.mp4,62631187,yes,148.376875,1080,1920,h264,aac,3376870,unknown,no,no,,,mobile-720p-fast
/mnt/spirit-8tb/media/yes/Heyimbee Squeezing Juicy Melons Leaked Onlyfans Video.mp4,26668149,yes,56.242875,1080,1920,h264,aac,3793283,unknown,no,no,,,mobile-720p-fast
/mnt/spirit-8tb/media/yes/Heyimbee Tease - EroThots.mp4,5619102,yes,129.323023,270,480,h264,aac,347601,unknown,no,no,,,manual review
/mnt/spirit-8tb/media/yes/Heyimbee Teases in Intense Cowgirl Riding Action Video.mp4,4611679,yes,154.542967,202,360,h264,aac,238726,unknown,no,no,,,manual review
/mnt/spirit-8tb/media/yes/Heyimbee ass from behind butt crack Leaked OF.mp4,4320898,yes,75.187683,402,720,h264,aac,459745,unknown,no,no,,,manual review
/mnt/spirit-8tb/media/yes/Heyimbee pov Dirty Tray On Video Leaked.mp4,6567682,yes,100.457333,860,444,h264,aac,523022,unknown,no,no,,,manual review
/mnt/spirit-8tb/media/yes/Isabelle Eleanores Pleasures A Dick Outdoors.mp4,67730381,yes,490.602667,406,720,h264,aac,1104443,unknown,no,no,,,manual review
/mnt/spirit-8tb/media/yes/Jakara Mitchell Bounces Her Bubble Butt On His Dick.mp4,63601292,yes,718.383991,406,720,h264,aac,708270,unknown,no,no,,,manual review
/mnt/spirit-8tb/media/yes/Katiana Kay Fucks A Cop Video Leaked.mp4,36052594,yes,349.538833,404,720,h264,aac,825146,unknown,no,no,,,manual review
/mnt/spirit-8tb/media/yes/Katiana Kay Needs To Suck A Cock.mp4,38251307,yes,311.356236,404,720,h264,aac,982830,unknown,no,no,,,manual review
/mnt/spirit-8tb/media/yes/Katiana Kay gives a mind-blowing blowjob in POV.mp4,143141437,yes,1408.983991,854,480,h264,aac,812735,unknown,no,no,,,manual review
/mnt/spirit-8tb/media/yes/Latina Allison Parker Deepthroats.mp4,271681190,yes,1619.692708,406,720,h264,aac,1341890,unknown,no,no,,,manual review
/mnt/spirit-8tb/media/yes/Layla - tiktok beauty teen vlog creampie Leaked onlyfans Sextape.mp4,138583175,yes,606.003375,404,720,h264,aac,1829470,unknown,no,no,,,manual review
/mnt/spirit-8tb/media/yes/Lexi Marvel Flaunts Her Ass In Her Panty.mp4,16458426,yes,132.498667,406,720,h264,aac,993726,unknown,no,no,,,manual review
/mnt/spirit-8tb/media/yes/Lexi Marvel Grinds That Juicy Ass In Tight Yoga Pants For This S.mp4,13176884,yes,149.635024,406,720,h264,aac,704481,unknown,no,no,,,manual review
/mnt/spirit-8tb/media/yes/Lexi Marvel Shakes And Teases Her Ass.mp4,34954322,yes,191.634898,406,720,h264,aac,1459204,unknown,no,no,,,manual review
/mnt/spirit-8tb/media/yes/Lexi Marvel Shakes Her Lusty Cake.mp4,8876137,yes,72.681344,394,720,h264,aac,976992,unknown,no,no,,,manual review
/mnt/spirit-8tb/media/yes/Lexi Marvel Teases Her Seductive Curves.mp4,49545270,yes,305.881344,406,720,h264,aac,1295803,unknown,no,no,,,manual review
/mnt/spirit-8tb/media/yes/Lexi Marvel Teasing With Her Big Juicy Ass.mp4,14452547,yes,91.707917,406,720,h264,aac,1260745,unknown,no,no,,,manual review
/mnt/spirit-8tb/media/yes/Lika Busy Got Horny while Walking in the Woods and Asked My Frie.mp4,360978436,yes,625.516333,1920,1080,h264,aac,4616709,unknown,no,no,,,mobile-720p-fast
/mnt/spirit-8tb/media/yes/Lika Busy She Came Back from the Party Without Panties so I Fuck.mp4,580616379,yes,1030.044000,1920,1080,h264,aac,4509449,unknown,no,no,,,mobile-720p-fast
/mnt/spirit-8tb/media/yes/Lika Busy Ways to Ensure Female Pleasure and Orgasm Beeg.mp4,501487032,yes,916.307642,1920,1080,h264,aac,4378328,unknown,no,no,,,mobile-720p-fast
/mnt/spirit-8tb/media/yes/Luke Cooper English Slut Bonnie Blue Loves Big Dick Inside Her B.mp4,396888397,yes,703.732667,1920,1080,h264,aac,4511808,unknown,no,no,,,mobile-720p-fast
/mnt/spirit-8tb/media/yes/My Porn Plugg Neighbor Craves Intense Facial Cumshot Beeg.mp4,890422953,yes,1419.342948,1920,1080,h264,aac,5018789,unknown,no,no,,,mobile-1080p-quality
/mnt/spirit-8tb/media/yes/My Porn Plugg Stepsister Couch Footjob After Work Beeg.mp4,246030533,yes,800.041333,1920,1080,h264,aac,2460178,unknown,no,no,,,mobile-720p-fast
/mnt/spirit-8tb/media/yes/Natalie Roush New Squat Ppv In Tight Thong Onlyfans Leak.mp4,151428309,yes,328.765875,1080,1920,h264,aac,3684769,unknown,no,no,,,mobile-720p-fast
/mnt/spirit-8tb/media/yes/Natalie Roush Nut For Natalie November Ppv Dropping Tight Jeans.mp4,76411371,yes,164.642875,1080,1920,h264,aac,3712829,unknown,no,no,,,mobile-720p-fast
/mnt/spirit-8tb/media/yes/Natalie Roush Sizzling Mesh Bodysuit Booty Tease in Leaked OnlyF.mp4,62418434,yes,144.831708,1080,1920,h264,aac,3447777,unknown,no,no,,,mobile-720p-fast
/mnt/spirit-8tb/media/yes/Natalie Roush Stripteasing With Her Booty Hole Dropping Tight Th.mp4,151645921,yes,270.582875,1080,1920,h264,aac,4483533,unknown,no,no,,,mobile-720p-fast
/mnt/spirit-8tb/media/yes/Natalie Roush Teases Her Thicc Booty Twerking in Leaked Onlyfans.mp4,29729437,yes,70.799708,1080,1920,h264,aac,3359272,unknown,no,no,,,mobile-720p-fast
/mnt/spirit-8tb/media/yes/Natalie Roush Uncensored Lingerie Try On PPV Booty Spread Onlyfa.mp4,480840930,yes,729.874875,1080,1920,h264,aac,5270393,unknown,no,no,,,mobile-720p-fast
/mnt/spirit-8tb/media/yes/Natalie Roush With Hayley Maxfield In White Lingerie Took Nude B.mp4,95344493,yes,148.334875,1080,1920,h264,aac,5142121,unknown,no,no,,,mobile-720p-fast
/mnt/spirit-8tb/media/yes/New Lily Phillips Verbal Spat Erupts Into Hardcore Fucking Video.mp4,245538321,yes,1772.189675,854,480,h264,aac,1108406,unknown,no,no,,,manual review
/mnt/spirit-8tb/media/yes/No+Nut+November+ends+with+a+Massive+Cumshot+-+Huge+Facial!!!+My+Sweet+Apple+[ph6389eddbe4018].mp4,292773483,yes,1414.645638,1280,720,h264,aac,1655671,moov-before-mdat,no,no,,,manual review
/mnt/spirit-8tb/media/yes/NotYourHoneyBB Missionary Sex.mp4,157758752,yes,347.543991,1280,720,h264,aac,3631396,unknown,no,no,,,manual review
/mnt/spirit-8tb/media/yes/Noturhoneybb Teases You with Her Messy Facial Money Shot Video.mp4,202739952,yes,472.285708,1080,1920,h264,aac,3434191,unknown,no,no,,,mobile-720p-fast
/mnt/spirit-8tb/media/yes/OnlyFans_5 devorah.mp4.mp4,158142041,yes,204.570667,1080,1440,h264,aac,6184348,unknown,no,no,,,mobile-720p-fast
/mnt/spirit-8tb/media/yes/OnlyFans_5 devorah2.mp4.mp4,42070874,yes,53.961875,1616,1076,h264,aac,6237125,unknown,no,no,,,mobile-720p-fast
/mnt/spirit-8tb/media/yes/Onlyfans devorah roloff milk tits naked(1).mp4,8421410,yes,10.110544,888,1920,h264,aac,6663467,unknown,no,no,,,mobile-720p-fast
/mnt/spirit-8tb/media/yes/RisqueCore Vid 10.mp4,180777650,yes,44.766667,3840,2160,hevc,aac,32305759,unknown,yes,yes,/mnt/spirit-8tb/media/.spiritflix-admin/mobile-optimized/20260621/phase7-candidate-09.mp4,/mnt/spirit-8tb/media/.spiritflix-admin/mobile-optimized/20260621/phase7-candidate-09.json,skip already optimized
/mnt/spirit-8tb/media/yes/RisqueCore Vid 123.mp4,5716188,yes,6.548200,720,1280,h264,aac,6983522,unknown,no,no,,,mobile-720p-fast
/mnt/spirit-8tb/media/yes/RisqueCore Vid 177.mp4,3425260,yes,3.837167,720,1104,h264,aac,7141226,moov-before-mdat,no,no,,,skip already optimal
/mnt/spirit-8tb/media/yes/RisqueCore Vid 53.mp4,25938254,yes,33.158125,720,1280,h264,aac,6258074,moov-before-mdat,no,no,,,skip already optimal
/mnt/spirit-8tb/media/yes/RisqueCore Vid 73.mp4,12627218,yes,15.724042,624,1080,h264,aac,6424413,moov-before-mdat,no,no,,,skip already optimal
/mnt/spirit-8tb/media/yes/RisqueCore Vid 96.mp4,8848626,yes,10.940000,1080,564,h264,aac,6470658,moov-before-mdat,no,no,,,skip already optimal
/mnt/spirit-8tb/media/yes/Ruth Lee Bowjob In Her Friends Car.mp4,154870038,yes,266.215583,1280,720,h264,aac,4653973,unknown,no,no,,,mobile-720p-fast
/mnt/spirit-8tb/media/yes/Ruth Lee Gets Fucked Wearing Ripped Pants.mp4,582302347,yes,1606.720000,1280,720,h264,aac,2899334,unknown,no,no,,,manual review
/mnt/spirit-8tb/media/yes/Ruth Lee Gives A Hot Jerk Off Instructions.mp4,61058257,yes,432.031600,406,720,h264,aac,1130625,unknown,no,no,,,manual review
/mnt/spirit-8tb/media/yes/Ruth Lee Glazes A Cock During A Sloppy BJ.mp4,86582413,yes,642.773000,406,720,h264,aac,1077611,unknown,no,no,,,manual review
/mnt/spirit-8tb/media/yes/Ruth Lee Makes Ahegao Faces During Sex.mp4,236473657,yes,1436.875349,1280,720,h264,aac,1316599,unknown,no,no,,,manual review
/mnt/spirit-8tb/media/yes/Ruth Lee Makes Her BF Cum Twice.mp4,538715020,yes,1539.136000,1280,720,h264,aac,2800090,unknown,no,no,,,manual review
/mnt/spirit-8tb/media/yes/Ruth Lee Public Adventure Blowjob.mp4,62274889,yes,377.536000,406,720,h264,aac,1319606,unknown,no,no,,,manual review
/mnt/spirit-8tb/media/yes/Ruth Lee Savors Cock In POV.mp4,310659988,yes,1100.065633,1280,720,h264,aac,2259210,unknown,no,no,,,manual review
/mnt/spirit-8tb/media/yes/Ruth Lee Squirts While Getting Pounded.mp4,158090107,yes,945.941000,406,720,h264,aac,1336997,unknown,no,no,,,manual review
/mnt/spirit-8tb/media/yes/Ruth Lee Takes A Cumshot After Blowing A Dick.mp4,47002032,yes,423.067438,406,720,h264,aac,888785,unknown,no,no,,,manual review
/mnt/spirit-8tb/media/yes/Ruth Lee Takes A Facial On Her Glasses.mp4,75829664,yes,471.424000,406,720,h264,aac,1286818,unknown,no,no,,,manual review
/mnt/spirit-8tb/media/yes/Ruth Lee Teases Her Cunt In A Dress.mp4,45791854,yes,498.986667,406,720,h264,aac,734157,unknown,no,no,,,manual review
/mnt/spirit-8tb/media/yes/Ruth Lees ASMR Sloppy Blowjob.mp4,95581470,yes,495.537007,1280,720,h264,aac,1543077,unknown,no,no,,,manual review
/mnt/spirit-8tb/media/yes/Ruth Lees Seductive Jerk Off Instructions.mp4,48482255,yes,361.527833,406,720,h264,aac,1072830,unknown,no,no,,,manual review
/mnt/spirit-8tb/media/yes/Sakurai Rena Strips Plays With Her Wet Asian Pussy Sakurai Rena.mp4,102316223,yes,441.783991,406,720,h264,aac,1852782,unknown,no,no,,,manual review
/mnt/spirit-8tb/media/yes/Sava Schultz Naked Big Ass POV Onlyfans Video.mp4,82586648,yes,61.603208,720,1280,h264,aac,10724980,unknown,no,no,,,mobile-720p-fast
/mnt/spirit-8tb/media/yes/Sava Schultz Squeezy Nude Big Nature Boobs POV Onlyfans Video.mp4,20158974,yes,46.080000,392,720,h264,aac,3499821,unknown,no,no,,,manual review
/mnt/spirit-8tb/media/yes/Sava.schultz Nude Solo Tease OnlyFans Video Leaked.mp4,10632457,yes,131.823991,406,720,h264,aac,645251,unknown,no,no,,,manual review
/mnt/spirit-8tb/media/yes/Sava.schultz Nudes Boobs PPV OnlyFans Video Leaked.mp4,2190746,yes,43.863991,270,480,h264,aac,399552,moov-after-mdat,no,no,,,remux-faststart-only
/mnt/spirit-8tb/media/yes/Sava.schultz Onlyfans Butt Slap Red Tease Video Leaked.mp4,5648061,yes,91.703991,404,720,h264,aac,492721,unknown,no,no,,,manual review
/mnt/spirit-8tb/media/yes/Savaschultz savaschulz savashultz Exclusive Leaked Nude OnlyFans(10).mp4,12116616,yes,70.478375,608,1080,h264,aac,1375357,unknown,no,no,,,manual review
/mnt/spirit-8tb/media/yes/Savaschultz savaschulz savashultz Exclusive Leaked Nude OnlyFans(2).mp4,3445807,yes,20.553500,608,1080,h264,aac,1341204,moov-after-mdat,no,no,,,remux-faststart-only
/mnt/spirit-8tb/media/yes/Savaschultz savaschulz savashultz Exclusive Leaked Nude OnlyFans(3).mp4,2118162,yes,25.574000,404,720,h264,aac,662598,moov-after-mdat,no,no,,,remux-faststart-only
/mnt/spirit-8tb/media/yes/Savaschultz savaschulz savashultz Exclusive Leaked Nude OnlyFans(4).mp4,3363898,yes,23.723333,608,1080,h264,aac,1134376,moov-after-mdat,no,no,,,remux-faststart-only
/mnt/spirit-8tb/media/yes/Savaschultz savaschulz savashultz Exclusive Leaked Nude OnlyFans(5).mp4,5384110,yes,59.274000,404,720,h264,aac,726674,unknown,no,no,,,manual review
/mnt/spirit-8tb/media/yes/Savaschultz savaschulz savashultz Exclusive Leaked Nude OnlyFans(6).mp4,11905581,yes,75.858750,608,1080,h264,aac,1255552,unknown,no,no,,,manual review
/mnt/spirit-8tb/media/yes/Savaschultz savaschulz savashultz Exclusive Leaked Nude OnlyFans(7).mp4,1877523,yes,13.796750,608,1080,h264,aac,1088675,moov-after-mdat,no,no,,,remux-faststart-only
/mnt/spirit-8tb/media/yes/Savaschultz savaschulz savashultz Exclusive Leaked Nude OnlyFans(8).mp4,2384948,yes,8.958583,608,1080,h264,aac,2129754,moov-after-mdat,no,no,,,remux-faststart-only
/mnt/spirit-8tb/media/yes/Savaschultz savaschulz savashultz Exclusive Leaked Nude OnlyFans.mp4,5183220,yes,33.487683,608,1080,h264,aac,1238239,unknown,no,no,,,manual review
/mnt/spirit-8tb/media/yes/Sexy Lily Phillips Picked Up And Creampie In Self Driving Tesla.mp4,400100722,yes,1108.079433,1280,720,h264,aac,2888606,unknown,no,no,,,manual review
/mnt/spirit-8tb/media/yes/Sweet Herry Big Ass Brunette POV Cumshot Compilation Beeg.mp4,559193193,yes,727.736599,1920,1080,h264,aac,6147204,unknown,no,no,,,mobile-720p-fast
/mnt/spirit-8tb/media/yes/TheStartOfUs 3 Juicyyy Cumshots for 18 Yo Uwu Teeny Beeg.mp4,465511033,yes,811.543333,1920,1080,h264,aac,4588896,unknown,no,no,,,mobile-720p-fast
/mnt/spirit-8tb/media/yes/TheStartOfUs Asm-r You Cumming ️ 3 Huge Cumshots Beeg.mp4,95112839,yes,337.962200,1920,1080,h264,aac,2251443,unknown,no,no,,,mobile-720p-fast
/mnt/spirit-8tb/media/yes/TheStartOfUs gamer Girl Fucks around Finds Out he Cums how many.mp4,441718760,yes,770.001833,1920,1080,h264,aac,4589274,unknown,no,no,,,mobile-720p-fast
/mnt/spirit-8tb/media/yes/Tommy Wood Nurse Role-Play with POV Doggy and Cumshot Beeg.mp4,395952633,yes,760.999333,1920,1080,h264,aac,4162449,unknown,no,no,,,mobile-720p-fast
/mnt/spirit-8tb/media/yes/Urfavbellabby Fucked On The Golf Course Video Leaked.mp4,22609952,yes,357.943991,270,480,h264,aac,505329,unknown,no,no,,,manual review
/mnt/spirit-8tb/media/yes/Urfavbellabby Sex in Car Video Leaked.mp4,26840942,yes,404.943991,270,480,h264,aac,530264,unknown,no,no,,,manual review
/mnt/spirit-8tb/media/yes/b072fcb9f821c935f46a4ed67477a041.mp4,414044946,yes,536.527292,1920,1080,h264,aac,6173701,unknown,no,no,,,mobile-720p-fast
/mnt/spirit-8tb/media/yes/b4b6c2d0fc023a2f9bff6ffb4865c66444afe6ffb05a331d1fa29a3f50d181b4.mp4,14761627,yes,13.113100,1080,1920,h264,aac,9005728,unknown,no,no,,,mobile-720p-fast
/mnt/spirit-8tb/media/yes/c60133f91ac7a5f18769c96232cd4d9b03e85cc5ce8e0be365d73cf81d675d6e.mp4,15958995,yes,14.180833,1076,1652,h264,aac,9003135,unknown,no,no,,,mobile-720p-fast
/mnt/spirit-8tb/media/yes/heyimbee bee Nude Leaked Onlyfans Video 12 - Picazor EN.mp4,3003333,yes,11.721016,720,1280,h264,aac,2049878,moov-after-mdat,no,no,,,remux-faststart-only
/mnt/spirit-8tb/media/yes/jvlrc49ddg~7KxkgZMm9j.mp4,67344852,yes,250.833333,1280,720,h264,aac,2147875,moov-before-mdat,no,no,,,skip already optimal
/mnt/spirit-8tb/media/yes/mi-mpyvel2x-929d9042/spiritos-convert-test-375m.mp4,392858929,yes,594.450000,1920,1080,h264,aac,5287024,moov-before-mdat,no,no,,,mobile-720p-fast
/mnt/spirit-8tb/media/yes/models/aaliyah-yasan/540598_720p.mp4,387879135,yes,1059.224833,1280,720,h264,aac,2929532,moov-before-mdat,no,no,,,manual review
/mnt/spirit-8tb/media/yes/models/aaliyah-yasan/HkkzMtwQexuQzwkQMekM.mp4,666688410,yes,2753.410729,1280,720,h264,aac,1937054,unknown,no,no,,,manual review
/mnt/spirit-8tb/media/yes/models/aaliyah-yasan/Naughty Aaliyah Yasin Sucks A Big Cock While Smoking.mp4,344358414,yes,1034.421033,1280,720,h264,aac,2663197,unknown,no,no,,,manual review
/mnt/spirit-8tb/media/yes/models/aaliyah-yasan/Visit onlyshare.io for MORE 130.mp4,91021001,yes,117.450667,1080,1920,h264,aac,6199777,moov-before-mdat,no,no,,,mobile-720p-fast
/mnt/spirit-8tb/media/yes/models/aaliyah-yasan/Visit onlyshare.io for MORE 40.mp4,801621371,yes,1039.580208,1080,1920,h264,aac,6168808,moov-before-mdat,no,no,,,mobile-1080p-quality
/mnt/spirit-8tb/media/yes/models/aaliyah-yasan/Visit onlyshare.io for MORE 50.mp4,746019623,yes,967.341375,1920,1080,h264,aac,6169649,moov-before-mdat,no,no,,,mobile-1080p-quality
/mnt/spirit-8tb/media/yes/models/aaliyah-yasan/Visit onlyshare.io for MORE 62.mp4,666748232,yes,864.363500,1920,1080,h264,aac,6170998,moov-before-mdat,no,no,,,mobile-720p-fast
/mnt/spirit-8tb/media/yes/models/aaliyah-yasan/Visit onlyshare.io for MORE 79.mp4,558447664,yes,723.889833,1920,1080,h264,aac,6171631,moov-before-mdat,no,no,,,mobile-720p-fast
/mnt/spirit-8tb/media/yes/models/aaliyah-yasan/Visit onlyshare.io for MORE 86.mp4,541491435,yes,701.992958,1920,1080,h264,aac,6170904,moov-before-mdat,no,no,,,mobile-720p-fast
/mnt/spirit-8tb/media/yes/models/alannasworldx/256433_720p.mp4,177296903,yes,1241.615375,406,720,h264,aac,1142362,moov-before-mdat,no,no,,,manual review
/mnt/spirit-8tb/media/yes/models/alannasworldx/438588_720p.mp4,64060147,yes,452.284656,404,720,h264,aac,1133094,moov-before-mdat,no,no,,,skip already optimal
/mnt/spirit-8tb/media/yes/models/amburne/141711.mp4,8806111,yes,18.412993,1280,720,h264,aac,3826042,moov-before-mdat,no,no,,,skip already optimal
/mnt/spirit-8tb/media/yes/models/angela-white/556530_720p.mp4,550263227,yes,1561.426167,1280,720,h264,aac,2819285,unknown,no,no,,,manual review
/mnt/spirit-8tb/media/yes/models/azilia-hadid/@boomboomhub TG (39).mp4,271498774,yes,351.601250,1080,1920,h264,aac,6177424,moov-before-mdat,no,no,,,mobile-720p-fast
/mnt/spirit-8tb/media/yes/models/azilia-hadid/@boomboomhub TG (43).mp4,71112035,yes,91.716625,720,1280,h264,aac,6202760,moov-before-mdat,no,no,,,skip already optimal
/mnt/spirit-8tb/media/yes/models/azilia-hadid/@boomboomhub TG (50).mp4,106462298,yes,137.387250,1080,1920,h264,aac,6199253,moov-before-mdat,no,no,,,mobile-720p-fast
/mnt/spirit-8tb/media/yes/models/bearuby/398761_720p.mp4,31661017,yes,314.914600,406,720,h264,aac,804307,moov-before-mdat,no,no,,,skip already optimal
/mnt/spirit-8tb/media/yes/models/bearuby/400317_720p.mp4,47826742,yes,468.801667,406,720,h264,aac,816153,moov-before-mdat,no,no,,,skip already optimal
/mnt/spirit-8tb/media/yes/models/bearuby/442610_720p.mp4,37230842,yes,401.002667,404,720,h264,aac,742755,moov-before-mdat,no,no,,,skip already optimal
/mnt/spirit-8tb/media/yes/models/brenda-trindade/467345_720p.mp4,46669863,yes,344.977967,406,720,h264,aac,1082268,moov-before-mdat,no,no,,,skip already optimal
/mnt/spirit-8tb/media/yes/models/chloe-lamb/442642_720p.mp4,70762008,yes,881.338792,404,720,h264,aac,642313,moov-before-mdat,no,no,,,skip already optimal
/mnt/spirit-8tb/media/yes/models/chloe-lamb/JoinUs @RisqueMega 25.mp4,790227436,yes,1024.648625,1080,1920,h264,aac,6169743,moov-before-mdat,no,no,,,mobile-1080p-quality
/mnt/spirit-8tb/media/yes/models/chloe-lamb/JoinUs @RisqueMega 61.mp4,566805180,yes,734.608875,1920,1080,h264,aac,6172592,moov-before-mdat,no,no,,,mobile-720p-fast
/mnt/spirit-8tb/media/yes/models/chloe-lamb/v 5.mp4,229963559,yes,968.218000,1080,1080,h264,aac,1900097,moov-before-mdat,no,no,,,manual review
/mnt/spirit-8tb/media/yes/models/chloe-lamb/vid_480p.mp4,72734697,yes,544.066757,852,480,h264,aac,1069496,moov-before-mdat,no,no,,,skip already optimal
/mnt/spirit-8tb/media/yes/models/cute-geekie/148460_1080p.mp4,326147372,yes,637.418295,1920,1080,h264,aac,4093354,unknown,no,no,,,mobile-720p-fast
/mnt/spirit-8tb/media/yes/models/cute-geekie/2783 cutelittlepearl leather sextape.mp4,204751564,yes,527.727211,1280,720,h264,aac,3103900,moov-before-mdat,no,no,,,manual review
/mnt/spirit-8tb/media/yes/models/cute-geekie/51591.mp4,272625353,yes,780.446333,1284,720,h264,aac,2794558,unknown,no,no,,,mobile-720p-fast
/mnt/spirit-8tb/media/yes/models/cute-geekie/@MLHUBOF Telegram 🌌🔥 - 537.mp4,76651228,yes,98.681917,1076,1822,h264,aac,6214003,moov-before-mdat,no,no,,,mobile-720p-fast
/mnt/spirit-8tb/media/yes/models/cute-geekie/@MLHUBOF Telegram 🌌🔥 - 558.mp4,58011353,yes,66.453991,1078,1920,h264,aac,6983641,moov-before-mdat,no,no,,,mobile-720p-fast
/mnt/spirit-8tb/media/yes/models/cute-geekie/@MLHUBOF Telegram 🌌🔥 - 793.mp4,189460157,yes,244.786208,1080,1920,h264,aac,6191857,moov-before-mdat,no,no,,,mobile-720p-fast
/mnt/spirit-8tb/media/yes/models/cute-geekie/@MLHUBOF Telegram 🌌🔥 - 870.mp4,10602953,yes,82.749667,404,720,h264,aac,1025063,unknown,no,no,,,manual review
/mnt/spirit-8tb/media/yes/models/cute-geekie/@MLHUBOF Telegram 🌌🔥 - 959.mp4,25866922,yes,139.732667,900,720,h264,aac,1480937,unknown,no,no,,,manual review
/mnt/spirit-8tb/media/yes/models/cute-geekie/Visit onlyshare.io for MORE 05135.mp4,135836622,yes,125.525400,1920,1080,h264,aac,8657156,unknown,no,no,,,mobile-720p-fast
/mnt/spirit-8tb/media/yes/models/cutefru/Visit onlyshare.io for MORE 04419.mp4,118784713,yes,154.320833,1080,1516,h264,aac,6157805,moov-before-mdat,no,no,,,mobile-720p-fast
/mnt/spirit-8tb/media/yes/models/emiliaofficial/Emilia Bunny 2 Cumshots. Feet Ride. the Wettest Pussy Beeg.mp4,449554503,yes,778.843719,1920,1080,h264,aac,4617660,unknown,no,no,,,mobile-720p-fast
/mnt/spirit-8tb/media/yes/models/emiliaofficial/Emilia Bunny A Playful Evening with a Natural Beauty Who Always.mp4,412935039,yes,721.066000,1920,1080,h264,aac,4581384,unknown,no,no,,,mobile-720p-fast
/mnt/spirit-8tb/media/yes/models/emiliaofficial/Emilia Bunny Help Me with the Game and Ill Help You Cum Step Sis.mp4,485845144,yes,857.164626,1920,1080,h264,aac,4534439,unknown,no,no,,,mobile-720p-fast
/mnt/spirit-8tb/media/yes/models/emiliaofficial/Emilia Bunny Horny Girl Takes It Deep Beeg.mp4,444771116,yes,1103.200000,1920,1080,h264,aac,3225316,unknown,no,no,,,mobile-720p-fast
/mnt/spirit-8tb/media/yes/models/emiliaofficial/Emilia Bunny Model Encounter Exceeds Expectations Beeg.mp4,273841390,yes,987.152100,1920,1080,h264,aac,2219243,unknown,no,no,,,mobile-720p-fast
/mnt/spirit-8tb/media/yes/models/emiliaofficial/Emilia Bunny Model in Bodysuit Receives Facial After Passionate.mp4,331790376,yes,1098.263100,1920,1080,h264,aac,2416837,unknown,no,no,,,mobile-720p-fast
/mnt/spirit-8tb/media/yes/models/emiliaofficial/Emilia Bunny POV Woman Rubs Clit Receives Cum on Panties Beeg.mp4,421083282,yes,766.920000,1920,1080,h264,aac,4392461,unknown,no,no,,,mobile-720p-fast
/mnt/spirit-8tb/media/yes/models/emiliaofficial/Emilia Bunny Pov Your Sexy Gf Cant Leave the House until You Mak.mp4,376296960,yes,612.449524,1920,1080,h264,aac,4915304,unknown,no,no,,,mobile-720p-fast
/mnt/spirit-8tb/media/yes/models/emiliaofficial/Emilia Bunny Schoolgirl Plays Hooky and gets Naughty on Camera B.mp4,430433566,yes,966.600272,1920,1080,h264,aac,3562453,unknown,no,no,,,mobile-720p-fast
/mnt/spirit-8tb/media/yes/models/emiliaofficial/Emilia Bunny Sexy Schoolgirl in Pantyhose Helps with Homework Be.mp4,425433333,yes,733.866000,1920,1080,h264,aac,4637722,unknown,no,no,,,mobile-720p-fast
/mnt/spirit-8tb/media/yes/models/emiliaofficial/Emilia Bunny Strict Teachers Private Lesson Beeg.mp4,320237525,yes,968.782948,1920,1080,h264,aac,2644452,unknown,no,no,,,mobile-720p-fast
/mnt/spirit-8tb/media/yes/models/emiliaofficial/Строгая учительница… но после уроков разрешено всё 💦 - EmiliaBunny - Pornhub.com.mp4,134819155,yes,847.458685,1280,720,h264,aac,1272691,unknown,no,no,,,manual review
/mnt/spirit-8tb/media/yes/models/gem-the-jewels/487723_720p.mp4,203563976,yes,1355.067120,406,720,h264,aac,1201794,moov-before-mdat,no,no,,,manual review
/mnt/spirit-8tb/media/yes/models/gem-the-jewels/548555_720p.mp4,240869964,yes,785.159375,1280,720,h264,aac,2454227,moov-before-mdat,no,no,,,manual review
/mnt/spirit-8tb/media/yes/models/haylee-love/71357paid.mp4,104663074,yes,844.440000,1280,720,h264,aac,991550,moov-before-mdat,no,no,,,manual review
/mnt/spirit-8tb/media/yes/models/haylee-love/HxtQnxktezuQzwketwMx.mp4,303208133,yes,998.746444,1280,720,h264,aac,2428709,unknown,no,no,,,manual review
/mnt/spirit-8tb/media/yes/models/izzy-green/Izzy Green Finger And Dildo Fuck Pussy Squirt Everywhere For Her.mp4,84362872,yes,501.338969,470,836,h264,aac,1346200,unknown,no,no,,,manual review
/mnt/spirit-8tb/media/yes/models/izzy-green/Izzy Green New Titty Drop Joi Onlyfans.mp4,93780162,yes,554.901000,472,838,h264,aac,1352027,unknown,no,no,,,manual review
/mnt/spirit-8tb/media/yes/models/izzy-green/Izzy Green Squirt Compilation Leaked Sextape.mp4,353305369,yes,1194.948067,1920,1080,h264,aac,2365327,unknown,no,no,,,mobile-720p-fast
/mnt/spirit-8tb/media/yes/models/izzy-green/Izzy Green Suck Till Mouth Got Filled With Cum Then Bounce On Th.mp4,471984210,yes,1148.607333,1920,1080,h264,aac,3287349,unknown,no,no,,,mobile-720p-fast
/mnt/spirit-8tb/media/yes/models/izzy-green/Join ✨@ofxmega on [TELEGRAM] (218).mp4,54937699,yes,70.445375,1080,1920,h264,aac,6238899,moov-before-mdat,no,no,,,mobile-720p-fast
/mnt/spirit-8tb/media/yes/models/izzy-green/Join ✨@ofxmega on [TELEGRAM] (283).mp4,40967718,yes,52.500000,1232,656,h264,aac,6242699,moov-before-mdat,no,no,,,skip already optimal
/mnt/spirit-8tb/media/yes/models/izzy-green/ScreenRecording_05-20-2026 23-16-39_1.mp4,55524763,yes,29.741202,884,1920,hevc,aac,14935445,unknown,yes,yes,/mnt/spirit-8tb/media/.spiritflix-admin/mobile-optimized/20260621/phase7-candidate-06.mp4,/mnt/spirit-8tb/media/.spiritflix-admin/mobile-optimized/20260621/phase7-candidate-06.json,skip already optimized
/mnt/spirit-8tb/media/yes/models/jakara-mitchell/Fap__01cfdec15d25f9cd19397c0709e49162.mp4,220218023,yes,204.003800,1080,1920,h264,aac,8635840,unknown,no,no,,,mobile-720p-fast
/mnt/spirit-8tb/media/yes/models/jakara-mitchell/Fap__1c31400144c5b4a8cb977202cfb8121c.mp4,46641046,yes,59.934875,720,1280,h264,aac,6225563,moov-before-mdat,no,no,,,skip already optimal
/mnt/spirit-8tb/media/yes/models/jakara-mitchell/Fap__5e5eb028f60361971febc5850e5c000c.mp4,243297199,yes,686.394042,1920,1080,h264,aac,2835656,moov-before-mdat,no,no,,,mobile-720p-fast
/mnt/spirit-8tb/media/yes/models/jakara-mitchell/Jakara Mitchell Glasses Sex Tape Video Leaked - Fapptime.mp4,128927376,yes,1119.566000,404,720,h264,aac,921266,unknown,no,no,,,manual review
/mnt/spirit-8tb/media/yes/models/jakara-mitchell/Jakara Mitchell Sexy Ass Tease and JOI.mp4,50415236,yes,499.285333,400,720,h264,aac,807798,unknown,no,no,,,manual review
/mnt/spirit-8tb/media/yes/models/jakara-mitchell/Karamitch- gym bg.mp4,284334185,yes,1307.523008,406,720,h264,aac,1739681,unknown,no,no,,,manual review
/mnt/spirit-8tb/media/yes/models/jakara-mitchell/v 1.mp4,59520865,yes,490.433984,404,720,h264,aac,970909,moov-before-mdat,no,no,,,skip already optimal
/mnt/spirit-8tb/media/yes/models/jakara-mitchell/v.mp4,94145805,yes,541.541000,606,1080,h264,aac,1390783,moov-before-mdat,no,no,,,manual review
/mnt/spirit-8tb/media/yes/models/jazmen-jafar/107774.mp4,65243975,yes,455.645011,406,720,h264,aac,1145522,moov-before-mdat,no,no,,,skip already optimal
/mnt/spirit-8tb/media/yes/models/jazmen-jafar/449071_720p.mp4,55502532,yes,366.248345,406,720,h264,aac,1212347,moov-before-mdat,no,no,,,skip already optimal
/mnt/spirit-8tb/media/yes/models/jazmen-jafar/484359_720p.mp4,182301289,yes,1113.946167,406,720,h264,aac,1309228,moov-before-mdat,no,no,,,manual review
/mnt/spirit-8tb/media/yes/models/jazmen-jafar/83397.mp4,56948030,yes,307.593991,406,720,h264,aac,1481122,moov-before-mdat,no,no,,,skip already optimal
/mnt/spirit-8tb/media/yes/models/jazmen-jafar/jazmen-jafar-hard-fuck-and-facial.mp4,48789720,yes,595.800000,270,480,h264,aac,655115,moov-before-mdat,no,no,,,skip already optimal
/mnt/spirit-8tb/media/yes/models/jazmen-jafar/✨@ofxmega on [TELEGRAM] (274).mp4,19386091,yes,24.441083,672,1232,h264,aac,6345411,moov-before-mdat,no,no,,,skip already optimal
/mnt/spirit-8tb/media/yes/models/jazmen-jafar/✨@ofxmega on [TELEGRAM] (276).mp4,19142368,yes,24.232542,696,1276,h264,aac,6319557,moov-before-mdat,no,no,,,skip already optimal
/mnt/spirit-8tb/media/yes/models/jazmen-jafar/✨@ofxmega on [TELEGRAM] (278).mp4,17991480,yes,22.772750,634,1020,h264,aac,6320353,moov-before-mdat,no,no,,,skip already optimal
/mnt/spirit-8tb/media/yes/models/jazmen-jafar/✨@ofxmega on [TELEGRAM] (279).mp4,17527128,yes,22.105417,672,1232,h264,aac,6343106,moov-before-mdat,no,no,,,skip already optimal
/mnt/spirit-8tb/media/yes/models/jazmen-jafar/✨@ofxmega on [TELEGRAM] (286).mp4,14668587,yes,18.393375,680,1276,h264,aac,6379943,moov-before-mdat,no,no,,,skip already optimal
/mnt/spirit-8tb/media/yes/models/jazmen-jafar/✨@ofxmega on [TELEGRAM] (288).mp4,14458726,yes,18.101417,694,1232,h264,aac,6390096,moov-before-mdat,no,no,,,skip already optimal
/mnt/spirit-8tb/media/yes/models/jazmen-jafar/✨@ofxmega on [TELEGRAM] (295).mp4,12910306,yes,16.182833,696,1276,h264,aac,6382222,moov-before-mdat,no,no,,,skip already optimal
/mnt/spirit-8tb/media/yes/models/jazmen-jafar/✨@ofxmega on [TELEGRAM] (299).mp4,12394400,yes,15.390375,888,1658,h264,aac,6442676,moov-before-mdat,no,no,,,mobile-720p-fast
/mnt/spirit-8tb/media/yes/models/katianakayfree/278848_720p.mp4,57541657,yes,578.440000,406,720,h264,aac,795818,moov-before-mdat,no,no,,,skip already optimal
/mnt/spirit-8tb/media/yes/models/katievaynes/0c194b909a8200e58550eaff39154d1faaa821f417d6a10ca949c247c50fed94.mp4,26345752,yes,23.923900,1920,1080,h264,aac,8809851,unknown,no,no,,,mobile-720p-fast
/mnt/spirit-8tb/media/yes/models/kinkykttn/444464.mp4,6896728,yes,62.187125,296,480,h264,aac,887222,moov-before-mdat,no,no,,,skip already optimal
/mnt/spirit-8tb/media/yes/models/kinkykttn/444474.mp4,12433684,yes,59.809750,854,480,h264,aac,1663097,moov-before-mdat,no,no,,,skip already optimal
/mnt/spirit-8tb/media/yes/models/kinkykttn/OF4LM.COM is our home__282.mp4,98930019,yes,127.752625,1280,720,h264,aac,6195098,moov-before-mdat,no,no,,,mobile-720p-fast
/mnt/spirit-8tb/media/yes/models/kinkykttn/OF4LM.COM is our home__297.mp4,30120770,yes,38.560000,990,588,h264,aac,6249122,moov-before-mdat,no,no,,,skip already optimal
/mnt/spirit-8tb/media/yes/models/leighbunbun/Visit onlyshare.io FOR MORE (8).mp4,55332943,yes,71.180000,404,720,h264,aac,6218931,moov-before-mdat,no,no,,,skip already optimal
/mnt/spirit-8tb/media/yes/models/lustcnotal/455505_720p.mp4,18644349,yes,130.000000,406,720,h264,aac,1147344,moov-before-mdat,no,no,,,skip already optimal
/mnt/spirit-8tb/media/yes/models/mackzjones/15517_720p.mp4,44634144,yes,242.583333,1280,720,h264,aac,1471960,moov-before-mdat,no,no,,,skip already optimal
/mnt/spirit-8tb/media/yes/models/maditay/207601_720p.mp4,393069701,yes,1045.290000,1280,720,h264,aac,3008311,moov-before-mdat,no,no,,,manual review
/mnt/spirit-8tb/media/yes/models/mulai/99022_720p.mp4,64218137,yes,430.000000,442,720,h264,aac,1194756,moov-before-mdat,no,no,,,skip already optimal
/mnt/spirit-8tb/media/yes/models/pinkychu/176349.mp4,5871579,yes,29.796433,406,720,h264,aac,1576451,moov-before-mdat,no,no,,,skip already optimal
/mnt/spirit-8tb/media/yes/models/ruth-lee/362027_720p.mp4,191957338,yes,435.560125,1280,720,h264,aac,3525710,moov-before-mdat,no,no,,,manual review
/mnt/spirit-8tb/media/yes/models/ruth-lee/ruth-lee-after-gym-blowjob-titty-fuck-cumshot-video-leaked-480p.mp4,45149379,yes,544.600998,270,480,h264,aac,663228,moov-before-mdat,no,no,,,skip already optimal
/mnt/spirit-8tb/media/yes/models/sakhovanski/79568.mp4,35530236,yes,223.264708,406,720,h264,aac,1273116,moov-before-mdat,no,no,,,skip already optimal
/mnt/spirit-8tb/media/yes/models/sava-schultz/(116).mp4,18785382,yes,23.732042,720,1280,h264,aac,6332495,moov-before-mdat,no,no,,,skip already optimal
/mnt/spirit-8tb/media/yes/models/sava-schultz/(19).mp4,39064427,yes,50.175125,720,1062,h264,aac,6228493,moov-before-mdat,no,no,,,skip already optimal
/mnt/spirit-8tb/media/yes/models/sava-schultz/(21).mp4,35337833,yes,45.253542,720,1280,h264,aac,6247083,moov-before-mdat,no,no,,,skip already optimal
/mnt/spirit-8tb/media/yes/models/sava-schultz/(28).mp4,3748688,yes,20.303250,608,1080,h264,aac,1477078,moov-after-mdat,no,no,,,remux-faststart-only
/mnt/spirit-8tb/media/yes/models/sava-schultz/(31).mp4,24613509,yes,31.364667,720,1280,h264,aac,6278022,moov-before-mdat,no,no,,,skip already optimal
/mnt/spirit-8tb/media/yes/models/sava-schultz/169901_1080p.mp4,17627866,yes,94.155917,720,1280,h264,aac,1497759,unknown,no,no,,,manual review
/mnt/spirit-8tb/media/yes/models/sava-schultz/169902_1080p.mp4,9512879,yes,60.372917,720,1280,h264,aac,1260549,unknown,no,no,,,manual review
/mnt/spirit-8tb/media/yes/models/sava-schultz/46783.mp4,12142634,yes,59.851458,394,720,h264,aac,1623036,moov-before-mdat,no,no,,,skip already optimal
/mnt/spirit-8tb/media/yes/models/sava-schultz/6513.mp4,1251429,yes,30.600000,270,480,h264,aac,327170,moov-before-mdat,no,no,,,skip already optimal
/mnt/spirit-8tb/media/yes/models/sava-schultz/Sava Schultz - Videos - leak stars nackt leaks download leaked(1).mp4,3115096,yes,22.126411,720,1280,h264,aac,1126290,moov-after-mdat,no,no,,,remux-faststart-only
/mnt/spirit-8tb/media/yes/models/sava-schultz/Sava Schultz - Videos - leak stars nackt leaks download leaked(2).mp4,3520042,yes,25.087700,720,1280,h264,aac,1122475,moov-after-mdat,no,no,,,remux-faststart-only
/mnt/spirit-8tb/media/yes/models/sava-schultz/Sava Schultz - Videos - leak stars nackt leaks download leaked(3).mp4,570392,yes,4.025322,720,1280,h264,aac,1133607,unknown,no,no,,,manual review
/mnt/spirit-8tb/media/yes/models/sava-schultz/Sava Schultz - Videos - leak stars nackt leaks download leaked(4).mp4,2304942,yes,16.495789,720,1280,h264,aac,1117832,moov-after-mdat,no,no,,,remux-faststart-only
/mnt/spirit-8tb/media/yes/models/sava-schultz/Sava Schultz - Videos - leak stars nackt leaks download leaked(5).mp4,8600693,yes,61.081989,720,1280,h264,aac,1126445,unknown,no,no,,,manual review
/mnt/spirit-8tb/media/yes/models/sava-schultz/Sava Schultz - Videos - leak stars nackt leaks download leaked.mp4,3900484,yes,27.162000,1280,720,h264,aac,1148806,moov-after-mdat,no,no,,,remux-faststart-only
/mnt/spirit-8tb/media/yes/models/sava-schultz/Sava Schultz BDSM doggy fuck so hard.mp4,16830782,yes,60.016667,270,480,h264,aac,2243481,unknown,no,no,,,manual review
/mnt/spirit-8tb/media/yes/models/sava-schultz/Sava Schultz grinding BBC so lewd leak.mp4,9899427,yes,58.100000,254,480,h264,aac,1363088,unknown,no,no,,,manual review
/mnt/spirit-8tb/media/yes/models/sava-schultz/Sava schultz savaschultz 1 nectgbustytiktokteenpussybig boobshot(1).mp4,2855173,yes,32.415057,358,640,h264,aac,704653,moov-after-mdat,no,no,,,remux-faststart-only
/mnt/spirit-8tb/media/yes/models/sava-schultz/Sava-Schultz-2.mp4,34431330,yes,37.037000,720,1280,h264,aac,7437174,moov-before-mdat,no,no,,,skip already optimal
/mnt/spirit-8tb/media/yes/models/sava-schultz/Sava.Schultz - Sava Schultz Onlyfans Leaked Naked Video.mp4,7555115,yes,52.990583,720,1280,h264,aac,1140597,unknown,no,no,,,manual review
/mnt/spirit-8tb/media/yes/models/sava-schultz/Sava.schultz Ass PPV OnlyFans Video Leaked.mp4,6366161,yes,91.143991,406,720,h264,aac,558778,unknown,no,no,,,manual review
/mnt/spirit-8tb/media/yes/models/sava-schultz/Sava.schultz Horny Tease OnlyFans Video Leaked.mp4,7245753,yes,81.063991,406,720,h264,aac,715065,unknown,no,no,,,manual review
/mnt/spirit-8tb/media/yes/models/sava-schultz/Savaschultz savaschulz savashultz Exclusive Leaked Nude OnlyFans(1).mp4,1815120,yes,20.474000,404,720,h264,aac,709239,moov-after-mdat,no,no,,,remux-faststart-only
/mnt/spirit-8tb/media/yes/models/sava-schultz/Savaschultz savaschulz savashultz Exclusive Leaked Nude OnlyFans(11).mp4,3507251,yes,46.080000,392,720,h264,aac,608897,moov-after-mdat,no,no,,,remux-faststart-only
/mnt/spirit-8tb/media/yes/models/sava-schultz/Savaschultz savaschulz savashultz Exclusive Leaked Nude OnlyFans(12).mp4,1759845,yes,14.964583,608,1080,h264,aac,940805,moov-after-mdat,no,no,,,remux-faststart-only
/mnt/spirit-8tb/media/yes/models/sava-schultz/Savaschultz savaschulz savashultz Exclusive Leaked Nude OnlyFans(13).mp4,5677617,yes,18.874000,404,720,h264,aac,2406534,unknown,no,no,,,manual review
/mnt/spirit-8tb/media/yes/models/sava-schultz/Savaschultz savaschulz savashultz Exclusive Leaked Nude OnlyFans(14).mp4,645614,yes,4.766667,720,900,h264,,1083547,moov-after-mdat,yes,yes,/mnt/spirit-8tb/media/.spiritflix-admin/mobile-optimized/20260621/phase7-proof-sava-14.mp4,/mnt/spirit-8tb/media/.spiritflix-admin/mobile-optimized/20260621/phase7-proof-sava-14.json,skip already optimized
/mnt/spirit-8tb/media/yes/models/sava-schultz/Savaschultz savaschulz savashultz Exclusive Leaked Nude OnlyFans(15).mp4,3901376,yes,33.874000,404,720,h264,aac,921385,moov-after-mdat,no,no,,,remux-faststart-only
/mnt/spirit-8tb/media/yes/models/sava-schultz/Savaschultz savaschulz savashultz Exclusive Leaked Nude OnlyFans(16).mp4,1779730,yes,19.994000,404,720,h264,aac,712105,moov-after-mdat,no,no,,,remux-faststart-only
/mnt/spirit-8tb/media/yes/models/sava-schultz/Savaschultz savaschulz savashultz Exclusive Leaked Nude OnlyFans(17).mp4,11072864,yes,38.634000,404,720,h264,aac,2292874,unknown,no,no,,,manual review
/mnt/spirit-8tb/media/yes/models/sava-schultz/Savaschultz savaschulz savashultz Exclusive Leaked Nude OnlyFans(18).mp4,10103177,yes,31.174000,404,720,h264,aac,2592718,unknown,no,no,,,manual review
/mnt/spirit-8tb/media/yes/models/sava-schultz/Savaschultz savaschulz savashultz Exclusive Leaked Nude OnlyFans(19).mp4,3765522,yes,29.270542,608,1080,h264,aac,1029163,moov-after-mdat,no,no,,,remux-faststart-only
/mnt/spirit-8tb/media/yes/models/sava-schultz/Savaschultz savaschulz savashultz Exclusive Leaked Nude OnlyFans(20).mp4,6046255,yes,26.601208,608,1080,h264,aac,1818339,unknown,no,no,,,manual review
/mnt/spirit-8tb/media/yes/models/sava-schultz/Savaschultz savaschulz savashultz Exclusive Leaked Nude OnlyFans(21).mp4,7772604,yes,29.312250,608,1080,h264,aac,2121325,unknown,no,no,,,manual review
/mnt/spirit-8tb/media/yes/models/sava-schultz/Savaschultz savaschulz savashultz Exclusive Leaked Nude OnlyFans(22).mp4,1091491,yes,12.086708,480,848,h264,aac,722440,moov-after-mdat,no,no,,,remux-faststart-only
/mnt/spirit-8tb/media/yes/models/sava-schultz/Savaschultz savaschulz savashultz Exclusive Leaked Nude OnlyFans(23).mp4,1358047,yes,7.999292,608,1080,h264,aac,1358167,moov-after-mdat,no,no,,,remux-faststart-only
/mnt/spirit-8tb/media/yes/models/sava-schultz/Savaschultz savaschulz savashultz Exclusive Leaked Nude OnlyFans(24).mp4,4130405,yes,21.304250,608,1080,h264,aac,1551016,moov-after-mdat,no,no,,,remux-faststart-only
/mnt/spirit-8tb/media/yes/models/sava-schultz/Savaschultz savaschulz savashultz Exclusive Leaked Nude OnlyFans(25).mp4,4331442,yes,11.874000,404,720,h264,aac,2918269,unknown,no,no,,,manual review
/mnt/spirit-8tb/media/yes/models/sava-schultz/Savaschultz savaschulz savashultz Exclusive Leaked Nude OnlyFans(9).mp4,19741765,yes,62.845750,1280,720,h264,aac,2513043,unknown,no,no,,,manual review
/mnt/spirit-8tb/media/yes/models/sava-schultz/watermark_9744_savaschultz_81845478182.mp4,2011005,yes,25.366667,404,720,h264,aac,634219,moov-after-mdat,no,no,,,remux-faststart-only
/mnt/spirit-8tb/media/yes/models/sendnudes/169870_1080p.mp4,191052542,yes,279.048917,1080,1920,h264,aac,5477248,unknown,no,no,,,mobile-720p-fast
/mnt/spirit-8tb/media/yes/models/sendnudesx/PlugLeakz.net - Join Telegram @PlugLeaksHub (198).mp4,185587314,yes,239.781208,1080,1920,h264,aac,6191888,moov-before-mdat,no,no,,,mobile-720p-fast
/mnt/spirit-8tb/media/yes/models/sendnudesx/PlugLeakz.net - Join Telegram @PlugLeaksHub (224).mp4,528198691,yes,684.558875,1080,1920,h264,aac,6172718,moov-before-mdat,no,no,,,mobile-720p-fast
/mnt/spirit-8tb/media/yes/models/sienna-ababi/@DailyLeaksMain_5a6152622c58eb1a882b28ad94a5b92dbafc2eaa155bb35c1ce00b835156eba3.mp4,72994419,yes,93.676917,1080,1920,h264,aac,6233716,moov-before-mdat,no,no,,,mobile-720p-fast
/mnt/spirit-8tb/media/yes/models/sienna-ababi/Visit onlyshare.io for MORE (1).mp4,53797624,yes,69.069000,1920,1080,h264,aac,6231174,moov-before-mdat,no,no,,,mobile-720p-fast
/mnt/spirit-8tb/media/yes/models/sienna-ababi/Visit onlyshare.io for MORE (28).mp4,19218050,yes,24.190833,672,1232,h264,aac,6355481,moov-before-mdat,no,no,,,skip already optimal
/mnt/spirit-8tb/media/yes/models/sienna-ababi/Visit onlyshare.io for MORE (5).mp4,66625614,yes,85.460375,1280,720,h264,aac,6236866,moov-before-mdat,no,no,,,skip already optimal
/mnt/spirit-8tb/media/yes/models/sienna-ababi/Visit onlyshare.io for MORE (7).mp4,13371987,yes,16.307958,1280,720,h264,aac,6559735,moov-before-mdat,no,no,,,skip already optimal
/mnt/spirit-8tb/media/yes/models/strawberrytabby/564677_720p.mp4,70392847,yes,253.878625,608,1080,h264,aac,2218157,unknown,no,no,,,manual review
/mnt/spirit-8tb/media/yes/models/whoahannahjo/43619.mp4,34969369,yes,246.833333,394,720,h264,aac,1133375,moov-before-mdat,no,no,,,skip already optimal
/mnt/spirit-8tb/media/yes/models/whoahannahjo/HkxQxzewMkuQzwkQneee.mp4,38854095,yes,196.399489,1280,720,h264,aac,1582655,unknown,no,no,,,manual review
/mnt/spirit-8tb/media/yes/models/whoahannahjo/n6utt4v0th~oBjJ4OdyPb.mp4,105325223,yes,603.833333,1280,720,h264,aac,1395421,moov-before-mdat,no,no,,,manual review
/mnt/spirit-8tb/media/yes/models/whoahannahjo/v 3.mp4,53625092,yes,295.700000,608,1080,h264,aac,1450797,moov-before-mdat,no,no,,,skip already optimal
/mnt/spirit-8tb/media/yes/models/whoahannahjo/v 4.mp4,226085563,yes,950.116000,1920,1080,h264,aac,1903645,moov-before-mdat,no,no,,,mobile-720p-fast
/mnt/spirit-8tb/media/yes/models/yummy-couple/Ayucpl.mp4,500537437,yes,648.939958,1920,1080,h264,aac,6170523,moov-before-mdat,no,no,,,mobile-720p-fast
/mnt/spirit-8tb/media/yes/models/zoey-uso/2209.mp4,291954475,yes,2452.665938,854,480,h264,aac,952284,unknown,no,no,,,manual review
/mnt/spirit-8tb/media/yes/onlyfans lily phillips jason luv 2024-02-13 interracial ir bbc b.mp4,323707469,yes,1108.427755,720,1280,h264,aac,2336336,unknown,no,no,,,manual review
/mnt/spirit-8tb/media/yes/spiritos-test-video-2.mp4,146843,yes,10.000000,640,360,h264,aac,117474,moov-after-mdat,no,no,,,remux-faststart-only
/mnt/spirit-8tb/media/yes/unknown/0nLf0hfdEcUrDyYt.mp4,5067916,yes,50.300000,284,480,h264,aac,806030,moov-before-mdat,no,no,,,skip already optimal
/mnt/spirit-8tb/media/yes/unknown/107016.mp4,6160688,yes,44.496939,720,404,h264,aac,1107615,moov-before-mdat,no,no,,,skip already optimal
/mnt/spirit-8tb/media/yes/unknown/3888823_hq.mp4,95930069,yes,999.038005,960,720,h264,aac,768179,moov-before-mdat,no,no,,,manual review
/mnt/spirit-8tb/media/yes/unknown/407017_720p.mp4,35608489,yes,280.384000,360,636,h264,aac,1015992,moov-before-mdat,no,no,,,skip already optimal
/mnt/spirit-8tb/media/yes/unknown/97970164000c08f0fef549c141e1af0d5c2b4510c51.mp4,131927171,yes,926.383000,404,720,h264,aac,1139288,moov-before-mdat,no,no,,,manual review
/mnt/spirit-8tb/media/yes/unknown/JoinUs @RisqueMega 184.mp4,433398339,yes,561.686125,1920,1080,h264,aac,6172818,moov-before-mdat,no,no,,,mobile-720p-fast
/mnt/spirit-8tb/media/yes/unknown/JoinUs @RisqueMega 233.mp4,318497028,yes,413.454708,1920,1080,h264,aac,6162648,moov-before-mdat,no,no,,,mobile-720p-fast
/mnt/spirit-8tb/media/yes/unknown/JoinUs @RisqueMega 64.mp4,629115851,yes,815.606458,1920,1080,h264,aac,6170778,moov-before-mdat,no,no,,,mobile-720p-fast
/mnt/spirit-8tb/media/yes/unknown/OF4LM.COM is our home__315.mp4,11518816,yes,14.097417,1280,720,h264,aac,6536695,moov-before-mdat,no,no,,,skip already optimal
/mnt/spirit-8tb/media/yes/unknown/OF4LM.COM is our home__360.mp4,26694757,yes,33.992292,1280,720,h264,aac,6282543,moov-before-mdat,no,no,,,skip already optimal
/mnt/spirit-8tb/media/yes/unknown/OF4LM.COM is our home__377.mp4,76815709,yes,98.807042,1280,720,h264,aac,6219452,moov-before-mdat,no,no,,,skip already optimal
/mnt/spirit-8tb/media/yes/unknown/OF4LM.COM is our home__400.mp4,39434671,yes,50.633917,1184,888,h264,aac,6230554,moov-before-mdat,no,no,,,skip already optimal
/mnt/spirit-8tb/media/yes/unknown/OF4LM.COM is our home__406.mp4,77456929,yes,99.849750,1040,760,h264,aac,6205878,moov-before-mdat,no,no,,,skip already optimal
/mnt/spirit-8tb/media/yes/unknown/ScreenRecording_05-20-2026 23-18-19_1.mp4,114911439,yes,62.385011,884,1920,hevc,aac,14735775,unknown,yes,yes,/mnt/spirit-8tb/media/.spiritflix-admin/mobile-optimized/20260621/phase7-candidate-08.mp4,/mnt/spirit-8tb/media/.spiritflix-admin/mobile-optimized/20260621/phase7-candidate-08.json,skip already optimized
/mnt/spirit-8tb/media/yes/v 2.mp4,396968314,yes,1756.297000,1280,720,h264,aac,1808205,moov-before-mdat,no,no,,,manual review
/mnt/spirit-8tb/media/yes/video-2026-06-19T09-52-32.645Z.mp4,498195263,yes,1580.675193,1280,720,h264,aac,2521430,moov-before-mdat,no,no,,,manual review
/mnt/spirit-8tb/media/yes/video-2026-06-19T10-12-48.740Z.mp4,447868024,yes,1482.794667,1290,720,h264,aac,2416345,moov-before-mdat,no,no,,,mobile-720p-fast
/mnt/spirit-8tb/media/yes/video-2026-06-19T10-42-52.202Z.mp4,288906938,yes,1148.647500,1280,720,h264,aac,2012153,moov-before-mdat,no,no,,,manual review
