path,size_bytes
"/mnt/spirit-8tb/media/yes/spiritos-test-video-2.mp4",146843
"/mnt/spirit-8tb/media/yes/videos from x/Woe - 👀 [2029638832832782337].mp4",184754
"/mnt/spirit-8tb/media/yes/videos from x/Nickii - Bounce balls 🏀 [2025017694571855872].mp4",203995
"/mnt/spirit-8tb/media/yes/videos from x/Rej - صدري حلو ولا،😭،😭،،، [2033263950842769410].mp4",302126
"/mnt/spirit-8tb/media/yes/videos from x/허다연 - 이거.. 나시 너무 자주 입어？ [2033214385280434176].mp4",368548
"/mnt/spirit-8tb/media/yes/videos from x/willow ⛧ - boom surprise post [2056884605358161920].mp4",407536
"/mnt/spirit-8tb/media/yes/videos from x/ROXANNE 🖤 - Chudai 😋💦 a big booty Latina [1872433657073537024].mp4",487647
"/mnt/spirit-8tb/media/yes/videos from x/nat - uhm hey [1901701293019721728].mp4",496748
"/mnt/spirit-8tb/media/yes/videos from x/mommy janie ♡ - i guess after 111k views you deserve part 2 #1 [2032181634393645056].mp4",514725
"/mnt/spirit-8tb/media/yes/videos from x/ᐢ. .ᐢ - clamped up ：P [2049862372257644544].mp4",568589
"/mnt/spirit-8tb/media/yes/models/sava-schultz/Sava Schultz - Videos - leak stars nackt leaks download leaked(3).mp4",570392
"/mnt/spirit-8tb/media/yes/videos from x/Deity Demeter - Findom 🏛️🏺🌾 - your findom angel🪽 [2056460674541502464].mp4",587584
"/mnt/spirit-8tb/media/yes/models/sava-schultz/Savaschultz savaschulz savashultz Exclusive Leaked Nude OnlyFans(14).mp4",645614
"/mnt/spirit-8tb/media/yes/Devorah Roloff Nude Leaked OnlyFans Video 25 - Ibradome.mp4",667873
"/mnt/spirit-8tb/media/yes/videos from x/Liz - https：⧸⧸t.co⧸rMrESFJskC [2039510211774554112].mp4",678605
"/mnt/spirit-8tb/media/yes/Heyimbee Exclusive Leaked Nude OnlyFans 1099433.mp4",685264
"/mnt/spirit-8tb/media/yes/videos from x/Thanatos - ＂Thank you so much for helping me move.＂ ＂Don't worry, ma'am. My mom'... [1507914167164063746].mp4",699268
"/mnt/spirit-8tb/media/yes/videos from x/babybaby - คลิปเต็มในpvacc😾 [2020486244619505664].mp4",768782
"/mnt/spirit-8tb/media/yes/videos from x/madison 🧸 - chudai [2031474552509796352].mp4",774492
"/mnt/spirit-8tb/media/yes/videos from x/emi 🥛 - chudai？ [1992341198627831808].mp4",789156
"/mnt/spirit-8tb/media/yes/videos from x/Throne 🍑 - You need to skip work and consume more fat asses 😵‍💫 How many hours c... [2044796177892130816].mp4",795899
"/mnt/spirit-8tb/media/yes/videos from x/willow ⛧ - big boobies for 23 [2033635572594466816].mp4",802332
"/mnt/spirit-8tb/media/yes/videos from x/luna🌼 - my side profile &gt;&gt;&gt; [2031685963462635520].mp4",870530
"/mnt/spirit-8tb/media/yes/Devorah Roloff Nude Leaked OnlyFans Video 1 - Ibradome.mp4",893677
"/mnt/spirit-8tb/media/yes/videos from x/Late Mood Activated 🌙 - https：⧸⧸t.co⧸AVnIUPFE7v [2030837663679512576].mp4",901548
"/mnt/spirit-8tb/media/yes/videos from x/Strayz♱ - Corinna Kopf didn't realize she was on Twitch and accidentally threw ... [2033314407317372928].mp4",902807
"/mnt/spirit-8tb/media/yes/Candy Love Nut on Me and then Lets Fuck Beeg.mp4",914697
"/mnt/spirit-8tb/media/yes/videos from x/🏳️‍⚧️Candice Blonde🏳️‍⚧️ - This is what u need to do if I wanna use his load as lube 🤭😈 [1743939373001752576].mp4",957241
"/mnt/spirit-8tb/media/yes/videos from x/𝙥𝙞𝙣𝙠𝙞𝙚 💒 - poutmaxxing [2042023101484167169].mp4",1006069
"/mnt/spirit-8tb/media/yes/videos from x/willow ⛧ - messy room ：p [2057657928111308800].mp4",1055278
"/mnt/spirit-8tb/media/yes/videos from x/willow ⛧ - OKAY GOON NIGHT 🧡 [2045393558845153280].mp4",1077621
"/mnt/spirit-8tb/media/yes/videos from x/mommy janie ♡ - note to self： buy bras one size too small [2035422448905281536].mp4",1080928
"/mnt/spirit-8tb/media/yes/models/sava-schultz/Savaschultz savaschulz savashultz Exclusive Leaked Nude OnlyFans(22).mp4",1091491
"/mnt/spirit-8tb/media/yes/videos from x/Goddess sid ˚ʚ♡ɞ˚ - Why is this video on loop？ [2033257964933378048].mp4",1102504
"/mnt/spirit-8tb/media/yes/videos from x/Ema - big enough for you？ [2022415299946184704].mp4",1122750
"/mnt/spirit-8tb/media/yes/videos from x/l u c i ⪩⪨ - rate my arch？ ;p 💜 [2015877193524563968].mp4",1129220
"/mnt/spirit-8tb/media/yes/videos from x/♠.BLKD.♠ - Saying it will make him fuck you even harder. [2040500424541908992].mp4",1207554
"/mnt/spirit-8tb/media/yes/videos from x/⋆꧁𓆩☠︎︎𓆪꧂⋆ - https：⧸⧸t.co⧸dWbb3slc48 [2040500424541908992].mp4",1207554
"/mnt/spirit-8tb/media/yes/videos from x/Liz - date night？ [2036831056851087360].mp4",1223027
"/mnt/spirit-8tb/media/yes/videos from x/Ninel Bordel - Just woke up, what about you？ [2042351761680211968].mp4",1226134
"/mnt/spirit-8tb/media/yes/videos from x/Liz - https：⧸⧸t.co⧸gfIRIntKZ1 [2033893880286830592].mp4",1227166
"/mnt/spirit-8tb/media/yes/models/sava-schultz/6513.mp4",1251429
"/mnt/spirit-8tb/media/yes/videos from x/SightlyGirls - blue eyed redheads are super rare, around 0.17% of the world's popula... [2032838786665603072].mp4",1268566
"/mnt/spirit-8tb/media/yes/videos from x/🍭💋 ✨𝐌𝐀𝐋𝐔𝐊 ✨💋🍭 - وجبتكم المسائية من الكوين ملك .. استمتعوا … 💋🍭💖💞💗💓💘💕❤️❤️‍🔥🔥✨🌈🍭💋 [2039339535197523968].fhls-481.mp4",1268744
"/mnt/spirit-8tb/media/yes/videos from x/wormy ໒꒰ྀི´ ˘ ` ꒱ྀིა - ready to bounce ：p [2027049932105097216].mp4",1280724
"/mnt/spirit-8tb/media/yes/videos from x/Bubblegum Bratty 🍬 - dummy for pwetty gurls？ 🙈🤍 [2032327521258090496].mp4",1311551
"/mnt/spirit-8tb/media/yes/videos from x/Public Lover - Credit @jazmen000 [2035011824379203584].mp4",1332986
"/mnt/spirit-8tb/media/yes/Devorah Roloff Nude Ass Tease PPV OnlyFans Video Leaked.mp4",1340541
"/mnt/spirit-8tb/media/yes/videos from x/Beautiful Females - What's going on here？ [2048033060663484416].mp4",1341161
"/mnt/spirit-8tb/media/yes/videos from x/s c e n e - https：⧸⧸t.co⧸QamEO0zL2v [2042468615601954817].mp4",1341753
"/mnt/spirit-8tb/media/yes/videos from x/Baddies Premiere - https：⧸⧸t.co⧸3Hpnn4QRaP [2040116910696865792].mp4",1342427
"/mnt/spirit-8tb/media/yes/models/sava-schultz/Savaschultz savaschulz savashultz Exclusive Leaked Nude OnlyFans(23).mp4",1358047
"/mnt/spirit-8tb/media/yes/videos from x/۟ - hiiiiiiiiiiii was i missed ：p [2039892035646488576].mp4",1358621
"/mnt/spirit-8tb/media/yes/videos from x/CumLoveQueen🪽 - https：⧸⧸t.co⧸2W4ESabaQb [1970713857396994048].mp4",1359905
"/mnt/spirit-8tb/media/yes/videos from x/baddies life - https：⧸⧸t.co⧸O0bJ4HjxJY [2044852990730006529].mp4",1376262
"/mnt/spirit-8tb/media/yes/videos from x/PinkIvy - 😍🤍 this dress [2044852990730006529].mp4",1376262
"/mnt/spirit-8tb/media/yes/videos from x/AvaAlex No PPV!!❤️ - The royale treatment💦 [1856336834487291905].mp4",1376909
"/mnt/spirit-8tb/media/yes/videos from x/Pearl ✿ - Some side booty appreciation 🤭 [2030058826947272704].mp4",1382356
"/mnt/spirit-8tb/media/yes/videos from x/Amberny ♡ - wataa [2034361682919931904].mp4",1400412
"/mnt/spirit-8tb/media/yes/videos from x/Good Girl Kate 💗 - https：⧸⧸t.co⧸928c9r13WB [2030063169293668352].mp4",1430354
"/mnt/spirit-8tb/media/yes/videos from x/luna ✮⋆˙ - isn’t that crazy？ [2020242425739153408].mp4",1432461
"/mnt/spirit-8tb/media/yes/videos from x/🐙Creature🔞 - Did you that a study from the Hamburg Research Institute in Germany o... [2023458331801911296].mp4",1457988
"/mnt/spirit-8tb/media/yes/videos from x/sarah 🌩 - can i swallow every inch of u next？ 😲 @ChrisLockwoodX [1895175584436645888].mp4",1464417
"/mnt/spirit-8tb/media/yes/videos from x/willow ⛧ - bc im evil &gt;：p [2055203912257257472].mp4",1465889
"/mnt/spirit-8tb/media/yes/videos from x/Arthur Collins - Can I get a kiss 👄💋？ [2031284122010923016].mp4",1524095
"/mnt/spirit-8tb/media/yes/videos from x/mae - bouncey bouncey [2057867649137385472].mp4",1571421
"/mnt/spirit-8tb/media/yes/videos from x/Tilly - Do they still？ 🥺 [2037121531378360322].mp4",1573873
"/mnt/spirit-8tb/media/yes/videos from x/Giuliana Cabrazia - comment if you’d smash no condom [2034749511763968000].mp4",1582603
"/mnt/spirit-8tb/media/yes/models/aaliyah-yasin/Aaliyah Yasin - VID SOLD! Cute girlfriend Aaliyah Yasin gets cum all over her hair 🔥 ... [2037904338698293248].mp4",1603686
"/mnt/spirit-8tb/media/yes/videos from x/Liz - good boy [2039511112660443137].mp4",1611417
"/mnt/spirit-8tb/media/yes/videos from x/Alita The Succubus - The average bwc that “latinas just can’t resist”, turning into a prej... [1935084033693700096].mp4",1613503
"/mnt/spirit-8tb/media/yes/videos from x/mae - you want… mommy to jerk you off ？ [2030532528768266240].mp4",1634212
"/mnt/spirit-8tb/media/yes/videos from x/mommy janie ♡ - i guess after 111k views you deserve part 2 #2 [2031474789249081344].mp4",1688802
"/mnt/spirit-8tb/media/yes/videos from x/Secret Worth Clicking 👀 - https：⧸⧸t.co⧸BdaJjHQLG4 [2030945031868284929].mp4",1690827
"/mnt/spirit-8tb/media/yes/videos from x/Liz - please tell me you paid attention [2029143928461561856].mp4",1694464
"/mnt/spirit-8tb/media/yes/videos from x/zoomer girls 3.0 - insanely healthy [2034027105210560512].mp4",1705664
"/mnt/spirit-8tb/media/yes/videos from x/bbwlover619 - Freaky wholesome woman are the best!! [2041059676780154880].mp4",1718133
"/mnt/spirit-8tb/media/yes/videos from x/Dragon🐉 - Billie Eilish wants some fan service 🥵🥹 #BillieEilish [2022614571496935429].mp4",1733474
"/mnt/spirit-8tb/media/yes/videos from x/goatthroaat🍆🫧 - watch till the end to see how this throat makes him twitch!😈 [1999655488586182658].mp4",1750649
"/mnt/spirit-8tb/media/yes/videos from x/Fan Sophie Rain - Sophie being Sophie 🫶 [2039627977504235520].mp4",1752500
"/mnt/spirit-8tb/media/yes/models/sava-schultz/Savaschultz savaschulz savashultz Exclusive Leaked Nude OnlyFans(12).mp4",1759845
"/mnt/spirit-8tb/media/yes/videos from x/Orval Glover - https：⧸⧸t.co⧸IuSIDtPvCS [2041383266981466112].mp4",1765346
"/mnt/spirit-8tb/media/yes/videos from x/Nickii - Can I twerk and grind before I ride ？😈💦 [2034435258264018944].mp4",1767714
"/mnt/spirit-8tb/media/yes/models/sava-schultz/Savaschultz savaschulz savashultz Exclusive Leaked Nude OnlyFans(16).mp4",1779730
"/mnt/spirit-8tb/media/yes/videos from x/Kream - Can’t hide it… wouldn’t try 😏 #TripleD #SoftBounce #NaturalCurves #B... [2026401738790678530].mp4",1795649
"/mnt/spirit-8tb/media/yes/models/sava-schultz/Savaschultz savaschulz savashultz Exclusive Leaked Nude OnlyFans(1).mp4",1815120
"/mnt/spirit-8tb/media/yes/videos from x/nat - hello ：3 [2034728347595341824].mp4",1825258
"/mnt/spirit-8tb/media/yes/videos from x/luna ✮⋆˙ - what movie would we watch？？ [2032056060698320896].mp4",1827983
"/mnt/spirit-8tb/media/yes/Savaschultz savaschulz savashultz Exclusive Leaked Nude OnlyFans(7).mp4",1877523
"/mnt/spirit-8tb/media/yes/videos from x/Pearl ✿ - All oiled up with a perfect view from below ：) [2032231883480637440].mp4",1883205
"/mnt/spirit-8tb/media/yes/videos from x/Alita The Succubus - Fuck her raw ❌ Fuck her till she cums ❌ Last more than 30 seconds ❌ D... [1933085564737093632].mp4",1891713
"/mnt/spirit-8tb/media/yes/Heyimbee 49.95 Ppv Floor Cam And Spreading Leak Video.mp4",1935936
"/mnt/spirit-8tb/media/yes/videos from x/mia - grab on [2061948874407747584].mp4",1944916
"/mnt/spirit-8tb/media/yes/models/sava-schultz/watermark_9744_savaschultz_81845478182.mp4",2011005
"/mnt/spirit-8tb/media/yes/videos from x/Day 🔥 - Wataa [2039050633970348032].mp4",2027203
"/mnt/spirit-8tb/media/yes/Amburnee ambernyy Exclusive Leaked Nude OnlyFans 10859483.mp4",2057025
"/mnt/spirit-8tb/media/yes/videos from x/LA LISA UPDATES - Liiiiisaaaaa 🥵 [2022715797613813760].mp4",2092202
"/mnt/spirit-8tb/media/yes/Savaschultz savaschulz savashultz Exclusive Leaked Nude OnlyFans(3).mp4",2118162
"/mnt/spirit-8tb/media/yes/videos from x/mae - pillow humping is elite [2051689813661884417].mp4",2119851
"/mnt/spirit-8tb/media/yes/Heyimbee Exclusive Leaked Nude OnlyFans 699500.mp4",2127786
"/mnt/spirit-8tb/media/yes/videos from x/Throne 🍑 - You aren’t going to sleep yet quit lying to yourself 😵‍💫 You are goin... [2034468357747982336].mp4",2167414
"/mnt/spirit-8tb/media/yes/videos from x/luna ✮⋆˙ - just as friends of course ：3 wouldn’t wanna ruin the friendship right？ [2034453560864456704].mp4",2173072
"/mnt/spirit-8tb/media/yes/Sava.schultz Nudes Boobs PPV OnlyFans Video Leaked.mp4",2190746
"/mnt/spirit-8tb/media/yes/videos from x/Subby Gooner - so sensitive even the fabric doesn’t gel to delay 🤭 [2021698359522938880].mp4",2226938
"/mnt/spirit-8tb/media/yes/videos from x/luna☁️ - i didn’t think you would lose that easily [2031960675715858437].mp4",2236131
"/mnt/spirit-8tb/media/yes/videos from x/Sybil A - Chudai [2041807017564602368].mp4",2254307
"/mnt/spirit-8tb/media/yes/videos from x/Cum Bunny - https：⧸⧸t.co⧸VEOBrvMjhi [2005643254641917952].mp4",2278638
"/mnt/spirit-8tb/media/yes/videos from x/Pearl ✿ - My booty is looking extra thick and jiggly here 🤭 [2035371973136535552].mp4",2285830
"/mnt/spirit-8tb/media/yes/models/sava-schultz/Sava Schultz - Videos - leak stars nackt leaks download leaked(4).mp4",2304942
"/mnt/spirit-8tb/media/yes/videos from x/luna ✮⋆˙ - ready for the real thing？ [2022300969976156160].mp4",2307692
"/mnt/spirit-8tb/media/yes/Heyimbee Exclusive Leaked Nude OnlyFans 1101500.mp4",2361969
"/mnt/spirit-8tb/media/yes/Savaschultz savaschulz savashultz Exclusive Leaked Nude OnlyFans(8).mp4",2384948
"/mnt/spirit-8tb/media/yes/models/aaliyah-yasin/Aaliyah Yasin - POP on me habibi💦 [2042493381859778560].mp4",2408103
"/mnt/spirit-8tb/media/yes/videos from x/Liz - https：⧸⧸t.co⧸df1rZ8MyIE [2036831249504034817].mp4",2444081
"/mnt/spirit-8tb/media/yes/videos from x/Woe - okay now say thank you &lt;33 [2028930164365606912].mp4",2447143
"/mnt/spirit-8tb/media/yes/videos from x/Gianna J - RT if you’d let a 44yr old mom polish your wood [2035186368834383877].mp4",2460074
"/mnt/spirit-8tb/media/yes/videos from x/luna ✮⋆˙ - did you make it？？ [2033409917030461440].mp4",2470413
"/mnt/spirit-8tb/media/yes/videos from x/Pearl ✿ - The bouncier, the better [2023415611259326464].mp4",2474265
"/mnt/spirit-8tb/media/yes/videos from x/Clea Gaultier - Hola mi amor [2036440073835843584].mp4",2474660
"/mnt/spirit-8tb/media/yes/videos from x/za - صدري حلو ولا،،،😭،،😭،،،،،، [2033290072963923968].mp4",2495858
"/mnt/spirit-8tb/media/yes/videos from x/👑 ZEUSS 👑 - Şaka gibi kadın tam 78 yaşında….🤔 [2032494007863963651].mp4",2514392
"/mnt/spirit-8tb/media/yes/videos from x/The Best Viral Vids🔥 - Does she need to hydrate herself, or does it bring back fond memories？ [2033578825108365312].mp4",2536895
"/mnt/spirit-8tb/media/yes/videos from x/b i g - https：⧸⧸t.co⧸tidaRxcMZP [1967684556514807808].mp4",2567682
"/mnt/spirit-8tb/media/yes/videos from x/Arthur Collins - comment “yes” and wait 💝 [2030580756104544256].mp4",2668282
"/mnt/spirit-8tb/media/yes/videos from x/PrematureGooner - wataa 💦 [2015007096040001536].mp4",2676183
"/mnt/spirit-8tb/media/yes/videos from x/Pearl ✿ - 🍀🍀🍀 [2034008466264555520].mp4",2757351
"/mnt/spirit-8tb/media/yes/videos from x/naomi! - CHUDAI [2028946632490782720].mp4",2769743
"/mnt/spirit-8tb/media/yes/videos from x/𝔟𝔦𝔫𝔞𝔟𝔞𝔢 - hoping for some morning tributes ：3 [2057726096703926272].mp4",2803024
"/mnt/spirit-8tb/media/yes/videos from x/Wedgie_Addict - Imagine Sophie getting into the wedgie space… 🤤😩 #wedgie #wedgiegirl... [2039341504020561920].mp4",2820905
"/mnt/spirit-8tb/media/yes/videos from x/asianshf - https：⧸⧸t.co⧸gJ7Of8tw4N [2023881836913692672].mp4",2839312
"/mnt/spirit-8tb/media/yes/videos from x/Mai Nguyen - Good morning, empty your wallet for me [2023881836913692672].mp4",2839312
"/mnt/spirit-8tb/media/yes/videos from x/DAY 🕷️ - wataa [1958561787898744832].mp4",2847783
"/mnt/spirit-8tb/media/yes/models/sava-schultz/Sava schultz savaschultz 1 nectgbustytiktokteenpussybig boobshot(1).mp4",2855173
"/mnt/spirit-8tb/media/yes/Heyimbee Onlyfans Leaked Video Teases a Milky Messy Shower PPV.mp4",2912791
"/mnt/spirit-8tb/media/yes/videos from x/Woe - let me do this to you？ [2025725042911215616].mp4",2926029
"/mnt/spirit-8tb/media/yes/videos from x/Cum Vids (18+) - Girls, do you like cum？ [2031748739392495616].mp4",2931381
"/mnt/spirit-8tb/media/yes/videos from x/Jazmen - @zanji_49 Zero! [2026672869103775750].mp4",2959812
"/mnt/spirit-8tb/media/yes/videos from x/I'm Villoni - Chudai 😋 [2022666604371423232].mp4",2995742
"/mnt/spirit-8tb/media/yes/videos from x/DevotedMommy - Mommy will get you a treat [2005297181817716736].mp4",3000407
"/mnt/spirit-8tb/media/yes/heyimbee bee Nude Leaked Onlyfans Video 12 - Picazor EN.mp4",3003333
"/mnt/spirit-8tb/media/yes/videos from x/Jenna - what do you think？ 😜 [2029554579483074560].mp4",3005635
"/mnt/spirit-8tb/media/yes/models/aaliyah-yasin/Aaliyah Yasin - Last day of Ramadan, stay strong king 🌙 [2034640383213268992].mp4",3016888
"/mnt/spirit-8tb/media/yes/Amburnee ambernyy Exclusive Leaked Nude OnlyFans 12726049.mp4",3041588
"/mnt/spirit-8tb/media/yes/videos from x/2 girls, 1 onlyfans 🦋👯‍♀️ - wataa chudai 😳 [2022288955211919360].mp4",3041604
"/mnt/spirit-8tb/media/yes/videos from x/luna ✮⋆˙ - SCROLL CHECKPOINT did u make it ？ [2022663434635218949].mp4",3058152
"/mnt/spirit-8tb/media/yes/videos from x/porn culture - Like a pro [2006073948505554944].mp4",3059396
"/mnt/spirit-8tb/media/yes/videos from x/Gianna J - 44 year old mom shaking my ass like it’s 1999 [2031200324455657472].mp4",3073843
"/mnt/spirit-8tb/media/yes/videos from x/l u c i ⪩⪨ - put your face in it🖤 [2039934732851376129].mp4",3081743
"/mnt/spirit-8tb/media/yes/videos from x/Gianna J - Want to help mommy make a creampie？ 😋 [2034484152230187008].mp4",3084309
"/mnt/spirit-8tb/media/yes/videos from x/DevotedMommy - New voice 🫣😂 [2020527180845887489].mp4",3097734
"/mnt/spirit-8tb/media/yes/videos from x/Petitegoth🖤🥀 NO PPV - That was a mess to clean up hehe [2040573478735384577].mp4",3105831
"/mnt/spirit-8tb/media/yes/models/sava-schultz/Sava Schultz - Videos - leak stars nackt leaks download leaked(1).mp4",3115096
"/mnt/spirit-8tb/media/yes/videos from x/chrone - Goodboy for Izzy 🥰 [2041632493175033856].mp4",3179827
"/mnt/spirit-8tb/media/yes/videos from x/Pearl ✿ - Trying to hypnotize you with my booty! ：) [2031130603274514432].mp4",3182230
"/mnt/spirit-8tb/media/yes/videos from x/luna ✮⋆˙ - are you a shower or a grower？？ [2033736900683735040].mp4",3204072
"/mnt/spirit-8tb/media/yes/videos from x/Woe - 2nd angle btw (p2) [2029307154046337025].mp4",3207257
"/mnt/spirit-8tb/media/yes/videos from x/Ash 🫧 - Might turn some heads in these [2025373633879715840].mp4",3218019
"/mnt/spirit-8tb/media/yes/videos from x/Sera Choi ｜ 최수연 - ＂Good girl＂ ＂Look at me right now＂ ＂Beg for it＂ ＂You're doing such... [2039306509268430850].mp4",3266479
"/mnt/spirit-8tb/media/yes/videos from x/luna☁️ - you deserve better than her [2032585680514428928].mp4",3272654
"/mnt/spirit-8tb/media/yes/videos from x/mia - cny kitchen shenanigans who’s next？？ 😝 [2024147179213144064].mp4",3275631
"/mnt/spirit-8tb/media/yes/videos from x/sexxual - the kind of distraction i need in a relationship 😍 [2028616414395846656].mp4",3285426
"/mnt/spirit-8tb/media/yes/videos from x/baddies life - https：⧸⧸t.co⧸Lc5VKuqCBg [2044779311803117569].mp4",3350578
"/mnt/spirit-8tb/media/yes/videos from x/naomi! - chudai [2035465345050521601].mp4",3362066
"/mnt/spirit-8tb/media/yes/Savaschultz savaschulz savashultz Exclusive Leaked Nude OnlyFans(4).mp4",3363898
"/mnt/spirit-8tb/media/yes/videos from x/luna☁️ - u little shrimpy [2055810778880679936].mp4",3372320
"/mnt/spirit-8tb/media/yes/videos from x/luna ✮⋆˙ - are you gonna listen or are you gonna keep being a bad boy？？ [2032941365554982912].mp4",3381365
"/mnt/spirit-8tb/media/yes/videos from x/Milly Bloom - Watta chudai piperrockele [2037114521911963648].mp4",3422805
"/mnt/spirit-8tb/media/yes/RisqueCore Vid 177.mp4",3425260
"/mnt/spirit-8tb/media/yes/videos from x/༺diosa༻ - wataa [1972408749521252352].mp4",3433148
"/mnt/spirit-8tb/media/yes/Savaschultz savaschulz savashultz Exclusive Leaked Nude OnlyFans(2).mp4",3445807
"/mnt/spirit-8tb/media/yes/models/sava-schultz/Savaschultz savaschulz savashultz Exclusive Leaked Nude OnlyFans(11).mp4",3507251
"/mnt/spirit-8tb/media/yes/models/sava-schultz/Sava Schultz - Videos - leak stars nackt leaks download leaked(2).mp4",3520042
"/mnt/spirit-8tb/media/yes/videos from x/UniqueSora - hiii 🩵 [2030000265403977729].mp4",3559766
"/mnt/spirit-8tb/media/yes/Devorah Roloff Nude Leaked OnlyFans Video 36 - Ibradome.mp4",3562968
"/mnt/spirit-8tb/media/yes/videos from x/Lola! 🤩 No paywalls EVER!✨ - I looooove feeling it grow in my mouth! 🥵 Full video is posted on my ... [2036852264057659393].mp4",3564448
"/mnt/spirit-8tb/media/yes/videos from x/ICE_QUEEN_CO - I love this pants! [2042182902402953218].mp4",3583560
"/mnt/spirit-8tb/media/yes/models/aaliyah-yasin/Aaliyah Yasin - How long would you last？ [2052355450637582343].mp4",3595218
"/mnt/spirit-8tb/media/yes/videos from x/mae - sorry i like talking to u like that [2040659685825761280].mp4",3607205
"/mnt/spirit-8tb/media/yes/videos from x/babybaby - https：⧸⧸t.co⧸GxvApiu1IX [1962398752532312065].mp4",3611189
"/mnt/spirit-8tb/media/yes/videos from x/Rita 🍓 - probably couldn't do this on the bike trail [2037997197460221952].mp4",3630134
"/mnt/spirit-8tb/media/yes/videos from x/✦ CUMSLUT ✦ - https：⧸⧸t.co⧸u6bKR2ov1s [2005704158200975360].mp4",3739688
"/mnt/spirit-8tb/media/yes/videos from x/marz - how many times would u fill them up？ [2056903921625370624].mp4",3742408
"/mnt/spirit-8tb/media/yes/models/sava-schultz/(28).mp4",3748688
"/mnt/spirit-8tb/media/yes/videos from x/l u c i ⪩⪨ - creamy gf 💦 [2037628879548891136].mp4",3749889
"/mnt/spirit-8tb/media/yes/models/sava-schultz/Savaschultz savaschulz savashultz Exclusive Leaked Nude OnlyFans(19).mp4",3765522
"/mnt/spirit-8tb/media/yes/videos from x/2 girls, 1 onlyfans 🦋👯‍♀️ - wataa 💦 [2017220068191666176].mp4",3786394
"/mnt/spirit-8tb/media/yes/videos from x/luna - u down or am i not good enough？？ [2055140081619648512].mp4",3789032
"/mnt/spirit-8tb/media/yes/models/aaliyah-yasin/Aaliyah Yasin - Tastes so good… now I’m craving more. Are you gonna give me what I wa... [2041774903880245248].mp4",3793917
"/mnt/spirit-8tb/media/yes/videos from x/ACE‼️ 🇵🇸 (indefinite hiatus) - ㅤㅤㅤ it's ok! you can be honest 🥰 this is all you could think of while... [2029361664332840960].mp4",3811001
"/mnt/spirit-8tb/media/yes/videos from x/luna☁️ - a few bounces wouldn’t hurt either [2061940100959973376].mp4",3839438
"/mnt/spirit-8tb/media/yes/models/aaliyah-yasin/Aaliyah Yasin - Got my Eid gift 💦 [2059728860405551109].mp4",3845576
"/mnt/spirit-8tb/media/yes/videos from x/Yasmina 💕 - Chudai [2029671358796357632].mp4",3862738
"/mnt/spirit-8tb/media/yes/models/aaliyah-yasin/Aaliyah Yasin - VID SOLD! Girl next door Aaliyah Yasin gets a creampie 🔥 Check it out... [2059056055137468416].mp4",3868024
"/mnt/spirit-8tb/media/yes/videos from x/luna🌸 - volume up ：333 [2064137996828364800].mp4",3879149
"/mnt/spirit-8tb/media/yes/models/aaliyah-yasin/Aaliyah Yasin - VID SOLD! Aaliyah Yasin tries not to swallow her step-brothers cum 🔥 ... [2040901525103386624].mp4",3899657
"/mnt/spirit-8tb/media/yes/models/sava-schultz/Sava Schultz - Videos - leak stars nackt leaks download leaked.mp4",3900484
"/mnt/spirit-8tb/media/yes/models/sava-schultz/Savaschultz savaschulz savashultz Exclusive Leaked Nude OnlyFans(15).mp4",3901376
"/mnt/spirit-8tb/media/yes/videos from x/𝑱𝒆𝒓 ᥫ᭡★ᯓ ｜ 𝘛𝘩𝘦 𝘢𝘪𝘳 - I remember watching this at 8am on a random weekday in 2023 man what ... [1618674971353432065].mp4",3922418
"/mnt/spirit-8tb/media/yes/videos from x/mónica - “what’s the best kiss you’ve seen on a series？” automatically me： [1618674971353432065].mp4",3922418
"/mnt/spirit-8tb/media/yes/videos from x/Katiekatrina - Let’s find out 😈 [2059666485191266304].mp4",3933348
"/mnt/spirit-8tb/media/yes/videos from x/SightlyGirls - Men will still cheat [2032913507075686400].mp4",3936735
"/mnt/spirit-8tb/media/yes/videos from x/Lillian 💛 - Would you cum on my tits？💦😈 [2060430568592900097].mp4",3936816
"/mnt/spirit-8tb/media/yes/videos from x/2 girls, 1 onlyfans 🦋👯‍♀️ - chudai？ [2033161565944606720].mp4",3936920
"/mnt/spirit-8tb/media/yes/videos from x/luna🌸 - may this tweet find all the foot obsessed l＊sers ;p [2058276131103485953].mp4",3993122
"/mnt/spirit-8tb/media/yes/videos from x/Tilly - Magic. [2041685617986433025].mp4",3999892
"/mnt/spirit-8tb/media/yes/models/aaliyah-yasin/Aaliyah Yasin - I’m at the airport, flashing my Pakistani tits 🇵🇰 [1764313794518376449].mp4",4012639
"/mnt/spirit-8tb/media/yes/videos from x/𝗗𝗮𝗿𝗸 𝗯𝗿𝗮𝘇𝘇𝗲𝗿 🌚 - Watta 🍑 [2056229369404600320].mp4",4017268
"/mnt/spirit-8tb/media/yes/videos from x/Katie Vaynes 💋 - Mommy wants you to feel how soft they are…😈 [2024256243733237760].mp4",4019980
"/mnt/spirit-8tb/media/yes/videos from x/madison 🧸 - chudai？ [2013356019896700929].mp4",4084182
"/mnt/spirit-8tb/media/yes/videos from x/Ash baby - kissing the tip [2007724734054817792].mp4",4105899
"/mnt/spirit-8tb/media/yes/videos from x/𝐅𝐞𝐢𝐧 ✞ - Twitch has reached a new all-time low. All it is now is female stream... [2030766231033430016].mp4",4115050
"/mnt/spirit-8tb/media/yes/models/sava-schultz/Savaschultz savaschulz savashultz Exclusive Leaked Nude OnlyFans(24).mp4",4130405
"/mnt/spirit-8tb/media/yes/videos from x/Katiekatrina - Is that what I think it is？ [2044786484792967168].mp4",4177487
"/mnt/spirit-8tb/media/yes/videos from x/goatthroaat🍆🫧 - PSA [2001818795598311424].mp4",4194098
"/mnt/spirit-8tb/media/yes/videos from x/Vittorio Gado - ❤️❤️te gusta [2039363708716281856].mp4",4231690
"/mnt/spirit-8tb/media/yes/models/aaliyah-yasin/Aaliyah Yasin - VID SOLD! Hijabi Aaliyah gets caught by husbands best friend 🔥 Check ... [2050739832662761472].mp4",4243882
"/mnt/spirit-8tb/media/yes/videos from x/mommy janie ♡ - my man’s vasectomy was a success ♡ [2031080761265389568].mp4",4274671
"/mnt/spirit-8tb/media/yes/videos from x/Katiekatrina - Thoroughly disappointed [2054953600930230272].mp4",4285978
"/mnt/spirit-8tb/media/yes/videos from x/He 𓆈 21+ - Really？ 10 seconds was all he could last？! 😅 [2008325864195584001].mp4",4286243
"/mnt/spirit-8tb/media/yes/videos from x/My Prejac Boyfriend - 10 seconds 😆 @dragunballtea [2024818807295062016].mp4",4286261
"/mnt/spirit-8tb/media/yes/Heyimbee ass from behind butt crack Leaked OF.mp4",4320898
"/mnt/spirit-8tb/media/yes/models/sava-schultz/Savaschultz savaschulz savashultz Exclusive Leaked Nude OnlyFans(25).mp4",4331442
"/mnt/spirit-8tb/media/yes/videos from x/ᅠ〝ᅠm𝒊qu͟e͟ll͟aᅠ｡ᅠ - Provocando a reader.... [2048992251570012160].mp4",4380176
"/mnt/spirit-8tb/media/yes/videos from x/willow ⛧ - oral fixation？？ more like willow fixation &gt;ᵥ_ᵥ&lt; [2059173662192754688].mp4",4384078
"/mnt/spirit-8tb/media/yes/videos from x/2 girls, 1 onlyfans 🦋👯‍♀️ - wataa chudai 😳 [2000542071225307136].mp4",4402666
"/mnt/spirit-8tb/media/yes/videos from x/bunny ૮꒰ ˶• ༝ •˶꒱ა ♡ - Vids from your pervy girlfriend &gt;_&lt; 🍭🩷 [1979367287967645696].mp4",4423188
"/mnt/spirit-8tb/media/yes/videos from x/luna ✮⋆˙ - i never learn… [2036247075571245058].mp4",4441724
"/mnt/spirit-8tb/media/yes/videos from x/whatever - 34 + 66 FAIL？! MATH FAIL？! Whatever Podcast with Brian Atlas Dating T... [2033213921247584256].mp4",4478850
"/mnt/spirit-8tb/media/yes/videos from x/luna🍥 - hope this finds all the foot obsessed l＊sers &lt;3 [2065273348649517056].mp4",4505040
"/mnt/spirit-8tb/media/yes/videos from x/Woe - @mooncastic @grok ain't this enough？ [2029686749283119104].mp4",4519384
"/mnt/spirit-8tb/media/yes/videos from x/Tilly - In this heat it's the first thing I do when I get home [2059709510516674560].mp4",4531128
"/mnt/spirit-8tb/media/yes/videos from x/luna🌸 - staring contest!! did u lose？ c; [2055055149693915136].mp4",4592818
"/mnt/spirit-8tb/media/yes/models/aaliyah-yasin/Aaliyah Yasin - Wataa [2033661404503257088].mp4",4595474
"/mnt/spirit-8tb/media/yes/Heyimbee Teases in Intense Cowgirl Riding Action Video.mp4",4611679
"/mnt/spirit-8tb/media/yes/videos from x/Rita 🍓 - such a great pair [2028224068877701120].mp4",4620347
"/mnt/spirit-8tb/media/yes/videos from x/Toni-milkies 🌺 - wataa [2049354709673390080].mp4",4630014
"/mnt/spirit-8tb/media/yes/videos from x/𝕄𝕚𝕤𝕤 𝕍 ♡ {𝕓𝕒𝕔𝕜𝕦𝕡} - The way this shirt hugs them in just the right way 🫠 [2054585102005362689].mp4",4641865
"/mnt/spirit-8tb/media/yes/videos from x/willow ⛧ - stroke it to me ⋆˚꩜｡ [2055848531613630465].mp4",4652176
"/mnt/spirit-8tb/media/yes/videos from x/Sweet Muffins ! - Wataa 🥰 [2058956701068390401].mp4",4657832
"/mnt/spirit-8tb/media/yes/videos from x/⋆ Blowjob Queen ⋆ - https：⧸⧸t.co⧸OFxnEr8wOj [2005787314488811521].mp4",4716601
"/mnt/spirit-8tb/media/yes/videos from x/luna☁️ - idek if anyone will even watch until the end and say it tho ：⧸ [2032899819992395777].mp4",4749897
"/mnt/spirit-8tb/media/yes/videos from x/Mens_Corner__ - Some ladies are better at opening Champaign bottles than others [2025316580049989633].mp4",4761674
"/mnt/spirit-8tb/media/yes/videos from x/T!ts - 🔗 - @jazmen000 sext with your AI Girlfriend 👇 [2019196553978597376].mp4",4852639
"/mnt/spirit-8tb/media/yes/videos from x/Quickie Couple - 🍑💦💕 [2017424557066350592].mp4",4892250
"/mnt/spirit-8tb/media/yes/videos from x/Ash baby - need it badly [2014512183095525377].mp4",4892765
"/mnt/spirit-8tb/media/yes/videos from x/luna🌸 - more red light green lightttt ：3 [2065182071413260288].mp4",4936126
"/mnt/spirit-8tb/media/yes/Amburnee ambernyy Exclusive Leaked Nude OnlyFans 12558863.mp4",4977619
"/mnt/spirit-8tb/media/yes/videos from x/Zach 🤍 - Omg omg omg omg omg 🥵 Like I need to tell someone about thissss 🫠 Th... [2033890538248933383].mp4",4979378
"/mnt/spirit-8tb/media/yes/videos from x/Olivia Jaymes RN - Just checking you're LE pressures...don't mind me. [2029629717851070464].mp4",4985621
"/mnt/spirit-8tb/media/yes/videos from x/April - I hope my manager doesn’t see this 😭 [2049202964225781760].mp4",5066070
"/mnt/spirit-8tb/media/yes/unknown/0nLf0hfdEcUrDyYt.mp4",5067916
"/mnt/spirit-8tb/media/yes/videos from x/LilyKoti 🙀 - Can I just touch it a little bit？ 🥺 [2008232699811565568].mp4",5078945
"/mnt/spirit-8tb/media/yes/videos from x/C A L A M I T Y ! - AGREED 😻 [2028388969843437568].mp4",5135406
"/mnt/spirit-8tb/media/yes/Heyimbee - Busty E-Girl Onlyfans Leaked - Fapdungeon(1).mp4",5166446
"/mnt/spirit-8tb/media/yes/videos from x/GOJO ࣪ ☾ - this is how you handle that shy girl [1917549174498775041].mp4",5167584
"/mnt/spirit-8tb/media/yes/Savaschultz savaschulz savashultz Exclusive Leaked Nude OnlyFans.mp4",5183220
"/mnt/spirit-8tb/media/yes/videos from x/Quickie Couple - Chudai 💦 [2053907340299034624].mp4",5188373
"/mnt/spirit-8tb/media/yes/videos from x/luna☁️ - lmk cuz im super curious !! [2046039512325959680].mp4",5268549
"/mnt/spirit-8tb/media/yes/models/aaliyah-yasin/Aaliyah Yasin - Jumma Mubarak [2032450812685762561].mp4",5278826
"/mnt/spirit-8tb/media/yes/videos from x/Rita 🍓 - itty bitty tiny skirt [2029320130153586688].mp4",5334921
"/mnt/spirit-8tb/media/yes/videos from x/DevotedMommy - Hey there ❤️ [2022011223223468032].mp4",5373136
"/mnt/spirit-8tb/media/yes/Savaschultz savaschulz savashultz Exclusive Leaked Nude OnlyFans(5).mp4",5384110
"/mnt/spirit-8tb/media/yes/videos from x/LilyKoti 🙀 - This is how much I need a good rest this weekend 🫦 [2008197600260866048].mp4",5393647
"/mnt/spirit-8tb/media/yes/Heyimbee - Busty E-Girl Onlyfans Leaked - Fapdungeon.mp4",5393918
"/mnt/spirit-8tb/media/yes/videos from x/Nicholas Ferres - I just can't say no to her 🤷🏼‍♂️ @sauceylover101 [2029646193190469633].mp4",5396091
"/mnt/spirit-8tb/media/yes/videos from x/Jazmen Jafar - Taking off my sweater surprises people sometimes [2054262515828199424].mp4",5420738
"/mnt/spirit-8tb/media/yes/videos from x/Golden baddies - When the kitchen shift is long, but the vibe is strong. [2057779773401681920].mp4",5439346
"/mnt/spirit-8tb/media/yes/videos from x/⛧ BJ Addict ⛧ - https：⧸⧸t.co⧸mr6PszwyB9 [2004183612753670145].mp4",5468132
"/mnt/spirit-8tb/media/yes/videos from x/Ash baby - wataa？ ：3 [2003011545383780352].mp4",5498921
"/mnt/spirit-8tb/media/yes/videos from x/luna ✮⋆˙ - idk if anyone will even watch til the end and say it tho ：⧸ [2032275601487511557].mp4",5510213
"/mnt/spirit-8tb/media/yes/videos from x/luna ✮⋆˙ - up for the challenge？？ [2060220625525121024].mp4",5552166
"/mnt/spirit-8tb/media/yes/videos from x/Nuuu - I promise this video is worth watching [2054034163242500096].mp4",5572935
"/mnt/spirit-8tb/media/yes/videos from x/LilyKoti 🙀 - The work meeting of my dreams 😹 [2008230499202760704].mp4",5607459
"/mnt/spirit-8tb/media/yes/videos from x/sloppiananyc - Fuck my throat as you call me the 🐐🌊 [1800597792080920576].mp4",5615264
"/mnt/spirit-8tb/media/yes/Heyimbee Tease - EroThots.mp4",5619102
"/mnt/spirit-8tb/media/yes/Sava.schultz Onlyfans Butt Slap Red Tease Video Leaked.mp4",5648061
"/mnt/spirit-8tb/media/yes/models/sava-schultz/Savaschultz savaschulz savashultz Exclusive Leaked Nude OnlyFans(13).mp4",5677617
"/mnt/spirit-8tb/media/yes/Devorah Roloff Nude Leaked OnlyFans Video 28 - Ibradome.mp4",5712621
"/mnt/spirit-8tb/media/yes/RisqueCore Vid 123.mp4",5716188
"/mnt/spirit-8tb/media/yes/videos from x/Jacq - I’ll talk you through it [2029739509060096000].mp4",5783198
"/mnt/spirit-8tb/media/yes/videos from x/madison 🧸 - wataa [2042329652891451392].mp4",5787580
"/mnt/spirit-8tb/media/yes/models/pinkychu/176349.mp4",5871579
"/mnt/spirit-8tb/media/yes/videos from x/Valorie 💕 (Face on OF) - are my boobs busty enough for you？ 😈 [2031709050430447616].mp4",5890938
"/mnt/spirit-8tb/media/yes/videos from x/Katiekatrina - Eye contact letssss gooooo [2058908981683531776].mp4",5971039
"/mnt/spirit-8tb/media/yes/videos from x/mia - the things I’m willing to do to get that A+ without getting pregg0s 🥺💗 [2028143916118343680].mp4",6014756
"/mnt/spirit-8tb/media/yes/models/sava-schultz/Savaschultz savaschulz savashultz Exclusive Leaked Nude OnlyFans(20).mp4",6046255
"/mnt/spirit-8tb/media/yes/videos from x/Katie Vaynes 💋 - Is it a turn off to be this dirty？ I need to know for science! [2026064732944236544].mp4",6103590
"/mnt/spirit-8tb/media/yes/videos from x/Punannie HQ - Kick streamer shows off her ARCH on stream [2048890184134246400].mp4",6109070
"/mnt/spirit-8tb/media/yes/videos from x/Katiekatrina - Can I have some attention pls？ [2032144309185888256].mp4",6120335
"/mnt/spirit-8tb/media/yes/unknown/107016.mp4",6160688
"/mnt/spirit-8tb/media/yes/videos from x/willow ⛧ - made for tittyfucking ᥫ᭡ [2055179522849345536].mp4",6179742
"/mnt/spirit-8tb/media/yes/videos from x/Rita 🍓 - nothing underneath.... [2053209531467890691].mp4",6260082
"/mnt/spirit-8tb/media/yes/videos from x/Sultana 👸🏼 - مساء الخير 😴 ارسلولي تمسيات حلوة 🩶 [2061523729440473088].mp4",6306195
"/mnt/spirit-8tb/media/yes/videos from x/l u c i ⪩⪨ - can I sit here？ ;p💕 [2028930018454192128].mp4",6327833
"/mnt/spirit-8tb/media/yes/videos from x/Deity Demeter - Findom 🏛️🏺🌾 - I know all of your weaknesses 🌼 [2011187534727204864].mp4",6360443
"/mnt/spirit-8tb/media/yes/models/sava-schultz/Sava.schultz Ass PPV OnlyFans Video Leaked.mp4",6366161
"/mnt/spirit-8tb/media/yes/videos from x/My Prejac Boyfriend - Cumming first didn’t help him fuck me longer 😅 [1944567124287987712].mp4",6373671
"/mnt/spirit-8tb/media/yes/Devorah Roloff ONLY FANS Licking Vibrating toy.mp4",6376114
"/mnt/spirit-8tb/media/yes/videos from x/luna🍥 - have you been a good boy？ 🐕‍🦺 [2056911960264806400].mp4",6397563
"/mnt/spirit-8tb/media/yes/videos from x/2 girls, 1 onlyfans 🦋👯‍♀️ - wataa 😳 [2021560965964480514].mp4",6508775
"/mnt/spirit-8tb/media/yes/videos from x/Rachel - https：⧸⧸t.co⧸QU8nLZcj0v [2021560965964480514].mp4",6508775
"/mnt/spirit-8tb/media/yes/videos from x/Cum Bunny - https：⧸⧸t.co⧸8Cp0rPV2qb [2004785411218968576].mp4",6516138
"/mnt/spirit-8tb/media/yes/videos from x/Alita The Succubus - Over before it even started, a second in her mouth is all it took and... [1924826673779810304].mp4",6545505
"/mnt/spirit-8tb/media/yes/videos from x/taeomi - if u goon 4 me ily ต( ິᵒ̴̶̷̤ ﻌ ᵒ̴̶̷̤ )ິ [1937593112177610752].mp4",6561800
"/mnt/spirit-8tb/media/yes/Heyimbee pov Dirty Tray On Video Leaked.mp4",6567682
"/mnt/spirit-8tb/media/yes/videos from x/luna ✮⋆˙ - PSA to the ones that need to hear this [2055810161802121216].mp4",6609089
"/mnt/spirit-8tb/media/yes/videos from x/Hannah Wilson - https：⧸⧸t.co⧸64tn8CXISM [2065812366424748032].mp4",6659702
"/mnt/spirit-8tb/media/yes/videos from x/Silvia 💞 - Wataa [2054851829427515392].mp4",6675586
"/mnt/spirit-8tb/media/yes/videos from x/sarah 🌩 - Riding from the back so u can see my cream drip down your shaft! ☺️ ... [2041924096011771904].mp4",6775962
"/mnt/spirit-8tb/media/yes/CeCe Rose Leaked Video Teasing Her Dirty Nude OF Secret.mp4",6811169
"/mnt/spirit-8tb/media/yes/videos from x/ᐢ. .ᐢ - proof my boobs are real !!! [2045871750249127936].mp4",6846666
"/mnt/spirit-8tb/media/yes/models/kinkykttn/444464.mp4",6896728
"/mnt/spirit-8tb/media/yes/videos from x/throatmoods - Wataa 💦 @dragunballtea @myprejacbf [2054674614027014144].mp4",7012348
"/mnt/spirit-8tb/media/yes/videos from x/luna☁️ - don’t you hate it when this happens [2035515913085358080].mp4",7012421
"/mnt/spirit-8tb/media/yes/videos from x/luna🌼 - i know what this does to u (：&lt; [2063067848008675328].mp4",7068705
"/mnt/spirit-8tb/media/yes/videos from x/Deity Demeter - Findom 🏛️🏺🌾 - demeter’s ass is so hypnotizing 😵‍💫🩵🍥 [2053341702321295360].mp4",7114438
"/mnt/spirit-8tb/media/yes/videos from x/ʙᴏᴏʙᴢ ᴘᴇʀꜰᴇᴄᴛ - TITTY DROP 💧 [2003262409939816448].mp4",7154204
"/mnt/spirit-8tb/media/yes/videos from x/mae - ＊grinds on you＊ poggers [2054192015580299264].mp4",7208648
"/mnt/spirit-8tb/media/yes/models/sava-schultz/Sava.schultz Horny Tease OnlyFans Video Leaked.mp4",7245753
"/mnt/spirit-8tb/media/yes/videos from x/luna☁️ - POV： i lock you in my basement to play games [2061277402811305984].mp4",7260600
"/mnt/spirit-8tb/media/yes/videos from x/♠️Half Time♥️ - 👊🏼Slowly👄💧 [2040486959072833536].mp4",7302205
"/mnt/spirit-8tb/media/yes/videos from x/Leo Groyper Lt. - I can’t believe the woman on the left is gonna save us from Israel! W... [2055850254461706240].mp4",7306583
"/mnt/spirit-8tb/media/yes/videos from x/𝓣𝓱𝓮 𝓟𝓾𝓫𝓵𝓲𝓬 𝓟𝓮𝓪𝓬𝓱 🍑 - For all the critics telling me to keep going when I get caught…this o... [1998747029745422336].mp4",7310890
"/mnt/spirit-8tb/media/yes/videos from x/Ash baby - chudai [1999323786269851648].mp4",7478763
"/mnt/spirit-8tb/media/yes/models/sava-schultz/Sava.Schultz - Sava Schultz Onlyfans Leaked Naked Video.mp4",7555115
"/mnt/spirit-8tb/media/yes/videos from x/I Love Cumwalks (250k) 🔞 - 🏆 My Cumwalk of the Year 2025!! 🏆 A first-time cumwalk for @HotwifeE... [2006877859705434112].mp4",7562528
"/mnt/spirit-8tb/media/yes/videos from x/nyx 🤍 - wanna help out [2053256155070078979].mp4",7595068
"/mnt/spirit-8tb/media/yes/models/sava-schultz/Savaschultz savaschulz savashultz Exclusive Leaked Nude OnlyFans(21).mp4",7772604
"/mnt/spirit-8tb/media/yes/videos from x/UniqueSora - did you win？ 🤭 [2035772041534771200].mp4",7823592
"/mnt/spirit-8tb/media/yes/videos from x/Quilly Media - I wonder how disappointed her father is when he sees a clip of his da... [2031044033494081536].mp4",7956256
"/mnt/spirit-8tb/media/yes/videos from x/luna☁️ - i hate getting interrupted 😡 can you keep the pace with me tho？ [2034715674929766400].mp4",7957349
"/mnt/spirit-8tb/media/yes/videos from x/Sweet Muffins ! - Chudai 🥰 [2020924744720121856].mp4",8051624
"/mnt/spirit-8tb/media/yes/Devorah Roloff Hot Onlyfans Video.mp4",8112909
"/mnt/spirit-8tb/media/yes/videos from x/luna🌸 - will you be obedient for me？ [2055067809172910080].mp4",8158731
"/mnt/spirit-8tb/media/yes/videos from x/FinoFilipino - La prensa hidráulica humana. [2030813286225371136].mp4",8211036
"/mnt/spirit-8tb/media/yes/videos from x/mars meows - if u ever wonder what i do at 5am.. it’s this [2037121982668689408].mp4",8281928
"/mnt/spirit-8tb/media/yes/videos from x/willow ⛧ - ring ring ring it’s ur twt gf calling 🦟 [2052307222244294665].mp4",8361464
"/mnt/spirit-8tb/media/yes/videos from x/TacticalStNick - It’s #TiddyTuesday. I really want a steak now. [2026189555464851456].mp4",8364732
"/mnt/spirit-8tb/media/yes/videos from x/mia - join mee it’s cold 🥺💗 [2027064629088899073].mp4",8395522
"/mnt/spirit-8tb/media/yes/Onlyfans devorah roloff milk tits naked(1).mp4",8421410
"/mnt/spirit-8tb/media/yes/videos from x/bunny ૮꒰ ˶• ༝ •˶꒱ა ♡ - being the messy girl that I am ^u^ [2050342046804959234].mp4",8497279
"/mnt/spirit-8tb/media/yes/videos from x/mars meows - innocent face, dirty mind &lt;3 [2029548108892577792].mp4",8558949
"/mnt/spirit-8tb/media/yes/videos from x/Mallkoovaa - wataa [2002281692476641280].mp4",8590514
"/mnt/spirit-8tb/media/yes/videos from x/NekoMimi - Strawberrytabby taking cum in her mouth. [2053447090131619841].mp4",8598528
"/mnt/spirit-8tb/media/yes/models/sava-schultz/Sava Schultz - Videos - leak stars nackt leaks download leaked(5).mp4",8600693
"/mnt/spirit-8tb/media/yes/videos from x/goatthroaat🍆🫧 - eye contact go crazy🫧 [2036272287973081088].mp4",8656119
"/mnt/spirit-8tb/media/yes/videos from x/Nut in me daddy (nsfw) - Had to to give my homeboy head cuz he was looking too good 😭💦https：⧸⧸... [2036272287973081088].mp4",8656119
"/mnt/spirit-8tb/media/yes/videos from x/luna🌼 - can u keep the pace with me？？ ：3 [2060919866073235461].mp4",8739840
"/mnt/spirit-8tb/media/yes/models/amburne/141711.mp4",8806111
"/mnt/spirit-8tb/media/yes/RisqueCore Vid 96.mp4",8848626
"/mnt/spirit-8tb/media/yes/Lexi Marvel Shakes Her Lusty Cake.mp4",8876137
"/mnt/spirit-8tb/media/yes/videos from x/k erick - https：⧸⧸t.co⧸n2x8CxlEIf [1991394888605396992].mp4",8909200
"/mnt/spirit-8tb/media/yes/videos from x/Unicorns🦄Swingers🍍 - Makes me horny🔥🔥 #3somesmff [1991394888605396992].mp4",8909200
"/mnt/spirit-8tb/media/yes/videos from x/Doll - Wataa [2040028836247810048].mp4",8928844
"/mnt/spirit-8tb/media/yes/videos from x/luna🍄 - wanna play a game with me？ ：3 [2057953916466180096].mp4",8946989
"/mnt/spirit-8tb/media/yes/videos from x/T!ts - https：⧸⧸t.co⧸XUmR7ZqY7F [1996128216981860352].mp4",9050086
"/mnt/spirit-8tb/media/yes/videos from x/Brian Allen - 🚨 BREAKING： Rep. Ted Lieu says the full Epstein files contain informa... [2028542197713252354].mp4",9250338
"/mnt/spirit-8tb/media/yes/models/aaliyah-yasin/Aaliyah Yasin - Halal activities only 🧕🏽 [2052674723302039554].mp4",9470641
"/mnt/spirit-8tb/media/yes/models/sava-schultz/169902_1080p.mp4",9512879
"/mnt/spirit-8tb/media/yes/videos from x/Blair 🌹 - Timed Premature Ejaculation 🤭 Good boy #handjob #prejac [2013875103797518338].mp4",9760719
"/mnt/spirit-8tb/media/yes/models/sava-schultz/Sava Schultz grinding BBC so lewd leak.mp4",9899427
"/mnt/spirit-8tb/media/yes/videos from x/Katie Vaynes 💋 - Keep your man’s belly full and balls empty. The world would be a bett... [2017007711217414144].mp4",9901242
"/mnt/spirit-8tb/media/yes/models/sava-schultz/Savaschultz savaschulz savashultz Exclusive Leaked Nude OnlyFans(18).mp4",10103177
"/mnt/spirit-8tb/media/yes/videos from x/luna🍄 - wyd in this situation？？ [2067771413834944513].mp4",10231001
"/mnt/spirit-8tb/media/yes/videos from x/luna🌼 - you can keep a secret right？？ &gt;：3 [2061204235253960705].mp4",10326932
"/mnt/spirit-8tb/media/yes/videos from x/Woe - @valecas96 this is the exact video that put me on a watchlist ✨ [2024962721393922048].mp4",10405866
"/mnt/spirit-8tb/media/yes/DR 025.mp4.mp4",10540790
"/mnt/spirit-8tb/media/yes/models/cute-geekie/@MLHUBOF Telegram 🌌🔥 - 870.mp4",10602953
"/mnt/spirit-8tb/media/yes/Sava.schultz Nude Solo Tease OnlyFans Video Leaked.mp4",10632457
"/mnt/spirit-8tb/media/yes/41251.mp4",10778064
"/mnt/spirit-8tb/media/yes/videos from x/Quilly Media - Twitch streamer started throwing CAKE and forgot the mirror behind he... [2034344167166615552].mp4",10786650
"/mnt/spirit-8tb/media/yes/videos from x/goatthroaat🍆🫧 - he asked for extra 🫧 [2034076164537364480].mp4",10897537
"/mnt/spirit-8tb/media/yes/videos from x/Blair 🌹 - So quick... and I love it! 💗 #prematureejaculation #prejac [1994013863273279488].mp4",11055592
"/mnt/spirit-8tb/media/yes/models/sava-schultz/Savaschultz savaschulz savashultz Exclusive Leaked Nude OnlyFans(17).mp4",11072864
"/mnt/spirit-8tb/media/yes/videos from x/𝐅𝐞𝐢𝐧 ✞ - Corinna Kopf saw her viewers drop and immediately started throwing CA... [2031865430474678274].mp4",11155712
"/mnt/spirit-8tb/media/yes/videos from x/Marco - Corinna Kopf vió q sus viewers estaban bajando y se pone a hacer eso ... [2031865430474678274].mp4",11155712
"/mnt/spirit-8tb/media/yes/videos from x/luna🍥 - wyd in this situation &gt;：p [2034834295596965889].mp4",11226457
"/mnt/spirit-8tb/media/yes/videos from x/Lola 🍅 no paywalls EVER! - Love sucking on a softie and feeling it grow hard in my mouth! 🤤 [2058558864706899968].mp4",11231027
"/mnt/spirit-8tb/media/yes/Devorah rollof dildo 1.mp4",11423233
"/mnt/spirit-8tb/media/yes/unknown/OF4LM.COM is our home__315.mp4",11518816
"/mnt/spirit-8tb/media/yes/videos from x/goatthroaat🍆🫧 - Only a bbc lover can handle a bbc like this🍆 [2001100534523084802].mp4",11673441
"/mnt/spirit-8tb/media/yes/DR 024.mp4.mp4",11731046
"/mnt/spirit-8tb/media/yes/videos from x/Onyx.Moon - Which Of You Pervs Is In Need Of Complete Bliss🤤 She Is Offering Her ... [2027414523808796672].mp4",11841208
"/mnt/spirit-8tb/media/yes/Savaschultz savaschulz savashultz Exclusive Leaked Nude OnlyFans(6).mp4",11905581
"/mnt/spirit-8tb/media/yes/videos from x/GoodGoons - https：⧸⧸t.co⧸YtdC7nmJFV [2039706462541524992].mp4",11997328
"/mnt/spirit-8tb/media/yes/Savaschultz savaschulz savashultz Exclusive Leaked Nude OnlyFans(10).mp4",12116616
"/mnt/spirit-8tb/media/yes/models/sava-schultz/46783.mp4",12142634
"/mnt/spirit-8tb/media/yes/videos from x/bunny ૮꒰ ˶• ༝ •˶꒱ა ♡ - playing with my spit and making bubbles on it 🫧😵‍💫😵‍💫 [2049294508660252672].mp4",12225572
"/mnt/spirit-8tb/media/yes/models/jazmen-jafar/✨@ofxmega on [TELEGRAM] (299).mp4",12394400
"/mnt/spirit-8tb/media/yes/models/kinkykttn/444474.mp4",12433684
"/mnt/spirit-8tb/media/yes/RisqueCore Vid 73.mp4",12627218
"/mnt/spirit-8tb/media/yes/Devorah Roloff Grabs Her Boobs In The Mirror Devorah Roloff Only.mp4",12884281
"/mnt/spirit-8tb/media/yes/models/jazmen-jafar/✨@ofxmega on [TELEGRAM] (295).mp4",12910306
"/mnt/spirit-8tb/media/yes/HeyImBee Big Titty Maid.mp4",13034546
"/mnt/spirit-8tb/media/yes/Lexi Marvel Grinds That Juicy Ass In Tight Yoga Pants For This S.mp4",13176884
"/mnt/spirit-8tb/media/yes/models/sienna-ababi/Visit onlyshare.io for MORE (7).mp4",13371987
"/mnt/spirit-8tb/media/yes/Devorah Roloff Video 48 Hd Leaked Content May-2025 - OnlyFans Le.mp4",13379896
"/mnt/spirit-8tb/media/yes/videos from x/Your New Addiction - Today is the last day of the weekend🤭. And you thought after cumming ... [2063602531511496704].mp4",13694866
"/mnt/spirit-8tb/media/yes/videos from x/GOON ABYSS 🧠😵‍💫 - “What did I tell you about this？ You’re only allowed to goon when you... [2052559405749538823].mp4",14042054
"/mnt/spirit-8tb/media/yes/videos from x/Kraziilexii On 🩵🤍 - Can I throw this on you？🥺👉🏼👈🏼 [2030872035040342016].mp4",14062643
"/mnt/spirit-8tb/media/yes/Devorah Roloff Nude Leaked OnlyFans Video 348 - Ibradome.mp4",14137620
"/mnt/spirit-8tb/media/yes/videos from x/goatthroaat🍆🫧 - love to throat it anywhere😈💦 [2028834992650883072].mp4",14233312
"/mnt/spirit-8tb/media/yes/Lexi Marvel Teasing With Her Big Juicy Ass.mp4",14452547
"/mnt/spirit-8tb/media/yes/models/jazmen-jafar/✨@ofxmega on [TELEGRAM] (288).mp4",14458726
"/mnt/spirit-8tb/media/yes/videos from x/Ash 🫧 - Eye candy 🍭 [2046746686043664384].mp4",14648285
"/mnt/spirit-8tb/media/yes/Devorah Roloff Video 49 Newest Porn Leaks - OnlyFans Leak Video.mp4",14649290
"/mnt/spirit-8tb/media/yes/models/jazmen-jafar/✨@ofxmega on [TELEGRAM] (286).mp4",14668587
"/mnt/spirit-8tb/media/yes/b4b6c2d0fc023a2f9bff6ffb4865c66444afe6ffb05a331d1fa29a3f50d181b4.mp4",14761627
"/mnt/spirit-8tb/media/yes/videos from x/Issy's - single btw ✌️ [2058116032280055808].mp4",14798357
"/mnt/spirit-8tb/media/yes/Amburnee.mp4",14808250
"/mnt/spirit-8tb/media/yes/Heyimbee - Busty E-Girl Onlyfans Leaked - Fapdungeon(2).mp4",14823553
"/mnt/spirit-8tb/media/yes/Devorah Roloff Pussy.mp4",15056399
"/mnt/spirit-8tb/media/yes/videos from x/suppress - melimtx [2041713778761592835].mp4",15169131
"/mnt/spirit-8tb/media/yes/videos from x/GoonYourBrain - When your daughter says she’s “can’t stop, won’t stop” but you wish s... [2005739606273032192].mp4",15523297
"/mnt/spirit-8tb/media/yes/videos from x/luna ✮⋆˙ - can u keep up？ [2021751580098539520].mp4",15726798
"/mnt/spirit-8tb/media/yes/Devorah Roloff Video 47 Newest Porn Leaks - OnlyFans Leak Video.mp4",15764095
"/mnt/spirit-8tb/media/yes/c60133f91ac7a5f18769c96232cd4d9b03e85cc5ce8e0be365d73cf81d675d6e.mp4",15958995
"/mnt/spirit-8tb/media/yes/videos from x/Deity Demeter - Findom 🏛️🏺🌾 - EVERLASTING DEBT RT GAME ‼️🚨 5 ⧸ 5 ⧸ 5 ｜ UNLIMITED COMMENTS ｜ 2 hrs... [2056256273105248256].mp4",15997943
"/mnt/spirit-8tb/media/yes/videos from x/Goon Father - That cock didn’t stand a chance 😵‍💫 [1967155594646704129].mp4",16370734
"/mnt/spirit-8tb/media/yes/videos from x/Vintage Porn and more - this guy resisted 75 secs, how much would you resist？ @TopAModels1 @... [1967155594646704129].mp4",16370734
"/mnt/spirit-8tb/media/yes/Lexi Marvel Flaunts Her Ass In Her Panty.mp4",16458426
"/mnt/spirit-8tb/media/yes/videos from x/WomenArt - Mommy watches daughter [1964897600227655680].mp4",16491895
"/mnt/spirit-8tb/media/yes/models/sava-schultz/Sava Schultz BDSM doggy fuck so hard.mp4",16830782
"/mnt/spirit-8tb/media/yes/videos from x/Sajjal Hussain - helpp me👅 [2011814119737823232].mp4",16857615
"/mnt/spirit-8tb/media/yes/videos from x/Sensedim - https：⧸⧸t.co⧸PdGA8chRYD [2025163832231170048].mp4",17433410
"/mnt/spirit-8tb/media/yes/models/jazmen-jafar/✨@ofxmega on [TELEGRAM] (279).mp4",17527128
"/mnt/spirit-8tb/media/yes/models/sava-schultz/169901_1080p.mp4",17627866
"/mnt/spirit-8tb/media/yes/models/jazmen-jafar/✨@ofxmega on [TELEGRAM] (278).mp4",17991480
"/mnt/spirit-8tb/media/yes/Heyimbee New Videos 3.mp4",18264548
"/mnt/spirit-8tb/media/yes/DR 023.mp4.mp4",18329470
"/mnt/spirit-8tb/media/yes/videos from x/Katie - Hey @grok why is it so hard to find fans on my OF who aren’t prematur... [2034301839651266560].mp4",18536916
"/mnt/spirit-8tb/media/yes/models/lustcnotal/455505_720p.mp4",18644349
"/mnt/spirit-8tb/media/yes/models/sava-schultz/(116).mp4",18785382
"/mnt/spirit-8tb/media/yes/models/jazmen-jafar/✨@ofxmega on [TELEGRAM] (276).mp4",19142368
"/mnt/spirit-8tb/media/yes/models/sienna-ababi/Visit onlyshare.io for MORE (28).mp4",19218050
"/mnt/spirit-8tb/media/yes/models/jazmen-jafar/✨@ofxmega on [TELEGRAM] (274).mp4",19386091
"/mnt/spirit-8tb/media/yes/videos from x/Zarajoel - https：⧸⧸t.co⧸iwHEVZwsvh [2064847383444291585].mp4",19615268
"/mnt/spirit-8tb/media/yes/models/sava-schultz/Savaschultz savaschulz savashultz Exclusive Leaked Nude OnlyFans(9).mp4",19741765
"/mnt/spirit-8tb/media/yes/Sava Schultz Squeezy Nude Big Nature Boobs POV Onlyfans Video.mp4",20158974
"/mnt/spirit-8tb/media/yes/videos from x/Throne 🍑 - Spend all day rting my posts and I’ll spend all day spamming your dms... [2023316101057363968].mp4",20888559
"/mnt/spirit-8tb/media/yes/videos from x/Goon Saloon - https：⧸⧸t.co⧸8AXLm9zB97 [2040490427954909184].mp4",20944290
"/mnt/spirit-8tb/media/yes/Crazy Hot Canadian Chick Urfavbellabby Banged Deep.mp4",21002722
"/mnt/spirit-8tb/media/yes/videos from x/Isabella Moody - The goon requests must stop. [2036093179544649728].mp4",21427397
"/mnt/spirit-8tb/media/yes/Devorah - boobs.mp4.mp4",21782635
"/mnt/spirit-8tb/media/yes/videos from x/Cute Hentai - Check out 👉 #nsfw #hard #cum #rough #porn #fuck #nude #adult #xxx #b... [2035564825276006400].mp4",21941012
"/mnt/spirit-8tb/media/yes/videos from x/✨ Goddess Celeste 🪐 - “You don’t need to pick me up babe my friend is going to drive me hom... [2025962830311170048].mp4",21981098
"/mnt/spirit-8tb/media/yes/videos from x/PrematureGooner - Femdom Handjob 😩 @dominaavasavage [2033246986582024192].mp4",22250442
"/mnt/spirit-8tb/media/yes/Urfavbellabby Fucked On The Golf Course Video Leaked.mp4",22609952
"/mnt/spirit-8tb/media/yes/videos from x/GoooodGuy - Are you pretending you’re cumming between these tits？？ [1801016304649764864].mp4",22635772
"/mnt/spirit-8tb/media/yes/videos from x/He 𓆈 21+ - Continuous Cumming &amp; Fucking with @CedehPH [2012819844681351168].mp4",22695034
"/mnt/spirit-8tb/media/yes/videos from x/Devilscompanion01 - https：⧸⧸t.co⧸0QVe2adxWG [2028159398942584832].mp4",23308561
"/mnt/spirit-8tb/media/yes/Devorah Roloff Full Nude Tease Dildo Suck Onlyfans Leaked.mp4",23988232
"/mnt/spirit-8tb/media/yes/videos from x/Cum All Over - https：⧸⧸t.co⧸rduPxyLxOK [1785483955548164096].mp4",24179957
"/mnt/spirit-8tb/media/yes/models/sava-schultz/(31).mp4",24613509
"/mnt/spirit-8tb/media/yes/360 5.mp4",25504571
"/mnt/spirit-8tb/media/yes/videos from x/the hottest videos amateur style - Stunning Asian Girl With Perfect Big Ass In Sexy Black Lingerie Takes... [2052360930671960068].mp4",25744996
"/mnt/spirit-8tb/media/yes/models/cute-geekie/@MLHUBOF Telegram 🌌🔥 - 959.mp4",25866922
"/mnt/spirit-8tb/media/yes/RisqueCore Vid 53.mp4",25938254
"/mnt/spirit-8tb/media/yes/videos from x/Fudhsvf - https：⧸⧸t.co⧸KHqG8hvARe [2036778502075416576].mp4",26124473
"/mnt/spirit-8tb/media/yes/models/katievaynes/0c194b909a8200e58550eaff39154d1faaa821f417d6a10ca949c247c50fed94.mp4",26345752
"/mnt/spirit-8tb/media/yes/Heyimbee Squeezing Juicy Melons Leaked Onlyfans Video.mp4",26668149
"/mnt/spirit-8tb/media/yes/unknown/OF4LM.COM is our home__360.mp4",26694757
"/mnt/spirit-8tb/media/yes/Urfavbellabby Sex in Car Video Leaked.mp4",26840942
"/mnt/spirit-8tb/media/yes/videos from x/𓆩♡𓆪 - Tired of your 𝐠𝐢𝐫𝐥𝐟𝐫𝐢𝐞𝐧𝐝'𝐬 flat ass？ Let me take care...I can assure ... [2040206874952556544].mp4",27602624
"/mnt/spirit-8tb/media/yes/Devorah Roloff OnlyFans For Free May-2024 7.mp4",27759013
"/mnt/spirit-8tb/media/yes/Devorah rollof Onlyfans Video.mp4",28702492
"/mnt/spirit-8tb/media/yes/Devorah Roloff Gives A Vibrator A Good Sucking Devorah Roloff On.mp4",28786776
"/mnt/spirit-8tb/media/yes/Devorah Roloff Flaunts And Massages Her Tits Devorah Roloff Only.mp4",29599459
"/mnt/spirit-8tb/media/yes/Brenda Trindade gets a messy facial in POV outdoor action.mp4",29644204
"/mnt/spirit-8tb/media/yes/Natalie Roush Teases Her Thicc Booty Twerking in Leaked Onlyfans.mp4",29729437
"/mnt/spirit-8tb/media/yes/models/kinkykttn/OF4LM.COM is our home__297.mp4",30120770
"/mnt/spirit-8tb/media/yes/videos from x/Faceporn Addict - Izzy Green hot nerdy Latina JOI [2065668909567467520].mp4",30458934
"/mnt/spirit-8tb/media/yes/videos from x/Tina - Wataa @hongxiutian @kongguyoul @xiaodaidare @xiaomidare [2056632912544661504].mp4",31004652
"/mnt/spirit-8tb/media/yes/videos from x/ち - https：⧸⧸t.co⧸el5RuRDS1b [2056632912544661504].mp4",31004652
"/mnt/spirit-8tb/media/yes/models/bearuby/398761_720p.mp4",31661017
"/mnt/spirit-8tb/media/yes/223120.mp4",31776353
"/mnt/spirit-8tb/media/yes/videos from x/ᐢ. .ᐢ - pokemon sv tour but with boobs… [2050606798907052033].mp4",32542402
"/mnt/spirit-8tb/media/yes/Hey I M Bee AKA Heyimbee Playing With Herself Soft Mouth Sounds.mp4",32655028
"/mnt/spirit-8tb/media/yes/videos from x/Tyler - Parker Ambrose &amp; Sandy Love ❤️scene I [2041669563302002688].mp4",33957031
"/mnt/spirit-8tb/media/yes/models/sava-schultz/Sava-Schultz-2.mp4",34431330
"/mnt/spirit-8tb/media/yes/videos from x/Great Pleasure - College teen athlete gets fucked in her dorm Perfect ass [2059479786561413122].mp4",34511782
"/mnt/spirit-8tb/media/yes/Lexi Marvel Shakes And Teases Her Ass.mp4",34954322
"/mnt/spirit-8tb/media/yes/models/whoahannahjo/43619.mp4",34969369
"/mnt/spirit-8tb/media/yes/360 4.mp4",35128292
"/mnt/spirit-8tb/media/yes/models/sava-schultz/(21).mp4",35337833
"/mnt/spirit-8tb/media/yes/models/sakhovanski/79568.mp4",35530236
"/mnt/spirit-8tb/media/yes/Cece Rose Practices BJ Skills With A Dildo.mp4",35573585
"/mnt/spirit-8tb/media/yes/unknown/407017_720p.mp4",35608489
"/mnt/spirit-8tb/media/yes/Katiana Kay Fucks A Cop Video Leaked.mp4",36052594
"/mnt/spirit-8tb/media/yes/videos from x/Random Man - Stepmom head is the best head [2043695497937100801].mp4",36881450
"/mnt/spirit-8tb/media/yes/videos from x/Steveninches - https：⧸⧸t.co⧸34szXXadyj [2043695497937100801].mp4",36881450
"/mnt/spirit-8tb/media/yes/models/bearuby/442610_720p.mp4",37230842
"/mnt/spirit-8tb/media/yes/Katiana Kay Needs To Suck A Cock.mp4",38251307
"/mnt/spirit-8tb/media/yes/Alexa Pearl Mommys Full Of Milk Onlyfans Leak Video.mp4",38551259
"/mnt/spirit-8tb/media/yes/models/whoahannahjo/HkxQxzewMkuQzwkQneee.mp4",38854095
"/mnt/spirit-8tb/media/yes/videos from x/𝓨𝓪𝓷𝓬𝔂 - https：⧸⧸t.co⧸muH2rTJohL [2039254220038443008].mp4",38901297
"/mnt/spirit-8tb/media/yes/models/sava-schultz/(19).mp4",39064427
"/mnt/spirit-8tb/media/yes/unknown/OF4LM.COM is our home__400.mp4",39434671
"/mnt/spirit-8tb/media/yes/videos from x/91PORN成人网 - Wataa 香港女神！口交天花板 没有之一 一定是最好看的口交视频 [2040810206704414720].mp4",40231240
"/mnt/spirit-8tb/media/yes/videos from x/Mãe Safada - Filho fica comportadinho enquanto a mamãe ordenha ele com a boca #in... [2056025881546498048].mp4",40752181
"/mnt/spirit-8tb/media/yes/models/izzy-green/Join ✨@ofxmega on [TELEGRAM] (283).mp4",40967718
"/mnt/spirit-8tb/media/yes/videos from x/Mommydearest💋🍒 - https：⧸⧸t.co⧸1zfLDNzlLU [1961380569117249536].mp4",41349021
"/mnt/spirit-8tb/media/yes/videos from x/. - https：⧸⧸t.co⧸2bDlewuv37 [2050396008081678336].mp4",41443574
"/mnt/spirit-8tb/media/yes/334120.mp4",42033794
"/mnt/spirit-8tb/media/yes/OnlyFans_5 devorah2.mp4.mp4",42070874
"/mnt/spirit-8tb/media/yes/360 1.mp4",42082287
"/mnt/spirit-8tb/media/yes/360 3.mp4",42904316
"/mnt/spirit-8tb/media/yes/3869.mp4",42913012
"/mnt/spirit-8tb/media/yes/217809.mp4",43059784
"/mnt/spirit-8tb/media/yes/videos from x/DM ME @HOMEGROWNCLIENT DMS FROZEN - CHUDAI 🙃 🎥 @sashiboo_93 [2045998447321317376].mp4",43790611
"/mnt/spirit-8tb/media/yes/videos from x/King404 - Trying this new rent a girlfriend thing in Japan would recommend #asian [2058933228744884224].mp4",44617445
"/mnt/spirit-8tb/media/yes/models/mackzjones/15517_720p.mp4",44634144
"/mnt/spirit-8tb/media/yes/models/ruth-lee/ruth-lee-after-gym-blowjob-titty-fuck-cumshot-video-leaked-480p.mp4",45149379
"/mnt/spirit-8tb/media/yes/Ruth Lee Teases Her Cunt In A Dress.mp4",45791854
"/mnt/spirit-8tb/media/yes/214616.mp4",46387767
"/mnt/spirit-8tb/media/yes/models/jakara-mitchell/Fap__1c31400144c5b4a8cb977202cfb8121c.mp4",46641046
"/mnt/spirit-8tb/media/yes/models/brenda-trindade/467345_720p.mp4",46669863
"/mnt/spirit-8tb/media/yes/videos from x/NSFWPornstars - Ball-draining blowjob from a gorgeous geek with pierced nipples #NSF... [2049021043550105600].mp4",46935525
"/mnt/spirit-8tb/media/yes/Ruth Lee Takes A Cumshot After Blowing A Dick.mp4",47002032
"/mnt/spirit-8tb/media/yes/models/bearuby/400317_720p.mp4",47826742
"/mnt/spirit-8tb/media/yes/videos from x/goon fuel - https：⧸⧸t.co⧸suz2BnfMQB [2034080728825077760].mp4",47916316
"/mnt/spirit-8tb/media/yes/videos from x/melusi (18+) - #pawg #cowgirl #backshots [2053932405455798272].mp4",48219243
"/mnt/spirit-8tb/media/yes/Ruth Lees Seductive Jerk Off Instructions.mp4",48482255
"/mnt/spirit-8tb/media/yes/models/jazmen-jafar/jazmen-jafar-hard-fuck-and-facial.mp4",48789720
"/mnt/spirit-8tb/media/yes/videos from x/Redzone_cosp 🔞 - Izzy Green ｜ Lazybutnotwithyou #nswf #OnlyFans #nswf #Petite #nude [2017339555679244288].mp4",48838663
"/mnt/spirit-8tb/media/yes/360.mp4",49354479
"/mnt/spirit-8tb/media/yes/Lexi Marvel Teases Her Seductive Curves.mp4",49545270
"/mnt/spirit-8tb/media/yes/videos from x/Carson - https：⧸⧸t.co⧸gOQuhIg0HJ [2056307907990319104].mp4",50315323
"/mnt/spirit-8tb/media/yes/Brenda Trindades Perfect Ass Gets Pounded Hard And Creampied POV.mp4",50332364
"/mnt/spirit-8tb/media/yes/models/jakara-mitchell/Jakara Mitchell Sexy Ass Tease and JOI.mp4",50415236
"/mnt/spirit-8tb/media/yes/videos from x/AWN MEDIA NETWORK - https：⧸⧸t.co⧸yy3fdWz0W6 [2023674665374453761].mp4",50962061
"/mnt/spirit-8tb/media/yes/videos from x/Great Pleasure - My teenager girlfriend seduced me with her big ass Perfect ass The ... [2060065147243081728].mp4",51415415
"/mnt/spirit-8tb/media/yes/models/whoahannahjo/v 3.mp4",53625092
"/mnt/spirit-8tb/media/yes/models/sienna-ababi/Visit onlyshare.io for MORE (1).mp4",53797624
"/mnt/spirit-8tb/media/yes/videos from x/jen - when you get home from a party horny af😫 #joi #latina #chudai [2054904940641046528].mp4",54435817
"/mnt/spirit-8tb/media/yes/models/izzy-green/Join ✨@ofxmega on [TELEGRAM] (218).mp4",54937699
"/mnt/spirit-8tb/media/yes/models/leighbunbun/Visit onlyshare.io FOR MORE (8).mp4",55332943
"/mnt/spirit-8tb/media/yes/models/jazmen-jafar/449071_720p.mp4",55502532
"/mnt/spirit-8tb/media/yes/models/izzy-green/ScreenRecording_05-20-2026 23-16-39_1.mp4",55524763
"/mnt/spirit-8tb/media/yes/models/jazmen-jafar/83397.mp4",56948030
"/mnt/spirit-8tb/media/yes/Devdildo02.mp4.mp4",57023429
"/mnt/spirit-8tb/media/yes/models/katianakayfree/278848_720p.mp4",57541657
"/mnt/spirit-8tb/media/yes/models/cute-geekie/@MLHUBOF Telegram 🌌🔥 - 558.mp4",58011353
"/mnt/spirit-8tb/media/yes/484374_720p.mp4",58233262
"/mnt/spirit-8tb/media/yes/videos from x/Hornytorynx 🦖 - Une dame aussi folle que ça ou rien 🤤 [2010345890481901568].mp4",58686919
"/mnt/spirit-8tb/media/yes/models/jakara-mitchell/v 1.mp4",59520865
"/mnt/spirit-8tb/media/yes/videos from x/YaBoy - Wow, she is so pretty sucking that cock 🥵 [2058561274066440192].mp4",60052492
"/mnt/spirit-8tb/media/yes/Ruth Lee Gives A Hot Jerk Off Instructions.mp4",61058257
"/mnt/spirit-8tb/media/yes/Ruth Lee Public Adventure Blowjob.mp4",62274889
"/mnt/spirit-8tb/media/yes/Natalie Roush Sizzling Mesh Bodysuit Booty Tease in Leaked OnlyF.mp4",62418434
"/mnt/spirit-8tb/media/yes/Heyimbee Squeezing Big Boobs With Oil Leaked Onlyfans Video.mp4",62631187
"/mnt/spirit-8tb/media/yes/Jakara Mitchell Bounces Her Bubble Butt On His Dick.mp4",63601292
"/mnt/spirit-8tb/media/yes/models/alannasworldx/438588_720p.mp4",64060147
"/mnt/spirit-8tb/media/yes/models/mulai/99022_720p.mp4",64218137
"/mnt/spirit-8tb/media/yes/models/jazmen-jafar/107774.mp4",65243975
"/mnt/spirit-8tb/media/yes/models/sienna-ababi/Visit onlyshare.io for MORE (5).mp4",66625614
"/mnt/spirit-8tb/media/yes/jvlrc49ddg~7KxkgZMm9j.mp4",67344852
"/mnt/spirit-8tb/media/yes/Isabelle Eleanores Pleasures A Dick Outdoors.mp4",67730381
"/mnt/spirit-8tb/media/yes/videos from x/Tiny - Chudai [2052993402812121091].mp4",68244542
"/mnt/spirit-8tb/media/yes/Cecilia Rose 89 Fuck Me Hard Please PPV Video Leaked.mp4",68289856
"/mnt/spirit-8tb/media/yes/Devdildo01.mp4.mp4",68855801
"/mnt/spirit-8tb/media/yes/videos from x/The Azz Station 🍑⛽️ - #bigass #latina #blowjob #backshots #homemade #pov [1973055886064222208].mp4",69205007
"/mnt/spirit-8tb/media/yes/videos from x/🧊Ice + Emerald🌿NO PPV! - As promised, we hit 10k and celebrated with a cum walk! 🥳 🥂 I made e... [2046901452346478592].mp4",69382309
"/mnt/spirit-8tb/media/yes/videos from x/sensssations (18+) - Bro came like 6 times 😝 [2057658795174588416].mp4",69664154
"/mnt/spirit-8tb/media/yes/models/strawberrytabby/564677_720p.mp4",70392847
"/mnt/spirit-8tb/media/yes/models/chloe-lamb/442642_720p.mp4",70762008
"/mnt/spirit-8tb/media/yes/videos from x/Tapped raw - https：⧸⧸t.co⧸QM69CboUD8 [2009327527152492544].mp4",70887425
"/mnt/spirit-8tb/media/yes/models/azilia-hadid/@boomboomhub TG (43).mp4",71112035
"/mnt/spirit-8tb/media/yes/videos from x/CUNT.BUNNie🎀 - 😜 [2004007835118772224].mp4",71423688
"/mnt/spirit-8tb/media/yes/videos from x/rain - https：⧸⧸t.co⧸WQu6ei6f6U [2004007835118772224].mp4",71423688
"/mnt/spirit-8tb/media/yes/513329_720p.mp4",72459810
"/mnt/spirit-8tb/media/yes/videos from x/JOI - Latina JOI🇺🇸 Follow for JOI videos every day [2017740936143392768].mp4",72617316
"/mnt/spirit-8tb/media/yes/videos from x/SUNNY ANGELS - Autumn Falls [2017740936143392768].mp4",72617316
"/mnt/spirit-8tb/media/yes/models/chloe-lamb/vid_480p.mp4",72734697
"/mnt/spirit-8tb/media/yes/models/sienna-ababi/@DailyLeaksMain_5a6152622c58eb1a882b28ad94a5b92dbafc2eaa155bb35c1ce00b835156eba3.mp4",72994419
"/mnt/spirit-8tb/media/yes/F1nn5ter Suck Big Black Dildo Onlyfans.mp4",74604892
"/mnt/spirit-8tb/media/yes/videos from x/Bora - https：⧸⧸t.co⧸lBrJpSTtch [2029057848798294016].mp4",75394002
"/mnt/spirit-8tb/media/yes/videos from x/Rêze (+18) - https：⧸⧸t.co⧸KtdcQrk95z [2029057848798294016].mp4",75394002
"/mnt/spirit-8tb/media/yes/videos from x/sexxual - https：⧸⧸t.co⧸cScOhBkHJU [2029057848798294016].mp4",75394002
"/mnt/spirit-8tb/media/yes/Ruth Lee Takes A Facial On Her Glasses.mp4",75829664
"/mnt/spirit-8tb/media/yes/Natalie Roush Nut For Natalie November Ppv Dropping Tight Jeans.mp4",76411371
"/mnt/spirit-8tb/media/yes/models/cute-geekie/@MLHUBOF Telegram 🌌🔥 - 537.mp4",76651228
"/mnt/spirit-8tb/media/yes/unknown/OF4LM.COM is our home__377.mp4",76815709
"/mnt/spirit-8tb/media/yes/unknown/OF4LM.COM is our home__406.mp4",77456929
"/mnt/spirit-8tb/media/yes/Sava Schultz Naked Big Ass POV Onlyfans Video.mp4",82586648
"/mnt/spirit-8tb/media/yes/models/izzy-green/Izzy Green Finger And Dildo Fuck Pussy Squirt Everywhere For Her.mp4",84362872
"/mnt/spirit-8tb/media/yes/Ruth Lee Glazes A Cock During A Sloppy BJ.mp4",86582413
"/mnt/spirit-8tb/media/yes/videos from x/Serkan - https：⧸⧸t.co⧸L6tNZEQo26 [2050034056859897856].mp4",86977723
"/mnt/spirit-8tb/media/yes/HeyImBee Leaked OF Video Teases Her Perfect Curves in Raw Uncut.mp4",87565606
"/mnt/spirit-8tb/media/yes/videos from x/Titfuck Videos 🍈🍆🍈 - https：⧸⧸t.co⧸QCGE8It0Ig [1965556474144296960].mp4",89780786
"/mnt/spirit-8tb/media/yes/videos from x/nudist prime - https：⧸⧸t.co⧸r03B0Lts15 [1965556474144296960].mp4",89781627
"/mnt/spirit-8tb/media/yes/models/aaliyah-yasin/Visit onlyshare.io for MORE 130.mp4",91021001
"/mnt/spirit-8tb/media/yes/Cutie Alexa Pearl Takes Hot Facial Outside.mp4",92287161
"/mnt/spirit-8tb/media/yes/Devorah Roloff Nude Leaked OnlyFans Video 344 - Ibradome.mp4",92718800
"/mnt/spirit-8tb/media/yes/videos from x/小佬攻🔞 - Chudai.....💦🍌 [2006429088622456840].mp4",93419488
"/mnt/spirit-8tb/media/yes/models/izzy-green/Izzy Green New Titty Drop Joi Onlyfans.mp4",93780162
"/mnt/spirit-8tb/media/yes/models/jakara-mitchell/v.mp4",94145805
"/mnt/spirit-8tb/media/yes/TheStartOfUs Asm-r You Cumming ️ 3 Huge Cumshots Beeg.mp4",95112839
"/mnt/spirit-8tb/media/yes/Natalie Roush With Hayley Maxfield In White Lingerie Took Nude B.mp4",95344493
"/mnt/spirit-8tb/media/yes/Ruth Lees ASMR Sloppy Blowjob.mp4",95581470
"/mnt/spirit-8tb/media/yes/unknown/3888823_hq.mp4",95930069
"/mnt/spirit-8tb/media/yes/videos from x/@skylerfan - Wataa [2047539682184171520].mp4",96364267
"/mnt/spirit-8tb/media/yes/videos from x/Tittyfuck Fan - The incredible #LenaLacey!!! #TittyFuck #TitFuck #TitWank #TitJob #C... [2036708496754774016].mp4",98773222
"/mnt/spirit-8tb/media/yes/videos from x/糖心Vlog官方 - #潘潘Pan #足疗店隐藏服务 #黑丝技师 #蜜穴引诱 #糖心Vlog 糖心人气女神潘潘Pan带来足疗店重磅福利！外表性感专业的黑丝技师，... [2038867475383848960].mp4",98851234
"/mnt/spirit-8tb/media/yes/models/kinkykttn/OF4LM.COM is our home__282.mp4",98930019
"/mnt/spirit-8tb/media/yes/videos from x/Tapped raw - https：⧸⧸t.co⧸m5iU6w98eh [1943749201638092800].mp4",99245205
"/mnt/spirit-8tb/media/yes/videos from x/AMATEURABLE - https：⧸⧸t.co⧸wb9D4R0xJs [2059807331819347972].mp4",99829138
"/mnt/spirit-8tb/media/yes/Sakurai Rena Strips Plays With Her Wet Asian Pussy Sakurai Rena.mp4",102316223
"/mnt/spirit-8tb/media/yes/videos from x/ASMR Recovered - ASMR Licking the camera INTENSE [2036995572897382400].mp4",104655523
"/mnt/spirit-8tb/media/yes/models/haylee-love/71357paid.mp4",104663074
"/mnt/spirit-8tb/media/yes/Devorah Roloff Car Flashing Full Nude PPV.mp4",104687855
"/mnt/spirit-8tb/media/yes/models/whoahannahjo/n6utt4v0th~oBjJ4OdyPb.mp4",105325223
"/mnt/spirit-8tb/media/yes/videos from x/Cumsluts 💦 - https：⧸⧸t.co⧸Z57usZBRuF [1852303584269930496].mp4",105853626
"/mnt/spirit-8tb/media/yes/videos from x/Lexi and Dan - When Your Beautiful Big Titty Dirty Talking Girlfriend Suggests You H... [2059730173449109510].mp4",105936997
"/mnt/spirit-8tb/media/yes/models/azilia-hadid/@boomboomhub TG (50).mp4",106462298
"/mnt/spirit-8tb/media/yes/videos from x/Horny and Mature Daddy Lover #1.4K - https：⧸⧸t.co⧸D1ilUhcuuE [1948097684927340544].mp4",108422726
"/mnt/spirit-8tb/media/yes/videos from x/★ѕσρнιє★ - 𝐂𝐡𝐮𝐝𝐚𝐢💦 [1948097684927340544].mp4",108422726
"/mnt/spirit-8tb/media/yes/unknown/ScreenRecording_05-20-2026 23-18-19_1.mp4",114911439
"/mnt/spirit-8tb/media/yes/videos from x/Dr.Promo - Wataa [2056442383638646785].mp4",116500354
"/mnt/spirit-8tb/media/yes/models/aaliyah-yasin/Aaliyah Yasin Tits Cummed After BJ Onlyfans UsualFans.mp4",116748419
"/mnt/spirit-8tb/media/yes/models/cute-geekie/Visit onlyshare.io for MORE 04419.mp4",118784713
"/mnt/spirit-8tb/media/yes/videos from x/this is not bible study - fuck it here's a 9 min twerk video if my ass made you stop scrollin... [2033752804590800896].mp4",120238252
"/mnt/spirit-8tb/media/yes/videos from x/He 𓆈 21+ - Blowjob Finish Compilation 🌬️ [2027053046325469184].mp4",120609658
"/mnt/spirit-8tb/media/yes/models/jakara-mitchell/Jakara Mitchell Glasses Sex Tape Video Leaked - Fapptime.mp4",128927376
"/mnt/spirit-8tb/media/yes/Alexa Pearl Jerks Off A Guys Cock With Her Juicy Tits.mp4",131828948
"/mnt/spirit-8tb/media/yes/unknown/97970164000c08f0fef549c141e1af0d5c2b4510c51.mp4",131927171
"/mnt/spirit-8tb/media/yes/models/emiliaofficial/Строгая учительница… но после уроков разрешено всё 💦 - EmiliaBunny - Pornhub.com.mp4",134819155
"/mnt/spirit-8tb/media/yes/models/cute-geekie/Visit onlyshare.io for MORE 05135.mp4",135836622
"/mnt/spirit-8tb/media/yes/Layla - tiktok beauty teen vlog creampie Leaked onlyfans Sextape.mp4",138583175
"/mnt/spirit-8tb/media/yes/videos from x/FROM DRINK TO SEX - WATAA [2054955606793207808].mp4",139908830
"/mnt/spirit-8tb/media/yes/videos from x/Jpcbtl - https：⧸⧸t.co⧸rLTz0vZX3J [1940771974403219456].mp4",142061474
"/mnt/spirit-8tb/media/yes/Katiana Kay gives a mind-blowing blowjob in POV.mp4",143141437
"/mnt/spirit-8tb/media/yes/videos from x/@skylerfan - Wataa [2046077528792821760].mp4",145484869
"/mnt/spirit-8tb/media/yes/videos from x/@skylerfan - Wataa [2046073757731840000].mp4",148525286
"/mnt/spirit-8tb/media/yes/Natalie Roush New Squat Ppv In Tight Thong Onlyfans Leak.mp4",151428309
"/mnt/spirit-8tb/media/yes/Natalie Roush Stripteasing With Her Booty Hole Dropping Tight Th.mp4",151645921
"/mnt/spirit-8tb/media/yes/Dana DeArmonds hot mom is a pro at giving head and fucking like.mp4",153574987
"/mnt/spirit-8tb/media/yes/Ruth Lee Bowjob In Her Friends Car.mp4",154870038
"/mnt/spirit-8tb/media/yes/NotYourHoneyBB Missionary Sex.mp4",157758752
"/mnt/spirit-8tb/media/yes/Ruth Lee Squirts While Getting Pounded.mp4",158090107
"/mnt/spirit-8tb/media/yes/OnlyFans_5 devorah.mp4.mp4",158142041
"/mnt/spirit-8tb/media/yes/videos from x/NSFWPornstars - The Most Perfect BJ &amp; Swallow you’ll see today 😈 Slow, sloppy, d... [2026565219053379584].mp4",164502534
"/mnt/spirit-8tb/media/yes/videos from x/Stella 💋 - This is the best JOI I've ever seen [2059435792875872261].mp4",172892902
"/mnt/spirit-8tb/media/yes/videos from x/Lexis - The English royal family and Keir Starmer needs to award Bonnie Blue ... [1951976779628806147].mp4",177042699
"/mnt/spirit-8tb/media/yes/models/alannasworldx/256433_720p.mp4",177296903
"/mnt/spirit-8tb/media/yes/RisqueCore Vid 10.mp4",180777650
"/mnt/spirit-8tb/media/yes/models/jazmen-jafar/484359_720p.mp4",182301289
"/mnt/spirit-8tb/media/yes/models/sendnudesx/PlugLeakz.net - Join Telegram @PlugLeaksHub (198).mp4",185587314
"/mnt/spirit-8tb/media/yes/models/cute-geekie/@MLHUBOF Telegram 🌌🔥 - 793.mp4",189460157
"/mnt/spirit-8tb/media/yes/videos from x/小佬攻🔞 - Chudai.....💦🍌 [2004998889133539332].mp4",189854899
"/mnt/spirit-8tb/media/yes/432038_720p.mp4",191049459
"/mnt/spirit-8tb/media/yes/models/sendnudes/169870_1080p.mp4",191052542
"/mnt/spirit-8tb/media/yes/models/ruth-lee/362027_720p.mp4",191957338
"/mnt/spirit-8tb/media/yes/videos from x/Kazimirol - https：⧸⧸t.co⧸AQfP8Euoja [1987394398842388480].mp4",192058772
"/mnt/spirit-8tb/media/yes/videos from x/@skylerfan - Wataa [2049468580941705217].mp4",193318189
"/mnt/spirit-8tb/media/yes/videos from x/мїℓf ℘◎℘🍭 - Chudai♣️ [2049468580941705217].mp4",193318189
"/mnt/spirit-8tb/media/yes/videos from x/telishamareeASMR - Ear licks to make you tingle 🥰 #asmr #earlicking [2056168029860610048].mp4",196684666
"/mnt/spirit-8tb/media/yes/Allison Parker BBC NEW SEXTAPE ONLYFANS.mp4",198228160
"/mnt/spirit-8tb/media/yes/videos from x/kekw - Cory Chase [2036710790246580224].mp4",199546015
"/mnt/spirit-8tb/media/yes/Noturhoneybb Teases You with Her Messy Facial Money Shot Video.mp4",202739952
"/mnt/spirit-8tb/media/yes/models/gem-the-jewels/487723_720p.mp4",203563976
"/mnt/spirit-8tb/media/yes/models/cute-geekie/2783 cutelittlepearl leather sextape.mp4",204751564
"/mnt/spirit-8tb/media/yes/550807_720p.mp4",213995637
"/mnt/spirit-8tb/media/yes/models/jakara-mitchell/Fap__01cfdec15d25f9cd19397c0709e49162.mp4",220218023
"/mnt/spirit-8tb/media/yes/videos from x/PURE SEX VIBE 🍑 - WATAA [2058977073012916224].mp4",224186700
"/mnt/spirit-8tb/media/yes/models/whoahannahjo/v 4.mp4",226085563
"/mnt/spirit-8tb/media/yes/models/chloe-lamb/v 5.mp4",229963559
"/mnt/spirit-8tb/media/yes/Ruth Lee Makes Ahegao Faces During Sex.mp4",236473657
"/mnt/spirit-8tb/media/yes/models/gem-the-jewels/548555_720p.mp4",240869964
"/mnt/spirit-8tb/media/yes/models/jakara-mitchell/Fap__5e5eb028f60361971febc5850e5c000c.mp4",243297199
"/mnt/spirit-8tb/media/yes/New Lily Phillips Verbal Spat Erupts Into Hardcore Fucking Video.mp4",245538321
"/mnt/spirit-8tb/media/yes/My Porn Plugg Stepsister Couch Footjob After Work Beeg.mp4",246030533
"/mnt/spirit-8tb/media/yes/videos from x/asad - https：⧸⧸t.co⧸GDO2gJAUXb [2015946958326923267].mp4",252006743
"/mnt/spirit-8tb/media/yes/videos from x/GANGBANG HD PORN - Wataa 🤤 [2015946958326923267].mp4",252006743
"/mnt/spirit-8tb/media/yes/models/azilia-hadid/@boomboomhub TG (39).mp4",271498774
"/mnt/spirit-8tb/media/yes/Latina Allison Parker Deepthroats.mp4",271681190
"/mnt/spirit-8tb/media/yes/models/cute-geekie/51591.mp4",272625353
"/mnt/spirit-8tb/media/yes/models/emiliaofficial/Emilia Bunny Model Encounter Exceeds Expectations Beeg.mp4",273841390
"/mnt/spirit-8tb/media/yes/models/jakara-mitchell/Karamitch- gym bg.mp4",284334185
"/mnt/spirit-8tb/media/yes/videos from x/Haram Addictions 🤫 - Pakistani pornstar loves huge cock [2054564319304749057].mp4",287083146
"/mnt/spirit-8tb/media/yes/video-2026-06-19T10-42-52.202Z.mp4",288906938
"/mnt/spirit-8tb/media/yes/models/zoey-uso/2209.mp4",291954475
"/mnt/spirit-8tb/media/yes/No+Nut+November+ends+with+a+Massive+Cumshot+-+Huge+Facial!!!+My+Sweet+Apple+[ph6389eddbe4018].mp4",292773483
"/mnt/spirit-8tb/media/yes/models/aaliyah-yasin/Aaliyah Yasin Sucks Dick And Gets Creampied UsualFans.mp4",297393206
"/mnt/spirit-8tb/media/yes/videos from x/Wow Chinese Hub - Chudai..💦 [2066233136183468032].mp4",298357317
"/mnt/spirit-8tb/media/yes/Emilla Official Takes Boyfriend Hug dick.mp4",300824609
"/mnt/spirit-8tb/media/yes/models/haylee-love/HxtQnxktezuQzwketwMx.mp4",303208133
"/mnt/spirit-8tb/media/yes/Ruth Lee Savors Cock In POV.mp4",310659988
"/mnt/spirit-8tb/media/yes/unknown/JoinUs @RisqueMega 233.mp4",318497028
"/mnt/spirit-8tb/media/yes/models/emiliaofficial/Emilia Bunny Strict Teachers Private Lesson Beeg.mp4",320237525
"/mnt/spirit-8tb/media/yes/videos from x/Fudhsvf - https：⧸⧸t.co⧸u8cAcXYIBU [2033599456588034048].mp4",322769937
"/mnt/spirit-8tb/media/yes/videos from x/OnlyVault - Important news ： Hey guys getting many reports soon this page will ge... [2033599456588034048].mp4",322770112
"/mnt/spirit-8tb/media/yes/onlyfans lily phillips jason luv 2024-02-13 interracial ir bbc b.mp4",323707469
"/mnt/spirit-8tb/media/yes/models/cute-geekie/148460_1080p.mp4",326147372
"/mnt/spirit-8tb/media/yes/models/emiliaofficial/Emilia Bunny Model in Bodysuit Receives Facial After Passionate.mp4",331790376
"/mnt/spirit-8tb/media/yes/models/aaliyah-yasin/Naughty Aaliyah Yasin Sucks A Big Cock While Smoking.mp4",344358414
"/mnt/spirit-8tb/media/yes/models/izzy-green/Izzy Green Squirt Compilation Leaked Sextape.mp4",353305369
"/mnt/spirit-8tb/media/yes/Candy Love Youve Made Me Mad Fuck Me to Apologize Beeg.mp4",358064208
"/mnt/spirit-8tb/media/yes/Lika Busy Got Horny while Walking in the Woods and Asked My Frie.mp4",360978436
"/mnt/spirit-8tb/media/yes/Candy Love Begs for Mercy - Intense 2 Squirts - Multiple Orgasms.mp4",367868219
"/mnt/spirit-8tb/media/yes/models/emiliaofficial/Emilia Bunny Pov Your Sexy Gf Cant Leave the House until You Mak.mp4",376296960
"/mnt/spirit-8tb/media/yes/models/aaliyah-yasin/540598_720p.mp4",387879135
"/mnt/spirit-8tb/media/yes/Comatozze Girl Seduces Serviceman in Hotel No Chance Big Ass Tit.mp4",390344532
"/mnt/spirit-8tb/media/yes/Dana DeArmond Stars in Steamy Tesla Fuck Video.mp4",392903290
"/mnt/spirit-8tb/media/yes/models/maditay/207601_720p.mp4",393069701
"/mnt/spirit-8tb/media/yes/videos from x/telishamareeASMR - Ear noms 😘 #asmr #earlicking [2048982438953746432].mp4",394644808
"/mnt/spirit-8tb/media/yes/Tommy Wood Nurse Role-Play with POV Doggy and Cumshot Beeg.mp4",395952633
"/mnt/spirit-8tb/media/yes/Luke Cooper English Slut Bonnie Blue Loves Big Dick Inside Her B.mp4",396888397
"/mnt/spirit-8tb/media/yes/v 2.mp4",396968314
"/mnt/spirit-8tb/media/yes/Sexy Lily Phillips Picked Up And Creampie In Self Driving Tesla.mp4",400100722
"/mnt/spirit-8tb/media/yes/Allinika the Girl Knows how to Distract from the Game. Beeg.mp4",405979748
"/mnt/spirit-8tb/media/yes/Candy Love I Want My Pussy Full of Cum Remove Condom no Birth Co.mp4",410178951
"/mnt/spirit-8tb/media/yes/models/emiliaofficial/Emilia Bunny A Playful Evening with a Natural Beauty Who Always.mp4",412935039
"/mnt/spirit-8tb/media/yes/b072fcb9f821c935f46a4ed67477a041.mp4",414044946
"/mnt/spirit-8tb/media/yes/Candy Love Passionate Lovemaking before Work. Beeg.mp4",420480368
"/mnt/spirit-8tb/media/yes/models/emiliaofficial/Emilia Bunny POV Woman Rubs Clit Receives Cum on Panties Beeg.mp4",421083282
"/mnt/spirit-8tb/media/yes/models/emiliaofficial/Emilia Bunny Sexy Schoolgirl in Pantyhose Helps with Homework Be.mp4",425433333
"/mnt/spirit-8tb/media/yes/videos from x/XXVIDEOS - angel youngs y autumn falls [2065030501170049024].mp4",426273389
"/mnt/spirit-8tb/media/yes/videos from x/keke - https：⧸⧸t.co⧸oz1GPLDhnx [2065030501170049024].mp4",426273427
"/mnt/spirit-8tb/media/yes/models/emiliaofficial/Emilia Bunny Schoolgirl Plays Hooky and gets Naughty on Camera B.mp4",430433566
"/mnt/spirit-8tb/media/yes/unknown/JoinUs @RisqueMega 184.mp4",433398339
"/mnt/spirit-8tb/media/yes/TheStartOfUs gamer Girl Fucks around Finds Out he Cums how many.mp4",441718760
"/mnt/spirit-8tb/media/yes/models/emiliaofficial/Emilia Bunny Horny Girl Takes It Deep Beeg.mp4",444771116
"/mnt/spirit-8tb/media/yes/video-2026-06-19T10-12-48.740Z.mp4",447868024
"/mnt/spirit-8tb/media/yes/models/emiliaofficial/Emilia Bunny 2 Cumshots. Feet Ride. the Wettest Pussy Beeg.mp4",449554503
"/mnt/spirit-8tb/media/yes/Candy Love Nut on Me and then Lets Fuck Beeg(1).mp4",462424722
"/mnt/spirit-8tb/media/yes/TheStartOfUs 3 Juicyyy Cumshots for 18 Yo Uwu Teeny Beeg.mp4",465511033
"/mnt/spirit-8tb/media/yes/models/izzy-green/Izzy Green Suck Till Mouth Got Filled With Cum Then Bounce On Th.mp4",471984210
"/mnt/spirit-8tb/media/yes/Candy Love Gooner Princess Edging until Cum Bomb Explodes Ahegao.mp4",477003338
"/mnt/spirit-8tb/media/yes/Natalie Roush Uncensored Lingerie Try On PPV Booty Spread Onlyfa.mp4",480840930
"/mnt/spirit-8tb/media/yes/Candy Love Her Doll-like Body Begs to Be Used Beeg.mp4",483116453
"/mnt/spirit-8tb/media/yes/Candy Love Good Boy Gets Good Head then Good Sex Beeg.mp4",485603930
"/mnt/spirit-8tb/media/yes/models/emiliaofficial/Emilia Bunny Help Me with the Game and Ill Help You Cum Step Sis.mp4",485845144
"/mnt/spirit-8tb/media/yes/video-2026-06-19T09-52-32.645Z.mp4",498195263
"/mnt/spirit-8tb/media/yes/models/yummy-couple/Ayucpl.mp4",500537437
"/mnt/spirit-8tb/media/yes/Lika Busy Ways to Ensure Female Pleasure and Orgasm Beeg.mp4",501487032
"/mnt/spirit-8tb/media/yes/Candy Love ive Oiled Myself Up for Your Cock so now U Gonna Fill.mp4",507640304
"/mnt/spirit-8tb/media/yes/models/aaliyah-yasin/Aaliyah Yasin Has Unprotected Sex With A Stranger.optimized.mp4",519857218
"/mnt/spirit-8tb/media/yes/models/sendnudesx/PlugLeakz.net - Join Telegram @PlugLeaksHub (224).mp4",528198691
"/mnt/spirit-8tb/media/yes/Ruth Lee Makes Her BF Cum Twice.mp4",538715020
"/mnt/spirit-8tb/media/yes/models/aaliyah-yasin/Visit onlyshare.io for MORE 86.mp4",541491435
"/mnt/spirit-8tb/media/yes/models/angela-white/556530_720p.mp4",550263227
"/mnt/spirit-8tb/media/yes/models/aaliyah-yasin/Visit onlyshare.io for MORE 79.mp4",558447664
"/mnt/spirit-8tb/media/yes/Sweet Herry Big Ass Brunette POV Cumshot Compilation Beeg.mp4",559193193
"/mnt/spirit-8tb/media/yes/14318872.mp4",564221211
"/mnt/spirit-8tb/media/yes/Eve How Did He Last so Long in This Gorgeous Ass Beeg.mp4",565874174
"/mnt/spirit-8tb/media/yes/models/chloe-lamb/JoinUs @RisqueMega 61.mp4",566805180
"/mnt/spirit-8tb/media/yes/Lika Busy She Came Back from the Party Without Panties so I Fuck.mp4",580616379
"/mnt/spirit-8tb/media/yes/Ruth Lee Gets Fucked Wearing Ripped Pants.mp4",582302347
"/mnt/spirit-8tb/media/yes/unknown/JoinUs @RisqueMega 64.mp4",629115851
"/mnt/spirit-8tb/media/yes/models/aaliyah-yasin/HkkzMtwQexuQzwkQMekM.mp4",666688410
"/mnt/spirit-8tb/media/yes/models/aaliyah-yasin/Visit onlyshare.io for MORE 62.mp4",666748232
"/mnt/spirit-8tb/media/yes/Candy Love how to Make Your Bf Cum Twice He Cant Resist My Tits.mp4",724980533
"/mnt/spirit-8tb/media/yes/models/aaliyah-yasin/Visit onlyshare.io for MORE 50.mp4",746019623
"/mnt/spirit-8tb/media/yes/Comatozze Sensual Encounter in Elegant Stockings Beeg.mp4",755961877
"/mnt/spirit-8tb/media/yes/Comatozze new sex on the first date.mp4",760715142
"/mnt/spirit-8tb/media/yes/Allinika Girl in Leggings Selects Her Ideal Match Beeg.mp4",778372093
"/mnt/spirit-8tb/media/yes/models/chloe-lamb/JoinUs @RisqueMega 25.mp4",790227436
"/mnt/spirit-8tb/media/yes/models/aaliyah-yasin/Visit onlyshare.io for MORE 40.mp4",801621371
"/mnt/spirit-8tb/media/yes/My Porn Plugg Neighbor Craves Intense Facial Cumshot Beeg.mp4",890422953
"/mnt/spirit-8tb/media/yes/Eve Cums Twice in Her Tight Ass Ass to Pussy to Ass Beeg.mp4",929041447
"/mnt/spirit-8tb/media/yes/Bonnie Blue Sucks And Fucks Her Driver.mp4",1016587629
"/mnt/spirit-8tb/media/yes/videos from x/MissAV（精剪版） - Chudai @LanVdai778 @hongxiutian @kongguyoul @chenyuluoy @xiaomidare [2038486183005884417].mp4",3312635735
