index,current_path,filename,normalized_basename,size_bytes,size_human,duration_seconds,duration_human,video_codec,audio_codec,width,height,jellyfin_item_id,jellyfin_name,in_yes_folder_queue,has_media_ingest_json,has_face_meta_json,other_sidecars,model_person_smart_metadata_presence,why_missing,nearest_weak_candidate,nearest_source,nearest_score,nearest_class,nearest_reasons,recommended_next_action
1,/mnt/spirit-8tb/media/yes/484374_720p.mkv,484374_720p.mkv,484374 720p,44153528,42.11 MiB,543.85,9:04,hevc,aac,406,720,B03F8725-1D76-2BBF-A0BC-41DB424589EE,484374_720p,true,true,true,,face_meta; media_ingest,"best MP4/M4V/MOV candidate score below possible threshold 0.50 across Dell originals, Windows backup, and Android backup",D:\tempVidStorage\anrdoidBackup\ruth-lee-after-gym-blowjob-titty-fuck-cumshot-video-leaked-480p.mp4,android-backup,0.4,weak/near only,duration <=1.5s; same aspect; same audio codec; similar size; mp4-like container,investigate renamed backup file
2,/mnt/spirit-8tb/media/yes/550807_720p.mkv,550807_720p.mkv,550807 720p,77935567,74.33 MiB,888.861,14:49,hevc,aac,1280,720,1F5CE77C-0916-55A3-D0F9-97C12B03545B,550807_720p,true,true,true,,face_meta; media_ingest,"best MP4/M4V/MOV candidate score below possible threshold 0.50 across Dell originals, Windows backup, and Android backup",D:\tempVidStorage\anrdoidBackup\442642_720p.mp4,android-backup,0.24,weak/near only,numeric id; duration <=15s; same audio codec; similar size; mp4-like container,keep MKV and Mac-optimize to MP4
3,/mnt/spirit-8tb/media/yes/432038_720p.mkv,432038_720p.mkv,432038 720p,90439863,86.25 MiB,952.903,15:53,hevc,aac,406,720,B8EC653C-FF91-2161-02C2-25D85A226E9B,432038_720p,true,true,true,,face_meta; media_ingest,"best MP4/M4V/MOV candidate score below possible threshold 0.50 across Dell originals, Windows backup, and Android backup",D:\tempVidStorage\anrdoidBackup\v 4.mp4,android-backup,0.22,weak/near only,duration <=5s; same audio codec; mp4-like container,keep MKV and Mac-optimize to MP4
4,/mnt/spirit-8tb/media/yes/14318872.mkv,14318872.mkv,14318872,126822781,120.95 MiB,1584.416,26:24,hevc,aac,1920,1080,00E1CC8E-2257-0790-2C34-92A443C59548,14318872,true,true,true,,face_meta; media_ingest,"best MP4/M4V/MOV candidate score below possible threshold 0.50 across Dell originals, Windows backup, and Android backup",/mnt/spirit-8tb/media-originals/keep-for-30-days/yes/mi-mqkpcwoj-4a52b578/Lexi Marvel Teases Her Seductive Curves.mp4,dell-original,0,no match,duration mismatch 1278.5s; same audio codec; mp4-like container,keep MKV and Mac-optimize to MP4
5,/mnt/spirit-8tb/media/yes/b072fcb9f821c935f46a4ed67477a041.mkv,b072fcb9f821c935f46a4ed67477a041.mkv,b072fcb9f821c935f46a4ed67477a041,42449710,40.48 MiB,536.503,8:57,hevc,aac,854,480,A80DC40F-BED2-0831-D2E6-25A7B6ABD009,b072fcb9f821c935f46a4ed67477a041,true,true,true,,face_meta; media_ingest,"best MP4/M4V/MOV candidate score below possible threshold 0.50 across Dell originals, Windows backup, and Android backup",D:\tempVidStorage\anrdoidBackup\ruth-lee-after-gym-blowjob-titty-fuck-cumshot-video-leaked-480p.mp4,android-backup,0.16,weak/near only,duration <=15s; same audio codec; similar size; mp4-like container,keep MKV and Mac-optimize to MP4
6,/mnt/spirit-8tb/media/yes/513329_720p.mkv,513329_720p.mkv,513329 720p,19004555,18.12 MiB,252.919,4:13,hevc,aac,406,720,61CB27E0-5735-9587-453C-02BB0E321D6B,513329_720p,true,true,true,,face_meta; media_ingest,"best MP4/M4V/MOV candidate score below possible threshold 0.50 across Dell originals, Windows backup, and Android backup",D:\tempVidStorage\anrdoidBackup\jvlrc49ddg~7KxkgZMm9j.mp4,android-backup,0.22,weak/near only,duration <=5s; same audio codec; mp4-like container,keep MKV and Mac-optimize to MP4
7,/mnt/spirit-8tb/media/yes/Aaliyah Yasin Has Unprotected Sex With A Stranger.optimized.mkv,Aaliyah Yasin Has Unprotected Sex With A Stranger.optimized.mkv,aaliyah yasin has unprotected sex with a stranger optimized,327185017,312.03 MiB,1959.81,32:40,hevc,aac,1280,720,229BDCD9-E017-9B26-7DFE-87813945C526,Aaliyah Yasin Has Unprotected Sex With A Stranger.optimized,true,true,false,,media_ingest,"best MP4/M4V/MOV candidate score below possible threshold 0.50 across Dell originals, Windows backup, and Android backup",/mnt/spirit-8tb/media-originals/keep-for-30-days/yes/mi-mqfrfcxw-65330397/Aaliyah Yasin Has Unprotected Sex With A Stranger.mp4,dell-original,0.4,weak/near only,duration <=1.5s; same resolution; same audio codec; mp4-like container,investigate renamed backup file
8,/mnt/spirit-8tb/media/yes/unknown/OF4LM.COM is our home__406.mkv,OF4LM.COM is our home__406.mkv,of4lm com is our home 406,8298562,7.91 MiB,99.883,1:40,hevc,aac,1040,760,B78A1E20-FCB2-E948-19DD-EF4C5699C1D6,OF4LM.COM is our home__406,true,true,true,,face_meta; media_ingest,"best MP4/M4V/MOV candidate score below possible threshold 0.50 across Dell originals, Windows backup, and Android backup",D:\tempVidStorage\anrdoidBackup\OF4LM.COM is our home__406.MP4,android-backup,0.45,weak/near only,numeric id; duration <=1.5s; same resolution; same audio codec; very different size; mp4-like container,investigate renamed backup file
9,/mnt/spirit-8tb/media/yes/unknown/ScreenRecording_05-20-2026 23-18-19_1.mkv,ScreenRecording_05-20-2026 23-18-19_1.mkv,screenrecording 05 20 2026 23 18 19 1,5837946,5.57 MiB,62.337,1:02,hevc,aac,884,1920,1EE32B92-D043-918A-DD40-CCF52AD5455D,ScreenRecording_05-20-2026 23-18-19_1,true,true,true,,face_meta; media_ingest,"best MP4/M4V/MOV candidate score below possible threshold 0.50 across Dell originals, Windows backup, and Android backup",D:\tempVidStorage\anrdoidBackup\ScreenRecording_05-20-2026 23-18-19_1.MP4,android-backup,0.48,weak/near only,numeric id; duration <=1.5s; same resolution; same video codec; same audio codec; very different size; mp4-like container,investigate renamed backup file
10,/mnt/spirit-8tb/media/yes/unknown/JoinUs @RisqueMega 233.mkv,JoinUs @RisqueMega 233.mkv,joinus risquemega 233,34115041,32.53 MiB,413.488,6:53,hevc,aac,1920,1080,C552C7FF-0286-6B9D-4205-5F32A28EC477,JoinUs @RisqueMega 233,true,true,true,,face_meta; media_ingest,"best MP4/M4V/MOV candidate score below possible threshold 0.50 across Dell originals, Windows backup, and Android backup",D:\tempVidStorage\anrdoidBackup\JoinUs @RisqueMega 233.MP4,android-backup,0.45,weak/near only,numeric id; duration <=1.5s; same resolution; same audio codec; very different size; mp4-like container,investigate renamed backup file
11,/mnt/spirit-8tb/media/yes/unknown/OF4LM.COM is our home__360.mkv,OF4LM.COM is our home__360.mkv,of4lm com is our home 360,2823190,2.69 MiB,34.026,0:34,hevc,aac,1280,720,CB38DBC3-F0FF-5A62-0282-9B177E49BBB4,OF4LM.COM is our home__360,true,true,true,,face_meta; media_ingest,"best MP4/M4V/MOV candidate score below possible threshold 0.50 across Dell originals, Windows backup, and Android backup",D:\tempVidStorage\anrdoidBackup\OF4LM.COM is our home__360.MP4,android-backup,0.45,weak/near only,numeric id; duration <=1.5s; same resolution; same audio codec; very different size; mp4-like container,investigate renamed backup file
12,/mnt/spirit-8tb/media/yes/unknown/JoinUs @RisqueMega 184.mkv,JoinUs @RisqueMega 184.mkv,joinus risquemega 184,46674171,44.51 MiB,561.719,9:22,hevc,aac,1920,1080,EE1FD037-86AD-68A1-23F5-22702D7FB3D7,JoinUs @RisqueMega 184,true,true,true,,face_meta; media_ingest,"best MP4/M4V/MOV candidate score below possible threshold 0.50 across Dell originals, Windows backup, and Android backup",D:\tempVidStorage\anrdoidBackup\JoinUs @RisqueMega 184.M4V,android-backup,0.45,weak/near only,numeric id; duration <=1.5s; same resolution; same audio codec; very different size; mp4-like container,investigate renamed backup file
13,/mnt/spirit-8tb/media/yes/unknown/OF4LM.COM is our home__315.mkv,OF4LM.COM is our home__315.mkv,of4lm com is our home 315,1174359,1.12 MiB,14.131,0:14,hevc,aac,1280,720,E0C57B5B-5AF0-6366-AB10-624557E76D5F,OF4LM.COM is our home__315,true,true,true,,face_meta; media_ingest,"best MP4/M4V/MOV candidate score below possible threshold 0.50 across Dell originals, Windows backup, and Android backup",D:\tempVidStorage\anrdoidBackup\OF4LM.COM is our home__315.MP4,android-backup,0.45,weak/near only,numeric id; duration <=1.5s; same resolution; same audio codec; very different size; mp4-like container,investigate renamed backup file
14,/mnt/spirit-8tb/media/yes/unknown/OF4LM.COM is our home__400.mkv,OF4LM.COM is our home__400.mkv,of4lm com is our home 400,4208011,4.01 MiB,50.667,0:51,hevc,aac,1184,888,EC4198B1-B148-B2C2-F219-BA50B4B9E328,OF4LM.COM is our home__400,true,true,true,,face_meta; media_ingest,"best MP4/M4V/MOV candidate score below possible threshold 0.50 across Dell originals, Windows backup, and Android backup",D:\tempVidStorage\anrdoidBackup\OF4LM.COM is our home__400.MP4,android-backup,0.45,weak/near only,numeric id; duration <=1.5s; same resolution; same audio codec; very different size; mp4-like container,investigate renamed backup file
15,/mnt/spirit-8tb/media/yes/unknown/JoinUs @RisqueMega 64.mkv,JoinUs @RisqueMega 64.mkv,joinus risquemega 64,67772018,64.63 MiB,815.64,13:36,hevc,aac,1920,1080,95449CBF-1164-A348-BCDE-BB9F4D9071AB,JoinUs @RisqueMega 64,true,true,true,,face_meta; media_ingest,"best MP4/M4V/MOV candidate score below possible threshold 0.50 across Dell originals, Windows backup, and Android backup",D:\tempVidStorage\anrdoidBackup\JoinUs @RisqueMega 64.MP4,android-backup,0.37,weak/near only,duration <=1.5s; same resolution; same audio codec; very different size; mp4-like container,investigate renamed backup file
16,/mnt/spirit-8tb/media/yes/unknown/OF4LM.COM is our home__377.mkv,OF4LM.COM is our home__377.mkv,of4lm com is our home 377,8210994,7.83 MiB,98.84,1:39,hevc,aac,1280,720,4948AF22-3CD3-2F5C-5C7D-1A9E59B2C934,OF4LM.COM is our home__377,true,true,true,,face_meta; media_ingest,"best MP4/M4V/MOV candidate score below possible threshold 0.50 across Dell originals, Windows backup, and Android backup",D:\tempVidStorage\anrdoidBackup\OF4LM.COM is our home__377.MP4,android-backup,0.45,weak/near only,numeric id; duration <=1.5s; same resolution; same audio codec; very different size; mp4-like container,investigate renamed backup file
17,/mnt/spirit-8tb/media/yes/models/leighbunbun/Visit onlyshare.io FOR MORE (8).mkv,Visit onlyshare.io FOR MORE (8).mkv,visit onlyshare io for more,5933581,5.66 MiB,71.213,1:11,hevc,aac,404,720,E021D4D7-7D4E-F14B-548A-B9114FA44F6C,Visit onlyshare.io FOR MORE (8),true,true,true,,face_meta; media_ingest,"best MP4/M4V/MOV candidate score below possible threshold 0.50 across Dell originals, Windows backup, and Android backup",/mnt/spirit-8tb/media-originals/keep-for-30-days/yes/mi-mqkpctjr-a4840d33/Lexi Marvel Shakes Her Lusty Cake.mp4,dell-original,0.37,weak/near only,duration <=1.5s; same aspect; same audio codec; mp4-like container,investigate renamed backup file
18,/mnt/spirit-8tb/media/yes/models/azilia-hadid/@boomboomhub TG (43).mkv,@boomboomhub TG (43).mkv,boomboomhub tg,7622327,7.27 MiB,91.75,1:32,hevc,aac,720,1280,DC715C98-2550-7FF1-09E6-9DC09375D4D6,@boomboomhub TG (43),true,true,true,,face_meta; media_ingest,"best MP4/M4V/MOV candidate score below possible threshold 0.50 across Dell originals, Windows backup, and Android backup",/mnt/spirit-8tb/media-originals/keep-for-30-days/yes/mi-mqkpcubx-ce9ad7c1/Lexi Marvel Teasing With Her Big Juicy Ass.mp4,dell-original,0.37,weak/near only,duration <=1.5s; same aspect; same audio codec; mp4-like container,investigate renamed backup file
19,/mnt/spirit-8tb/media/yes/models/azilia-hadid/@boomboomhub TG (50).mkv,@boomboomhub TG (50).mkv,boomboomhub tg,11416606,10.89 MiB,137.421,2:17,hevc,aac,1080,1920,4F8125BA-8259-C6A1-6AE1-534C4A16C3BE,@boomboomhub TG (50),true,true,true,,face_meta; media_ingest,"best MP4/M4V/MOV candidate score below possible threshold 0.50 across Dell originals, Windows backup, and Android backup",D:\tempVidStorage\CeCe Rose Leaked Video Teasing Her Dirty Nude OF Secret.mp4,windows-backup,0.37,weak/near only,duration <=1.5s; same aspect; same audio codec; mp4-like container,investigate renamed backup file
20,/mnt/spirit-8tb/media/yes/models/azilia-hadid/@boomboomhub TG (39).mkv,@boomboomhub TG (39).mkv,boomboomhub tg,29213967,27.86 MiB,351.635,5:52,hevc,aac,1080,1920,3F35678F-491D-285A-EE54-C151B7118037,@boomboomhub TG (39),true,true,true,,face_meta; media_ingest,"best MP4/M4V/MOV candidate score below possible threshold 0.50 across Dell originals, Windows backup, and Android backup",D:\tempVidStorage\anrdoidBackup\@boomboomhub TG (39).MP4,android-backup,0.37,weak/near only,duration <=1.5s; same resolution; same audio codec; very different size; mp4-like container,investigate renamed backup file
21,/mnt/spirit-8tb/media/yes/models/sienna-ababi/@DailyLeaksMain_5a6152622c58eb1a882b28ad94a5b92dbafc2eaa155bb35c1ce00b835156eba3.mkv,@DailyLeaksMain_5a6152622c58eb1a882b28ad94a5b92dbafc2eaa155bb35c1ce00b835156eba3.mkv,dailyleaksmain 5a6152622c58eb1a882b28ad94a5b92dbafc2eaa155bb35c1ce00b835156eba3,7784038,7.42 MiB,93.71,1:34,hevc,aac,1080,1920,D4B7AE1A-254A-94C8-03B2-3FA68A660F57,@DailyLeaksMain_5a6152622c58eb1a882b28ad94a5b92dbafc2eaa155bb35c1ce00b835156eba3,true,true,true,,face_meta; media_ingest,"best MP4/M4V/MOV candidate score below possible threshold 0.50 across Dell originals, Windows backup, and Android backup",D:\tempVidStorage\anrdoidBackup\@DailyLeaksMain_5a6152622c58eb1a882b28ad94a5b92dbafc2eaa155bb35c1ce00b835156eba3.MP4,android-backup,0.45,weak/near only,numeric id; duration <=1.5s; same resolution; same audio codec; very different size; mp4-like container,investigate renamed backup file
22,/mnt/spirit-8tb/media/yes/models/sienna-ababi/Visit onlyshare.io for MORE (7).mkv,Visit onlyshare.io for MORE (7).mkv,visit onlyshare io for more,1355480,1.29 MiB,16.341,0:16,hevc,aac,1280,720,2973B10E-D7DC-70F4-A7C3-2C9B09A6D10F,Visit onlyshare.io for MORE (7),true,true,true,,face_meta; media_ingest,"best MP4/M4V/MOV candidate score below possible threshold 0.50 across Dell originals, Windows backup, and Android backup",D:\tempVidStorage\anrdoidBackup\Visit onlyshare.io for MORE (7).MP4,android-backup,0.37,weak/near only,duration <=1.5s; same resolution; same audio codec; very different size; mp4-like container,investigate renamed backup file
23,/mnt/spirit-8tb/media/yes/models/sienna-ababi/Visit onlyshare.io for MORE (1).mkv,Visit onlyshare.io for MORE (1).mkv,visit onlyshare io for more,5734515,5.47 MiB,69.102,1:09,hevc,aac,1920,1080,2587D21A-6CE2-5B84-874D-C3DDF5B3D542,Visit onlyshare.io for MORE (1),true,true,true,,face_meta; media_ingest,"best MP4/M4V/MOV candidate score below possible threshold 0.50 across Dell originals, Windows backup, and Android backup",D:\tempVidStorage\anrdoidBackup\Visit onlyshare.io for MORE (1).MP4,android-backup,0.37,weak/near only,duration <=1.5s; same resolution; same audio codec; very different size; mp4-like container,investigate renamed backup file
24,/mnt/spirit-8tb/media/yes/models/sienna-ababi/Visit onlyshare.io for MORE (5).mkv,Visit onlyshare.io for MORE (5).mkv,visit onlyshare io for more,7102078,6.77 MiB,85.494,1:25,hevc,aac,1280,720,12930795-5CE7-DEC9-79F7-B4676A7F7443,Visit onlyshare.io for MORE (5),true,true,true,,face_meta; media_ingest,"best MP4/M4V/MOV candidate score below possible threshold 0.50 across Dell originals, Windows backup, and Android backup",D:\tempVidStorage\anrdoidBackup\Visit onlyshare.io for MORE (5).MP4,android-backup,0.37,weak/near only,duration <=1.5s; same resolution; same audio codec; very different size; mp4-like container,investigate renamed backup file
25,/mnt/spirit-8tb/media/yes/models/sienna-ababi/Visit onlyshare.io for MORE (28).mkv,Visit onlyshare.io for MORE (28).mkv,visit onlyshare io for more,2010044,1.92 MiB,24.224,0:24,hevc,aac,672,1232,AB7F1257-18AF-AA74-B2B1-D2A705C7DBDD,Visit onlyshare.io for MORE (28),true,true,true,,face_meta; media_ingest,"best MP4/M4V/MOV candidate score below possible threshold 0.50 across Dell originals, Windows backup, and Android backup",/mnt/spirit-8tb/media-originals/keep-for-30-days/yes/mi-mqh2xqdq-76f23a28/Savaschultz savaschulz savashultz Exclusive Leaked Nude OnlyFans(3).mp4,dell-original,0.4,weak/near only,duration <=1.5s; same aspect; same audio codec; similar size; mp4-like container,investigate renamed backup file
26,/mnt/spirit-8tb/media/yes/models/cutefru/Visit onlyshare.io for MORE 04419.mkv,Visit onlyshare.io for MORE 04419.mkv,visit onlyshare io for more 04419,12763362,12.17 MiB,154.354,2:34,hevc,aac,1080,1516,34E61BFA-BD45-70E5-8D21-38B782959E63,Visit onlyshare.io for MORE 04419,true,true,true,,face_meta; media_ingest,"best MP4/M4V/MOV candidate score below possible threshold 0.50 across Dell originals, Windows backup, and Android backup",D:\tempVidStorage\anrdoidBackup\Visit onlyshare.io for MORE 04419.MP4,android-backup,0.45,weak/near only,numeric id; duration <=1.5s; same resolution; same audio codec; very different size; mp4-like container,investigate renamed backup file
27,/mnt/spirit-8tb/media/yes/models/izzy-green/ScreenRecording_05-20-2026 23-16-39_1.mkv,ScreenRecording_05-20-2026 23-16-39_1.mkv,screenrecording 05 20 2026 23 16 39 1,2252236,2.15 MiB,29.693,0:30,hevc,aac,884,1920,6CD4CC81-6DD9-F771-F3F9-63F9642D2EC5,ScreenRecording_05-20-2026 23-16-39_1,true,true,true,,face_meta; media_ingest,"best MP4/M4V/MOV candidate score below possible threshold 0.50 across Dell originals, Windows backup, and Android backup",D:\tempVidStorage\anrdoidBackup\ScreenRecording_05-20-2026 23-16-39_1.MP4,android-backup,0.48,weak/near only,numeric id; duration <=1.5s; same resolution; same video codec; same audio codec; very different size; mp4-like container,investigate renamed backup file
28,/mnt/spirit-8tb/media/yes/models/izzy-green/Join ✨@ofxmega on [TELEGRAM] (218).mkv,Join ✨@ofxmega on [TELEGRAM] (218).mkv,join ofxmega on,5854757,5.58 MiB,70.479,1:10,hevc,aac,1080,1920,26DF8678-1934-42FC-274C-F1819E5148FD,Join ✨@ofxmega on [TELEGRAM] (218),false,true,true,,face_meta; media_ingest,"best MP4/M4V/MOV candidate score below possible threshold 0.50 across Dell originals, Windows backup, and Android backup",D:\tempVidStorage\anrdoidBackup\Join ✨@ofxmega on [TELEGRAM] (218).MP4,android-backup,0.45,weak/near only,numeric id; duration <=1.5s; same resolution; same audio codec; very different size; mp4-like container,investigate renamed backup file
29,/mnt/spirit-8tb/media/yes/models/izzy-green/Join ✨@ofxmega on [TELEGRAM] (283).mkv,Join ✨@ofxmega on [TELEGRAM] (283).mkv,join ofxmega on,4377566,4.17 MiB,52.533,0:53,hevc,aac,1232,656,B736B4CF-DDC9-4134-E426-67D93C7EA018,Join ✨@ofxmega on [TELEGRAM] (283),false,true,true,,face_meta; media_ingest,"best MP4/M4V/MOV candidate score below possible threshold 0.50 across Dell originals, Windows backup, and Android backup",D:\tempVidStorage\anrdoidBackup\Join ✨@ofxmega on [TELEGRAM] (283).MP4,android-backup,0.45,weak/near only,numeric id; duration <=1.5s; same resolution; same audio codec; very different size; mp4-like container,investigate renamed backup file
30,/mnt/spirit-8tb/media/yes/models/aaliyah-yasan/Visit onlyshare.io for MORE 40.mkv,Visit onlyshare.io for MORE 40.mkv,visit onlyshare io for more 40,86388352,82.39 MiB,1039.614,17:20,hevc,aac,1080,1920,000092E3-08A5-74D1-1A02-86D7ACE35874,Visit onlyshare.io for MORE 40,true,true,true,,face_meta; media_ingest,"best MP4/M4V/MOV candidate score below possible threshold 0.50 across Dell originals, Windows backup, and Android backup",D:\tempVidStorage\anrdoidBackup\Visit onlyshare.io for MORE 40.MP4,android-backup,0.37,weak/near only,duration <=1.5s; same resolution; same audio codec; very different size; mp4-like container,investigate renamed backup file
31,/mnt/spirit-8tb/media/yes/models/aaliyah-yasan/Visit onlyshare.io for MORE 86.mkv,Visit onlyshare.io for MORE 86.mkv,visit onlyshare io for more 86,58323645,55.62 MiB,702.026,11:42,hevc,aac,1920,1080,E66CD065-AFB5-E2C3-6B5E-66F04FB58FDB,Visit onlyshare.io for MORE 86,true,true,true,,face_meta; media_ingest,"best MP4/M4V/MOV candidate score below possible threshold 0.50 across Dell originals, Windows backup, and Android backup",D:\tempVidStorage\anrdoidBackup\Visit onlyshare.io for MORE 86.MP4,android-backup,0.37,weak/near only,duration <=1.5s; same resolution; same audio codec; very different size; mp4-like container,investigate renamed backup file
32,/mnt/spirit-8tb/media/yes/models/aaliyah-yasan/Visit onlyshare.io for MORE 130.mkv,Visit onlyshare.io for MORE 130.mkv,visit onlyshare io for more 130,9754574,9.30 MiB,117.484,1:57,hevc,aac,1080,1920,2872D564-E568-E928-9A3D-4D7C3DDE0B5D,Visit onlyshare.io for MORE 130,true,true,true,,face_meta; media_ingest,"best MP4/M4V/MOV candidate score below possible threshold 0.50 across Dell originals, Windows backup, and Android backup",D:\tempVidStorage\anrdoidBackup\Visit onlyshare.io for MORE 130.MP4,android-backup,0.45,weak/near only,numeric id; duration <=1.5s; same resolution; same audio codec; very different size; mp4-like container,investigate renamed backup file
33,/mnt/spirit-8tb/media/yes/models/aaliyah-yasan/Visit onlyshare.io for MORE 62.mkv,Visit onlyshare.io for MORE 62.mkv,visit onlyshare io for more 62,71808609,68.48 MiB,864.397,14:24,hevc,aac,1920,1080,B9E90558-2F0F-A4AC-EF80-BF4EDE68515D,Visit onlyshare.io for MORE 62,true,true,true,,face_meta; media_ingest,"best MP4/M4V/MOV candidate score below possible threshold 0.50 across Dell originals, Windows backup, and Android backup",D:\tempVidStorage\anrdoidBackup\Visit onlyshare.io for MORE 62.MP4,android-backup,0.37,weak/near only,duration <=1.5s; same resolution; same audio codec; very different size; mp4-like container,investigate renamed backup file
34,/mnt/spirit-8tb/media/yes/models/aaliyah-yasan/Visit onlyshare.io for MORE 79.mkv,Visit onlyshare.io for MORE 79.mkv,visit onlyshare io for more 79,60149670,57.36 MiB,723.923,12:04,hevc,aac,1920,1080,64F27033-DEF6-000A-29C4-3E48D88E50C9,Visit onlyshare.io for MORE 79,true,true,true,,face_meta; media_ingest,"best MP4/M4V/MOV candidate score below possible threshold 0.50 across Dell originals, Windows backup, and Android backup",/mnt/spirit-8tb/media-originals/keep-for-30-days/yes/mi-mqhh0ocp-f2f7c18e/Candy Love I Want My Pussy Full of Cum Remove Condom no Birth Co.mp4,dell-original,0.37,weak/near only,duration <=1.5s; same resolution; same audio codec; very different size; mp4-like container,investigate renamed backup file
35,/mnt/spirit-8tb/media/yes/models/aaliyah-yasan/Visit onlyshare.io for MORE 50.mkv,Visit onlyshare.io for MORE 50.mkv,visit onlyshare io for more 50,80396510,76.67 MiB,967.375,16:07,hevc,aac,1920,1080,EDD16B2F-2D75-3752-3EB9-5E5606F5AB21,Visit onlyshare.io for MORE 50,true,true,true,,face_meta; media_ingest,"best MP4/M4V/MOV candidate score below possible threshold 0.50 across Dell originals, Windows backup, and Android backup",/mnt/spirit-8tb/media-originals/keep-for-30-days/yes/mi-mqk95d3c-a93e3052/models/emiliaofficial/Emilia Bunny Strict Teachers Private Lesson Beeg.mp4,dell-original,0.4,weak/near only,duration <=1.5s; same resolution; same audio codec; mp4-like container,investigate renamed backup file
36,/mnt/spirit-8tb/media/yes/models/strawberrytabby/564677_720p.mkv,564677_720p.mkv,564677 720p,20099625,19.17 MiB,253.879,4:14,hevc,aac,404,720,2636F849-628B-70AF-D88E-E13ED5F89099,564677_720p,true,true,true,/mnt/spirit-8tb/media/yes/models/strawberrytabby/564677_720p.mkv.face-meta-2.json,face_meta; media_ingest,"best MP4/M4V/MOV candidate score below possible threshold 0.50 across Dell originals, Windows backup, and Android backup",D:\tempVidStorage\anrdoidBackup\jvlrc49ddg~7KxkgZMm9j.mp4,android-backup,0.22,weak/near only,duration <=5s; same audio codec; mp4-like container,keep MKV and Mac-optimize to MP4
37,/mnt/spirit-8tb/media/yes/models/cute-geekie/@MLHUBOF Telegram 🌌🔥 - 793.mkv,@MLHUBOF Telegram 🌌🔥 - 793.mkv,mlhubof telegram 793,20337259,19.40 MiB,244.82,4:05,hevc,aac,1080,1920,74BBCAD7-C8BC-211D-A106-8DDAFCF1D716,@MLHUBOF Telegram 🌌🔥 - 793,false,true,true,,face_meta; media_ingest,"best MP4/M4V/MOV candidate score below possible threshold 0.50 across Dell originals, Windows backup, and Android backup",D:\tempVidStorage\anrdoidBackup\@MLHUBOF Telegram 🌌🔥 - 793.M4V,android-backup,0.45,weak/near only,numeric id; duration <=1.5s; same resolution; same audio codec; very different size; mp4-like container,investigate renamed backup file
38,/mnt/spirit-8tb/media/yes/models/cute-geekie/Visit onlyshare.io for MORE 05135.mkv,Visit onlyshare.io for MORE 05135.mkv,visit onlyshare io for more 05135,9433361,9.00 MiB,125.525,2:06,hevc,aac,1920,1080,058D5F35-6C21-06B7-058D-1A6083300ABF,Visit onlyshare.io for MORE 05135,true,true,true,,face_meta; media_ingest,"best MP4/M4V/MOV candidate score below possible threshold 0.50 across Dell originals, Windows backup, and Android backup",D:\tempVidStorage\anrdoidBackup\Visit onlyshare.io for MORE 05135.MP4,android-backup,0.45,weak/near only,numeric id; duration <=1.5s; same resolution; same audio codec; very different size; mp4-like container,investigate renamed backup file
39,/mnt/spirit-8tb/media/yes/models/cute-geekie/@MLHUBOF Telegram 🌌🔥 - 537.mkv,@MLHUBOF Telegram 🌌🔥 - 537.mkv,mlhubof telegram 537,8190183,7.81 MiB,98.715,1:39,hevc,aac,1076,1822,0F85AE1F-8811-F930-2A00-A014C07DF518,@MLHUBOF Telegram 🌌🔥 - 537,false,true,true,,face_meta; media_ingest,"best MP4/M4V/MOV candidate score below possible threshold 0.50 across Dell originals, Windows backup, and Android backup",D:\tempVidStorage\anrdoidBackup\@MLHUBOF Telegram 🌌🔥 - 537.M4V,android-backup,0.45,weak/near only,numeric id; duration <=1.5s; same resolution; same audio codec; very different size; mp4-like container,investigate renamed backup file
40,/mnt/spirit-8tb/media/yes/models/cute-geekie/51591.mkv,51591.mkv,51591,68385057,65.22 MiB,780.469,13:00,hevc,aac,1284,720,F50A3A71-35FD-8252-9F27-400DD18E2604,51591,true,true,true,,face_meta; media_ingest,"best MP4/M4V/MOV candidate score below possible threshold 0.50 across Dell originals, Windows backup, and Android backup",D:\tempVidStorage\anrdoidBackup\548555_720p.mp4,android-backup,0.25,weak/near only,duration <=5s; same aspect; same audio codec; mp4-like container,keep MKV and Mac-optimize to MP4
41,/mnt/spirit-8tb/media/yes/models/cute-geekie/@MLHUBOF Telegram 🌌🔥 - 558.mkv,@MLHUBOF Telegram 🌌🔥 - 558.mkv,mlhubof telegram 558,5311444,5.07 MiB,66.477,1:06,hevc,aac,1078,1920,B37A1550-0800-0FDA-9D08-7BDD8A227A57,@MLHUBOF Telegram 🌌🔥 - 558,false,true,true,,face_meta; media_ingest,"best MP4/M4V/MOV candidate score below possible threshold 0.50 across Dell originals, Windows backup, and Android backup",D:\tempVidStorage\anrdoidBackup\@MLHUBOF Telegram 🌌🔥 - 558.MP4,android-backup,0.45,weak/near only,numeric id; duration <=1.5s; same resolution; same audio codec; very different size; mp4-like container,investigate renamed backup file
42,/mnt/spirit-8tb/media/yes/models/cute-geekie/@MLHUBOF Telegram 🌌🔥 - 959.mkv,@MLHUBOF Telegram 🌌🔥 - 959.mkv,mlhubof telegram 959,11615114,11.08 MiB,139.715,2:20,hevc,aac,1350,1080,E9DA57AA-2464-BA13-F6BD-041E8C2D59C6,@MLHUBOF Telegram 🌌🔥 - 959,false,true,true,,face_meta; media_ingest,"best MP4/M4V/MOV candidate score below possible threshold 0.50 across Dell originals, Windows backup, and Android backup",D:\tempVidStorage\CeCe Rose Leaked Video Teasing Her Dirty Nude OF Secret.mp4,windows-backup,0.22,weak/near only,duration <=5s; same audio codec; mp4-like container,keep MKV and Mac-optimize to MP4
43,/mnt/spirit-8tb/media/yes/models/cute-geekie/@MLHUBOF Telegram 🌌🔥 - 870.mkv,@MLHUBOF Telegram 🌌🔥 - 870.mkv,mlhubof telegram 870,6516842,6.21 MiB,82.656,1:23,hevc,aac,1080,1920,8771082C-F70D-591D-BD75-0D2B14AEF0F8,@MLHUBOF Telegram 🌌🔥 - 870,false,true,true,,face_meta; media_ingest,"best MP4/M4V/MOV candidate score below possible threshold 0.50 across Dell originals, Windows backup, and Android backup",D:\tempVidStorage\Devorah Roloff Video 47 Newest Porn Leaks - OnlyFans Leak Video.mp4,windows-backup,0.34,weak/near only,duration <=1.5s; same audio codec; mp4-like container,manual search by filename
44,/mnt/spirit-8tb/media/yes/models/sava-schultz/(21).mkv,(21).mkv,,3763821,3.59 MiB,45.287,0:45,hevc,aac,720,1280,761A8078-7178-9F3E-E9DD-5BDE778DE4B3,(21),true,true,true,,face_meta; media_ingest,"best MP4/M4V/MOV candidate score below possible threshold 0.50 across Dell originals, Windows backup, and Android backup",/mnt/spirit-8tb/media-originals/keep-for-30-days/yes/mi-mqh2y193-1b3b0e1c/models/sava-schultz/Savaschultz savaschulz savashultz Exclusive Leaked Nude OnlyFans(11).mp4,dell-original,0.4,weak/near only,duration <=1.5s; same aspect; same audio codec; similar size; mp4-like container,investigate renamed backup file
45,/mnt/spirit-8tb/media/yes/models/sava-schultz/(28).mkv,(28).mkv,,2784959,2.66 MiB,33.525,0:34,hevc,aac,720,1280,323BE3BA-E4F7-0E18-988E-C9F7B22287E7,(28),true,true,true,,face_meta; media_ingest,"best MP4/M4V/MOV candidate score below possible threshold 0.50 across Dell originals, Windows backup, and Android backup",D:\tempVidStorage\Sava schultz savaschultz 1 nectgbustytiktokteenpussybig boobshot(1).mp4,windows-backup,0.4,weak/near only,duration <=1.5s; same aspect; same audio codec; similar size; mp4-like container,investigate renamed backup file
46,/mnt/spirit-8tb/media/yes/models/sava-schultz/(116).mkv,(116).mkv,,1972188,1.88 MiB,23.765,0:24,hevc,aac,720,1280,39A6F0E7-A4BE-F881-2C84-2FD5D90B8969,(116),true,true,true,,face_meta; media_ingest,"best MP4/M4V/MOV candidate score below possible threshold 0.50 across Dell originals, Windows backup, and Android backup",D:\tempVidStorage\anrdoidBackup\(116).MP4,android-backup,0.45,weak/near only,numeric id; duration <=1.5s; same resolution; same audio codec; very different size; mp4-like container,investigate renamed backup file
47,/mnt/spirit-8tb/media/yes/models/sava-schultz/(19).mkv,(19).mkv,,4171818,3.98 MiB,50.208,0:50,hevc,aac,720,1062,4A27D0D8-D612-8FBA-F73A-12A92A16E242,(19),true,true,true,,face_meta; media_ingest,"best MP4/M4V/MOV candidate score below possible threshold 0.50 across Dell originals, Windows backup, and Android backup",D:\tempVidStorage\anrdoidBackup\(19).MP4,android-backup,0.37,weak/near only,duration <=1.5s; same resolution; same audio codec; very different size; mp4-like container,investigate renamed backup file
48,/mnt/spirit-8tb/media/yes/models/sava-schultz/(31).mkv,(31).mkv,,2609545,2.49 MiB,31.398,0:31,hevc,aac,720,1280,2983D100-FAD7-A56E-C9A1-BEC0A7405A65,(31),true,true,true,,face_meta; media_ingest,"best MP4/M4V/MOV candidate score below possible threshold 0.50 across Dell originals, Windows backup, and Android backup",D:\tempVidStorage\Sava schultz savaschultz 1 nectgbustytiktokteenpussybig boobshot(1).mp4,windows-backup,0.4,weak/near only,duration <=1.5s; same aspect; same audio codec; similar size; mp4-like container,investigate renamed backup file
49,/mnt/spirit-8tb/media/yes/models/jazmen-jafar/✨@ofxmega on [TELEGRAM] (288).mkv,✨@ofxmega on [TELEGRAM] (288).mkv,ofxmega on,1506193,1.44 MiB,18.135,0:18,hevc,aac,694,1232,97FC4ADD-CCC8-8AE2-2690-4C73478841A5,✨@ofxmega on [TELEGRAM] (288),false,true,true,,face_meta; media_ingest,"best MP4/M4V/MOV candidate score below possible threshold 0.50 across Dell originals, Windows backup, and Android backup",D:\tempVidStorage\anrdoidBackup\✨@ofxmega on [TELEGRAM] (288).M4V,android-backup,0.45,weak/near only,numeric id; duration <=1.5s; same resolution; same audio codec; very different size; mp4-like container,investigate renamed backup file
50,/mnt/spirit-8tb/media/yes/models/jazmen-jafar/✨@ofxmega on [TELEGRAM] (278).mkv,✨@ofxmega on [TELEGRAM] (278).mkv,ofxmega on,1892093,1.80 MiB,22.806,0:23,hevc,aac,634,1020,B3E0D7D0-9F9B-90F1-C514-9FF107EB68D2,✨@ofxmega on [TELEGRAM] (278),false,true,true,,face_meta; media_ingest,"best MP4/M4V/MOV candidate score below possible threshold 0.50 across Dell originals, Windows backup, and Android backup",D:\tempVidStorage\anrdoidBackup\✨@ofxmega on [TELEGRAM] (278).MP4,android-backup,0.45,weak/near only,numeric id; duration <=1.5s; same resolution; same audio codec; very different size; mp4-like container,investigate renamed backup file
51,/mnt/spirit-8tb/media/yes/models/jazmen-jafar/✨@ofxmega on [TELEGRAM] (279).mkv,✨@ofxmega on [TELEGRAM] (279).mkv,ofxmega on,1834473,1.75 MiB,22.139,0:22,hevc,aac,672,1232,BE83FAC6-A49D-7B03-15AE-80B8CF672B6F,✨@ofxmega on [TELEGRAM] (279),false,true,true,,face_meta; media_ingest,"best MP4/M4V/MOV candidate score below possible threshold 0.50 across Dell originals, Windows backup, and Android backup",D:\tempVidStorage\anrdoidBackup\✨@ofxmega on [TELEGRAM] (279).MP4,android-backup,0.45,weak/near only,numeric id; duration <=1.5s; same resolution; same audio codec; very different size; mp4-like container,investigate renamed backup file
52,/mnt/spirit-8tb/media/yes/models/jazmen-jafar/✨@ofxmega on [TELEGRAM] (86).mkv,✨@ofxmega on [TELEGRAM] (86).mkv,ofxmega on,1518998,1.45 MiB,18.302,0:18,hevc,aac,720,1148,C613DD6D-0569-E8C4-5D84-1701F29A8013,✨@ofxmega on [TELEGRAM] (86),false,true,true,,face_meta; media_ingest,"best MP4/M4V/MOV candidate score below possible threshold 0.50 across Dell originals, Windows backup, and Android backup",/mnt/spirit-8tb/media-originals/keep-for-30-days/yes/mi-mqfra6uc-c05d8f00/models/sava-schultz/Savaschultz savaschulz savashultz Exclusive Leaked Nude OnlyFans(13).mp4,dell-original,0.34,weak/near only,duration <=1.5s; same audio codec; mp4-like container,manual search by filename
53,/mnt/spirit-8tb/media/yes/models/jazmen-jafar/✨@ofxmega on [TELEGRAM] (274).mkv,✨@ofxmega on [TELEGRAM] (274).mkv,ofxmega on,2029464,1.94 MiB,24.474,0:24,hevc,aac,672,1232,45A2FF6D-352C-6B79-6403-4F0205BD6036,✨@ofxmega on [TELEGRAM] (274),false,true,true,,face_meta; media_ingest,"best MP4/M4V/MOV candidate score below possible threshold 0.50 across Dell originals, Windows backup, and Android backup",D:\tempVidStorage\anrdoidBackup\✨@ofxmega on [TELEGRAM] (274).MP4,android-backup,0.45,weak/near only,numeric id; duration <=1.5s; same resolution; same audio codec; very different size; mp4-like container,investigate renamed backup file
54,/mnt/spirit-8tb/media/yes/models/jazmen-jafar/✨@ofxmega on [TELEGRAM] (299).mkv,✨@ofxmega on [TELEGRAM] (299).mkv,ofxmega on,1283751,1.22 MiB,15.424,0:15,hevc,aac,888,1658,5D29B58A-D5F3-26DD-A80B-C74C1A635DA9,✨@ofxmega on [TELEGRAM] (299),false,true,true,,face_meta; media_ingest,"best MP4/M4V/MOV candidate score below possible threshold 0.50 across Dell originals, Windows backup, and Android backup",D:\tempVidStorage\anrdoidBackup\✨@ofxmega on [TELEGRAM] (299).MP4,android-backup,0.45,weak/near only,numeric id; duration <=1.5s; same resolution; same audio codec; very different size; mp4-like container,investigate renamed backup file
55,/mnt/spirit-8tb/media/yes/models/jazmen-jafar/✨@ofxmega on [TELEGRAM] (286).mkv,✨@ofxmega on [TELEGRAM] (286).mkv,ofxmega on,1530259,1.46 MiB,18.427,0:18,hevc,aac,680,1276,3608500D-D189-E450-75C8-5F5E042A3655,✨@ofxmega on [TELEGRAM] (286),false,true,true,,face_meta; media_ingest,"best MP4/M4V/MOV candidate score below possible threshold 0.50 across Dell originals, Windows backup, and Android backup",D:\tempVidStorage\anrdoidBackup\✨@ofxmega on [TELEGRAM] (286).MP4,android-backup,0.45,weak/near only,numeric id; duration <=1.5s; same resolution; same audio codec; very different size; mp4-like container,investigate renamed backup file
56,/mnt/spirit-8tb/media/yes/models/jazmen-jafar/✨@ofxmega on [TELEGRAM] (295).mkv,✨@ofxmega on [TELEGRAM] (295).mkv,ofxmega on,1350325,1.29 MiB,16.216,0:16,hevc,aac,696,1276,9AAC2452-4217-BF96-6DB1-78EDD58DBC42,✨@ofxmega on [TELEGRAM] (295),false,true,true,,face_meta; media_ingest,"best MP4/M4V/MOV candidate score below possible threshold 0.50 across Dell originals, Windows backup, and Android backup",D:\tempVidStorage\anrdoidBackup\✨@ofxmega on [TELEGRAM] (295).MP4,android-backup,0.45,weak/near only,numeric id; duration <=1.5s; same resolution; same audio codec; very different size; mp4-like container,investigate renamed backup file
57,/mnt/spirit-8tb/media/yes/models/jazmen-jafar/✨@ofxmega on [TELEGRAM] (276).mkv,✨@ofxmega on [TELEGRAM] (276).mkv,ofxmega on,2016714,1.92 MiB,24.266,0:24,hevc,aac,696,1276,58D52AA8-360C-E6E6-4FFD-F10498E514FA,✨@ofxmega on [TELEGRAM] (276),false,true,true,,face_meta; media_ingest,"best MP4/M4V/MOV candidate score below possible threshold 0.50 across Dell originals, Windows backup, and Android backup",D:\tempVidStorage\anrdoidBackup\✨@ofxmega on [TELEGRAM] (276).MP4,android-backup,0.45,weak/near only,numeric id; duration <=1.5s; same resolution; same audio codec; very different size; mp4-like container,investigate renamed backup file
58,/mnt/spirit-8tb/media/yes/models/angela-white/556530_720p.mkv,556530_720p.mkv,556530 720p,128939503,122.97 MiB,1561.426,26:01,hevc,aac,1280,720,A9B18425-B2D8-8FF1-977E-BA341FAC49A7,556530_720p,true,true,true,,face_meta; media_ingest,"best MP4/M4V/MOV candidate score below possible threshold 0.50 across Dell originals, Windows backup, and Android backup",D:\tempVidStorage\anrdoidBackup\15517_720p.mp4,android-backup,0.02,weak/near only,numeric id; duration mismatch 1318.8s; same resolution; same audio codec; mp4-like container,keep MKV and Mac-optimize to MP4
59,/mnt/spirit-8tb/media/yes/models/sendnudesx/PlugLeakz.net - Join Telegram @PlugLeaksHub (224).mkv,PlugLeakz.net - Join Telegram @PlugLeaksHub (224).mkv,plugleakz net join telegram plugleakshub,56868809,54.23 MiB,684.592,11:25,hevc,aac,1080,1920,2E44C35B-8582-7F31-DB07-2C1E143CF90B,PlugLeakz.net - Join Telegram @PlugLeaksHub (224),true,true,true,,face_meta; media_ingest,"best MP4/M4V/MOV candidate score below possible threshold 0.50 across Dell originals, Windows backup, and Android backup",D:\tempVidStorage\anrdoidBackup\PlugLeakz.net - Join Telegram @PlugLeaksHub (224).MP4,android-backup,0.45,weak/near only,numeric id; duration <=1.5s; same resolution; same audio codec; very different size; mp4-like container,investigate renamed backup file
60,/mnt/spirit-8tb/media/yes/models/sendnudesx/PlugLeakz.net - Join Telegram @PlugLeaksHub (198).mkv,PlugLeakz.net - Join Telegram @PlugLeaksHub (198).mkv,plugleakz net join telegram plugleakshub,19923932,19.00 MiB,239.815,3:60,hevc,aac,1080,1920,4E59A8A1-6A18-DC93-7453-7422F1CF76C2,PlugLeakz.net - Join Telegram @PlugLeaksHub (198),true,true,true,,face_meta; media_ingest,"best MP4/M4V/MOV candidate score below possible threshold 0.50 across Dell originals, Windows backup, and Android backup",D:\tempVidStorage\anrdoidBackup\PlugLeakz.net - Join Telegram @PlugLeaksHub (198).MP4,android-backup,0.45,weak/near only,numeric id; duration <=1.5s; same resolution; same audio codec; very different size; mp4-like container,investigate renamed backup file
61,/mnt/spirit-8tb/media/yes/models/yummy-couple/Ayucpl.mkv,Ayucpl.mkv,ayucpl,53914063,51.42 MiB,648.973,10:49,hevc,aac,1920,1080,BC075548-275C-3604-00D5-542DAD61CB80,Ayucpl,true,true,true,,face_meta; media_ingest,"best MP4/M4V/MOV candidate score below possible threshold 0.50 across Dell originals, Windows backup, and Android backup",D:\tempVidStorage\anrdoidBackup\Ayucpl.MP4,android-backup,0.37,weak/near only,duration <=1.5s; same resolution; same audio codec; very different size; mp4-like container,investigate renamed backup file
62,/mnt/spirit-8tb/media/yes/models/kinkykttn/OF4LM.COM is our home__297.mkv,OF4LM.COM is our home__297.mkv,of4lm com is our home 297,3216007,3.07 MiB,38.593,0:39,hevc,aac,990,588,3F190B41-A118-2724-17FB-5ACD6C88B9D2,OF4LM.COM is our home__297,true,true,true,,face_meta; media_ingest,"best MP4/M4V/MOV candidate score below possible threshold 0.50 across Dell originals, Windows backup, and Android backup",D:\tempVidStorage\anrdoidBackup\OF4LM.COM is our home__297.MP4,android-backup,0.45,weak/near only,numeric id; duration <=1.5s; same resolution; same audio codec; very different size; mp4-like container,investigate renamed backup file
63,/mnt/spirit-8tb/media/yes/models/kinkykttn/OF4LM.COM is our home__282.mkv,OF4LM.COM is our home__282.mkv,of4lm com is our home 282,10620971,10.13 MiB,127.786,2:08,hevc,aac,1280,720,166B714B-322F-E4E7-13E9-6EC263640B93,OF4LM.COM is our home__282,true,true,true,,face_meta; media_ingest,"best MP4/M4V/MOV candidate score below possible threshold 0.50 across Dell originals, Windows backup, and Android backup",D:\tempVidStorage\anrdoidBackup\OF4LM.COM is our home__282.MP4,android-backup,0.45,weak/near only,numeric id; duration <=1.5s; same resolution; same audio codec; very different size; mp4-like container,investigate renamed backup file
64,/mnt/spirit-8tb/media/yes/models/chloe-lamb/JoinUs @RisqueMega 61.mkv,JoinUs @RisqueMega 61.mkv,joinus risquemega 61,61030387,58.20 MiB,734.642,12:15,hevc,aac,1920,1080,414833CE-58A9-62B2-EF8B-8260A8F3CB8E,JoinUs @RisqueMega 61,true,true,true,,face_meta; media_ingest,"best MP4/M4V/MOV candidate score below possible threshold 0.50 across Dell originals, Windows backup, and Android backup",/mnt/spirit-8tb/media-originals/keep-for-30-days/yes/mi-mqk95gyv-8126ec27/models/emiliaofficial/Emilia Bunny Sexy Schoolgirl in Pantyhose Helps with Homework Be.mp4,dell-original,0.37,weak/near only,duration <=1.5s; same resolution; same audio codec; very different size; mp4-like container,investigate renamed backup file
65,/mnt/spirit-8tb/media/yes/models/chloe-lamb/JoinUs @RisqueMega 25.mkv,JoinUs @RisqueMega 25.mkv,joinus risquemega 25,85129070,81.19 MiB,1024.682,17:05,hevc,aac,1080,1920,C8D64396-145A-4469-3998-157272052299,JoinUs @RisqueMega 25,true,true,true,,face_meta; media_ingest,"best MP4/M4V/MOV candidate score below possible threshold 0.50 across Dell originals, Windows backup, and Android backup",D:\tempVidStorage\anrdoidBackup\JoinUs @RisqueMega 25.MP4,android-backup,0.37,weak/near only,duration <=1.5s; same resolution; same audio codec; very different size; mp4-like container,investigate renamed backup file
