path,filename,size_bytes,size_human,probe_ok,container,duration_seconds,video_codec,audio_codec,width,height,moov_position,mobile_safe,needs_mac_optimization
/mnt/spirit-8tb/media/yes/Natalie Roush Teases Her Thicc Booty Twerking in Leaked Onlyfans.mp4,Natalie Roush Teases Her Thicc Booty Twerking in Leaked Onlyfans.mp4,29729437,28.35 MiB,true,"mov,mp4,m4a,3gp,3g2,mj2",70.799708,h264,aac,1080,1920,not_checked_in_bulk,yes,no
/mnt/spirit-8tb/media/yes/RisqueCore Vid 73.mp4,RisqueCore Vid 73.mp4,12627218,12.04 MiB,true,"mov,mp4,m4a,3gp,3g2,mj2",15.724042,h264,aac,624,1080,not_checked_in_bulk,yes,no
/mnt/spirit-8tb/media/yes/Devorah Roloff Gives A Vibrator A Good Sucking Devorah Roloff On.mp4,Devorah Roloff Gives A Vibrator A Good Sucking Devorah Roloff On.mp4,28786776,27.45 MiB,true,"mov,mp4,m4a,3gp,3g2,mj2",117.863991,h264,aac,406,720,not_checked_in_bulk,yes,no
/mnt/spirit-8tb/media/yes/Sava.schultz Nudes Boobs PPV OnlyFans Video Leaked.mp4,Sava.schultz Nudes Boobs PPV OnlyFans Video Leaked.mp4,2190746,2.09 MiB,true,"mov,mp4,m4a,3gp,3g2,mj2",43.863991,h264,aac,270,480,not_checked_in_bulk,yes,no
/mnt/spirit-8tb/media/yes/Sava.schultz Nude Solo Tease OnlyFans Video Leaked.mp4,Sava.schultz Nude Solo Tease OnlyFans Video Leaked.mp4,10632457,10.14 MiB,true,"mov,mp4,m4a,3gp,3g2,mj2",131.823991,h264,aac,406,720,not_checked_in_bulk,yes,no
/mnt/spirit-8tb/media/yes/Aaliyah Yasin Tits Cummed After BJ Onlyfans UsualFans.mp4,Aaliyah Yasin Tits Cummed After BJ Onlyfans UsualFans.mp4,116748419,111.34 MiB,true,"mov,mp4,m4a,3gp,3g2,mj2",518.634667,h264,aac,1280,720,not_checked_in_bulk,yes,no
/mnt/spirit-8tb/media/yes/Lika Busy Got Horny while Walking in the Woods and Asked My Frie.mp4,Lika Busy Got Horny while Walking in the Woods and Asked My Frie.mp4,360978436,344.26 MiB,true,"mov,mp4,m4a,3gp,3g2,mj2",625.516333,h264,aac,1920,1080,not_checked_in_bulk,yes,no
/mnt/spirit-8tb/media/yes/Allinika the Girl Knows how to Distract from the Game. Beeg.mp4,Allinika the Girl Knows how to Distract from the Game. Beeg.mp4,405979748,387.17 MiB,true,"mov,mp4,m4a,3gp,3g2,mj2",707.001179,h264,aac,1920,1080,not_checked_in_bulk,yes,no
/mnt/spirit-8tb/media/yes/b4b6c2d0fc023a2f9bff6ffb4865c66444afe6ffb05a331d1fa29a3f50d181b4.mp4,b4b6c2d0fc023a2f9bff6ffb4865c66444afe6ffb05a331d1fa29a3f50d181b4.mp4,14761627,14.08 MiB,true,"mov,mp4,m4a,3gp,3g2,mj2",13.1131,h264,aac,1080,1920,not_checked_in_bulk,yes,no
/mnt/spirit-8tb/media/yes/Devorah Roloff OnlyFans For Free May-2024 7.mp4,Devorah Roloff OnlyFans For Free May-2024 7.mp4,27759013,26.47 MiB,true,"mov,mp4,m4a,3gp,3g2,mj2",67.263991,h264,aac,1920,1080,not_checked_in_bulk,yes,no
/mnt/spirit-8tb/media/yes/v 2.mp4,v 2.mp4,396968314,378.58 MiB,true,"mov,mp4,m4a,3gp,3g2,mj2",1756.297,h264,aac,1280,720,not_checked_in_bulk,yes,no
/mnt/spirit-8tb/media/yes/spiritos-test-video-2.mp4,spiritos-test-video-2.mp4,146843,143.40 KiB,true,"mov,mp4,m4a,3gp,3g2,mj2",10,h264,aac,640,360,not_checked_in_bulk,yes,no
/mnt/spirit-8tb/media/yes/Devorah Roloff Car Flashing Full Nude PPV.mp4,Devorah Roloff Car Flashing Full Nude PPV.mp4,104687855,99.84 MiB,true,"mov,mp4,m4a,3gp,3g2,mj2",166.235962,h264,aac,1918,994,not_checked_in_bulk,yes,no
/mnt/spirit-8tb/media/yes/Urfavbellabby Fucked On The Golf Course Video Leaked.mp4,Urfavbellabby Fucked On The Golf Course Video Leaked.mp4,22609952,21.56 MiB,true,"mov,mp4,m4a,3gp,3g2,mj2",357.943991,h264,aac,270,480,not_checked_in_bulk,yes,no
/mnt/spirit-8tb/media/yes/484374_720p.mp4,484374_720p.mp4,58233262,55.54 MiB,true,"mov,mp4,m4a,3gp,3g2,mj2",543.850667,h264,aac,406,720,not_checked_in_bulk,yes,no
/mnt/spirit-8tb/media/yes/334120.mp4,334120.mp4,42033794,40.09 MiB,true,"mov,mp4,m4a,3gp,3g2,mj2",598.586015,h264,aac,854,480,not_checked_in_bulk,yes,no
/mnt/spirit-8tb/media/yes/360 5.mp4,360 5.mp4,25504571,24.32 MiB,true,"mov,mp4,m4a,3gp,3g2,mj2",484.9845,h264,aac,640,360,not_checked_in_bulk,yes,no
/mnt/spirit-8tb/media/yes/c60133f91ac7a5f18769c96232cd4d9b03e85cc5ce8e0be365d73cf81d675d6e.mp4,c60133f91ac7a5f18769c96232cd4d9b03e85cc5ce8e0be365d73cf81d675d6e.mp4,15958995,15.22 MiB,true,"mov,mp4,m4a,3gp,3g2,mj2",14.180833,h264,aac,1076,1652,not_checked_in_bulk,yes,no
/mnt/spirit-8tb/media/yes/Ruth Lee Savors Cock In POV.mp4,Ruth Lee Savors Cock In POV.mp4,310659988,296.27 MiB,true,"mov,mp4,m4a,3gp,3g2,mj2",1100.065633,h264,aac,1280,720,not_checked_in_bulk,yes,no
/mnt/spirit-8tb/media/yes/Ruth Lees Seductive Jerk Off Instructions.mp4,Ruth Lees Seductive Jerk Off Instructions.mp4,48482255,46.24 MiB,true,"mov,mp4,m4a,3gp,3g2,mj2",361.527833,h264,aac,406,720,not_checked_in_bulk,yes,no
/mnt/spirit-8tb/media/yes/Devorah Roloff Video 47 Newest Porn Leaks - OnlyFans Leak Video.mp4,Devorah Roloff Video 47 Newest Porn Leaks - OnlyFans Leak Video.mp4,15764095,15.03 MiB,true,"mov,mp4,m4a,3gp,3g2,mj2",82.988231,h264,aac,1280,720,not_checked_in_bulk,yes,no
/mnt/spirit-8tb/media/yes/Devorah Roloff Video 49 Newest Porn Leaks - OnlyFans Leak Video.mp4,Devorah Roloff Video 49 Newest Porn Leaks - OnlyFans Leak Video.mp4,14649290,13.97 MiB,true,"mov,mp4,m4a,3gp,3g2,mj2",220.891224,h264,aac,332,720,not_checked_in_bulk,yes,no
/mnt/spirit-8tb/media/yes/Heyimbee Onlyfans Leaked Video Teases a Milky Messy Shower PPV.mp4,Heyimbee Onlyfans Leaked Video Teases a Milky Messy Shower PPV.mp4,2912791,2.78 MiB,true,"mov,mp4,m4a,3gp,3g2,mj2",43.862993,h264,aac,406,720,not_checked_in_bulk,yes,no
/mnt/spirit-8tb/media/yes/217809.mp4,217809.mp4,43059784,41.07 MiB,true,"mov,mp4,m4a,3gp,3g2,mj2",641.142031,h264,aac,270,480,not_checked_in_bulk,yes,no
/mnt/spirit-8tb/media/yes/DR 024.mp4.mp4,DR 024.mp4.mp4,11731046,11.19 MiB,true,"mov,mp4,m4a,3gp,3g2,mj2",14.213833,h264,aac,1080,1920,not_checked_in_bulk,yes,no
/mnt/spirit-8tb/media/yes/video-2026-06-19T10-12-48.740Z.mp4,video-2026-06-19T10-12-48.740Z.mp4,447868024,427.12 MiB,true,"mov,mp4,m4a,3gp,3g2,mj2",1482.794667,h264,aac,1290,720,not_checked_in_bulk,yes,no
/mnt/spirit-8tb/media/yes/DR 023.mp4.mp4,DR 023.mp4.mp4,18329470,17.48 MiB,true,"mov,mp4,m4a,3gp,3g2,mj2",22.847458,h264,aac,1080,1920,not_checked_in_bulk,yes,no
/mnt/spirit-8tb/media/yes/3869.mp4,3869.mp4,42913012,40.93 MiB,true,"mov,mp4,m4a,3gp,3g2,mj2",614.04,h264,aac,270,480,not_checked_in_bulk,yes,no
/mnt/spirit-8tb/media/yes/Brenda Trindade gets a messy facial in POV outdoor action.mp4,Brenda Trindade gets a messy facial in POV outdoor action.mp4,29644204,28.27 MiB,true,"mov,mp4,m4a,3gp,3g2,mj2",222.983991,h264,aac,402,720,not_checked_in_bulk,yes,no
/mnt/spirit-8tb/media/yes/Hey I M Bee AKA Heyimbee Playing With Herself Soft Mouth Sounds.mp4,Hey I M Bee AKA Heyimbee Playing With Herself Soft Mouth Sounds.mp4,32655028,31.14 MiB,true,"mov,mp4,m4a,3gp,3g2,mj2",80.022,h264,aac,720,1280,not_checked_in_bulk,yes,no
/mnt/spirit-8tb/media/yes/Ruth Lee Squirts While Getting Pounded.mp4,Ruth Lee Squirts While Getting Pounded.mp4,158090107,150.77 MiB,true,"mov,mp4,m4a,3gp,3g2,mj2",945.941,h264,aac,406,720,not_checked_in_bulk,yes,no
/mnt/spirit-8tb/media/yes/Cece Rose Practices BJ Skills With A Dildo.mp4,Cece Rose Practices BJ Skills With A Dildo.mp4,35573585,33.93 MiB,true,"mov,mp4,m4a,3gp,3g2,mj2",306.572933,h264,aac,404,720,not_checked_in_bulk,yes,no
/mnt/spirit-8tb/media/yes/Crazy Hot Canadian Chick Urfavbellabby Banged Deep.mp4,Crazy Hot Canadian Chick Urfavbellabby Banged Deep.mp4,21002722,20.03 MiB,true,"mov,mp4,m4a,3gp,3g2,mj2",463.343991,h264,aac,270,480,not_checked_in_bulk,yes,no
/mnt/spirit-8tb/media/yes/Comatozze Girl Seduces Serviceman in Hotel No Chance Big Ass Tit.mp4,Comatozze Girl Seduces Serviceman in Hotel No Chance Big Ass Tit.mp4,390344532,372.26 MiB,true,"mov,mp4,m4a,3gp,3g2,mj2",939.966,h264,aac,1920,1080,not_checked_in_bulk,yes,no
/mnt/spirit-8tb/media/yes/Jakara Mitchell Bounces Her Bubble Butt On His Dick.mp4,Jakara Mitchell Bounces Her Bubble Butt On His Dick.mp4,63601292,60.65 MiB,true,"mov,mp4,m4a,3gp,3g2,mj2",718.383991,h264,aac,406,720,not_checked_in_bulk,yes,no
/mnt/spirit-8tb/media/yes/Heyimbee - Busty E-Girl Onlyfans Leaked - Fapdungeon.mp4,Heyimbee - Busty E-Girl Onlyfans Leaked - Fapdungeon.mp4,5393918,5.14 MiB,true,"mov,mp4,m4a,3gp,3g2,mj2",16.996292,h264,aac,1080,1920,not_checked_in_bulk,yes,no
/mnt/spirit-8tb/media/yes/Heyimbee pov Dirty Tray On Video Leaked.mp4,Heyimbee pov Dirty Tray On Video Leaked.mp4,6567682,6.26 MiB,true,"mov,mp4,m4a,3gp,3g2,mj2",100.457333,h264,aac,860,444,not_checked_in_bulk,yes,no
/mnt/spirit-8tb/media/yes/Candy Love Nut on Me and then Lets Fuck Beeg.mp4,Candy Love Nut on Me and then Lets Fuck Beeg.mp4,914697,893.26 KiB,true,"mov,mp4,m4a,3gp,3g2,mj2",3.52,h264,aac,1920,1080,not_checked_in_bulk,yes,no
/mnt/spirit-8tb/media/yes/Devorah Roloff Nude Leaked OnlyFans Video 348 - Ibradome.mp4,Devorah Roloff Nude Leaked OnlyFans Video 348 - Ibradome.mp4,14137620,13.48 MiB,true,"mov,mp4,m4a,3gp,3g2,mj2",60.518792,hevc,aac,1280,720,not_checked_in_bulk,no,yes
/mnt/spirit-8tb/media/yes/Ruth Lee Makes Her BF Cum Twice.mp4,Ruth Lee Makes Her BF Cum Twice.mp4,538715020,513.76 MiB,true,"mov,mp4,m4a,3gp,3g2,mj2",1539.136,h264,aac,1280,720,not_checked_in_bulk,yes,no
/mnt/spirit-8tb/media/yes/HeyImBee Leaked OF Video Teases Her Perfect Curves in Raw Uncut.mp4,HeyImBee Leaked OF Video Teases Her Perfect Curves in Raw Uncut.mp4,87565606,83.51 MiB,true,"mov,mp4,m4a,3gp,3g2,mj2",1822.142993,h264,aac,854,480,not_checked_in_bulk,yes,no
/mnt/spirit-8tb/media/yes/My Porn Plugg Stepsister Couch Footjob After Work Beeg.mp4,My Porn Plugg Stepsister Couch Footjob After Work Beeg.mp4,246030533,234.63 MiB,true,"mov,mp4,m4a,3gp,3g2,mj2",800.041333,h264,aac,1920,1080,not_checked_in_bulk,yes,no
/mnt/spirit-8tb/media/yes/Sava Schultz Squeezy Nude Big Nature Boobs POV Onlyfans Video.mp4,Sava Schultz Squeezy Nude Big Nature Boobs POV Onlyfans Video.mp4,20158974,19.23 MiB,true,"mov,mp4,m4a,3gp,3g2,mj2",46.08,h264,aac,392,720,not_checked_in_bulk,yes,no
/mnt/spirit-8tb/media/yes/Devorah Roloff ONLY FANS Licking Vibrating toy.mp4,Devorah Roloff ONLY FANS Licking Vibrating toy.mp4,6376114,6.08 MiB,true,"mov,mp4,m4a,3gp,3g2,mj2",68.183991,h264,aac,406,720,not_checked_in_bulk,yes,no
/mnt/spirit-8tb/media/yes/Ruth Lees ASMR Sloppy Blowjob.mp4,Ruth Lees ASMR Sloppy Blowjob.mp4,95581470,91.15 MiB,true,"mov,mp4,m4a,3gp,3g2,mj2",495.537007,h264,aac,1280,720,not_checked_in_bulk,yes,no
/mnt/spirit-8tb/media/yes/Heyimbee Tease - EroThots.mp4,Heyimbee Tease - EroThots.mp4,5619102,5.36 MiB,true,"mov,mp4,m4a,3gp,3g2,mj2",129.323023,h264,aac,270,480,not_checked_in_bulk,yes,no
/mnt/spirit-8tb/media/yes/Allison Parker BBC NEW SEXTAPE ONLYFANS.mp4,Allison Parker BBC NEW SEXTAPE ONLYFANS.mp4,198228160,189.05 MiB,true,"mov,mp4,m4a,3gp,3g2,mj2",1012.034007,h264,aac,406,720,not_checked_in_bulk,yes,no
/mnt/spirit-8tb/media/yes/Lexi Marvel Shakes And Teases Her Ass.mp4,Lexi Marvel Shakes And Teases Her Ass.mp4,34954322,33.34 MiB,true,"mov,mp4,m4a,3gp,3g2,mj2",191.634898,h264,aac,406,720,not_checked_in_bulk,yes,no
/mnt/spirit-8tb/media/yes/Devorah - boobs.mp4.mp4,Devorah - boobs.mp4.mp4,21782635,20.77 MiB,true,"mov,mp4,m4a,3gp,3g2,mj2",27.685625,h264,aac,656,1078,not_checked_in_bulk,yes,no
/mnt/spirit-8tb/media/yes/Sava.schultz Onlyfans Butt Slap Red Tease Video Leaked.mp4,Sava.schultz Onlyfans Butt Slap Red Tease Video Leaked.mp4,5648061,5.39 MiB,true,"mov,mp4,m4a,3gp,3g2,mj2",91.703991,h264,aac,404,720,not_checked_in_bulk,yes,no
/mnt/spirit-8tb/media/yes/Candy Love Nut on Me and then Lets Fuck Beeg(1).mp4,Candy Love Nut on Me and then Lets Fuck Beeg(1).mp4,462424722,441.00 MiB,true,"mov,mp4,m4a,3gp,3g2,mj2",791.36,h264,aac,1920,1080,not_checked_in_bulk,yes,no
/mnt/spirit-8tb/media/yes/Savaschultz savaschulz savashultz Exclusive Leaked Nude OnlyFans(8).mp4,Savaschultz savaschulz savashultz Exclusive Leaked Nude OnlyFans(8).mp4,2384948,2.27 MiB,true,"mov,mp4,m4a,3gp,3g2,mj2",8.958583,h264,aac,608,1080,not_checked_in_bulk,yes,no
/mnt/spirit-8tb/media/yes/Aaliyah Yasin Sucks Dick And Gets Creampied UsualFans.mp4,Aaliyah Yasin Sucks Dick And Gets Creampied UsualFans.mp4,297393206,283.62 MiB,true,"mov,mp4,m4a,3gp,3g2,mj2",1263.274667,h264,aac,1280,720,not_checked_in_bulk,yes,no
/mnt/spirit-8tb/media/yes/My Porn Plugg Neighbor Craves Intense Facial Cumshot Beeg.mp4,My Porn Plugg Neighbor Craves Intense Facial Cumshot Beeg.mp4,890422953,849.17 MiB,true,"mov,mp4,m4a,3gp,3g2,mj2",1419.342948,h264,aac,1920,1080,not_checked_in_bulk,yes,no
/mnt/spirit-8tb/media/yes/Heyimbee Squeezing Big Boobs With Oil Leaked Onlyfans Video.mp4,Heyimbee Squeezing Big Boobs With Oil Leaked Onlyfans Video.mp4,62631187,59.73 MiB,true,"mov,mp4,m4a,3gp,3g2,mj2",148.376875,h264,aac,1080,1920,not_checked_in_bulk,yes,no
/mnt/spirit-8tb/media/yes/Devorah Roloff Hot Onlyfans Video.mp4,Devorah Roloff Hot Onlyfans Video.mp4,8112909,7.74 MiB,true,"mov,mp4,m4a,3gp,3g2,mj2",74.485873,h264,aac,404,720,not_checked_in_bulk,yes,no
/mnt/spirit-8tb/media/yes/Alexa Pearl Jerks Off A Guys Cock With Her Juicy Tits.mp4,Alexa Pearl Jerks Off A Guys Cock With Her Juicy Tits.mp4,131828948,125.72 MiB,true,"mov,mp4,m4a,3gp,3g2,mj2",514.902449,h264,aac,1280,720,not_checked_in_bulk,yes,no
/mnt/spirit-8tb/media/yes/Heyimbee Leaked Video III.mp4,Heyimbee Leaked Video III.mp4,16077794,15.33 MiB,true,"mov,mp4,m4a,3gp,3g2,mj2",24.232542,h264,aac,1080,1920,not_checked_in_bulk,yes,no
/mnt/spirit-8tb/media/yes/Lexi Marvel Shakes Her Lusty Cake.mp4,Lexi Marvel Shakes Her Lusty Cake.mp4,8876137,8.46 MiB,true,"mov,mp4,m4a,3gp,3g2,mj2",72.681344,h264,aac,394,720,not_checked_in_bulk,yes,no
/mnt/spirit-8tb/media/yes/Candy Love how to Make Your Bf Cum Twice He Cant Resist My Tits.mp4,Candy Love how to Make Your Bf Cum Twice He Cant Resist My Tits.mp4,724980533,691.40 MiB,true,"mov,mp4,m4a,3gp,3g2,mj2",1263.56,h264,aac,1920,1080,not_checked_in_bulk,yes,no
/mnt/spirit-8tb/media/yes/RisqueCore Vid 177.mp4,RisqueCore Vid 177.mp4,3425260,3.27 MiB,true,"mov,mp4,m4a,3gp,3g2,mj2",3.837167,h264,aac,720,1104,not_checked_in_bulk,yes,no
/mnt/spirit-8tb/media/yes/Natalie Roush Uncensored Lingerie Try On PPV Booty Spread Onlyfa.mp4,Natalie Roush Uncensored Lingerie Try On PPV Booty Spread Onlyfa.mp4,480840930,458.57 MiB,true,"mov,mp4,m4a,3gp,3g2,mj2",729.874875,h264,aac,1080,1920,not_checked_in_bulk,yes,no
/mnt/spirit-8tb/media/yes/Ruth Lee Public Adventure Blowjob.mp4,Ruth Lee Public Adventure Blowjob.mp4,62274889,59.39 MiB,true,"mov,mp4,m4a,3gp,3g2,mj2",377.536,h264,aac,406,720,not_checked_in_bulk,yes,no
/mnt/spirit-8tb/media/yes/Devorah Roloff Nude Leaked OnlyFans Video 36 - Ibradome.mp4,Devorah Roloff Nude Leaked OnlyFans Video 36 - Ibradome.mp4,3562968,3.40 MiB,true,"mov,mp4,m4a,3gp,3g2,mj2",20.103,hevc,aac,608,1080,not_checked_in_bulk,no,yes
/mnt/spirit-8tb/media/yes/Allinika Girl in Leggings Selects Her Ideal Match Beeg.mp4,Allinika Girl in Leggings Selects Her Ideal Match Beeg.mp4,778372093,742.31 MiB,true,"mov,mp4,m4a,3gp,3g2,mj2",786.134785,h264,aac,1920,1080,not_checked_in_bulk,yes,no
/mnt/spirit-8tb/media/yes/Ruth Lee Bowjob In Her Friends Car.mp4,Ruth Lee Bowjob In Her Friends Car.mp4,154870038,147.70 MiB,true,"mov,mp4,m4a,3gp,3g2,mj2",266.215583,h264,aac,1280,720,not_checked_in_bulk,yes,no
/mnt/spirit-8tb/media/yes/Noturhoneybb Teases You with Her Messy Facial Money Shot Video.mp4,Noturhoneybb Teases You with Her Messy Facial Money Shot Video.mp4,202739952,193.35 MiB,true,"mov,mp4,m4a,3gp,3g2,mj2",472.285708,h264,aac,1080,1920,not_checked_in_bulk,yes,no
/mnt/spirit-8tb/media/yes/Ruth Lee Takes A Cumshot After Blowing A Dick.mp4,Ruth Lee Takes A Cumshot After Blowing A Dick.mp4,47002032,44.82 MiB,true,"mov,mp4,m4a,3gp,3g2,mj2",423.067438,h264,aac,406,720,not_checked_in_bulk,yes,no
/mnt/spirit-8tb/media/yes/Devorah rollof Onlyfans Video.mp4,Devorah rollof Onlyfans Video.mp4,28702492,27.37 MiB,true,"mov,mp4,m4a,3gp,3g2,mj2",61.795962,h264,aac,1080,1920,not_checked_in_bulk,yes,no
/mnt/spirit-8tb/media/yes/Natalie Roush New Squat Ppv In Tight Thong Onlyfans Leak.mp4,Natalie Roush New Squat Ppv In Tight Thong Onlyfans Leak.mp4,151428309,144.41 MiB,true,"mov,mp4,m4a,3gp,3g2,mj2",328.765875,h264,aac,1080,1920,not_checked_in_bulk,yes,no
/mnt/spirit-8tb/media/yes/360.mp4,360.mp4,49354479,47.07 MiB,true,"mov,mp4,m4a,3gp,3g2,mj2",728.02,h264,aac,640,360,not_checked_in_bulk,yes,no
/mnt/spirit-8tb/media/yes/onlyfans lily phillips jason luv 2024-02-13 interracial ir bbc b.mp4,onlyfans lily phillips jason luv 2024-02-13 interracial ir bbc b.mp4,323707469,308.71 MiB,true,"mov,mp4,m4a,3gp,3g2,mj2",1108.427755,h264,aac,720,1280,not_checked_in_bulk,yes,no
/mnt/spirit-8tb/media/yes/Brenda Trindades Perfect Ass Gets Pounded Hard And Creampied POV.mp4,Brenda Trindades Perfect Ass Gets Pounded Hard And Creampied POV.mp4,50332364,48.00 MiB,true,"mov,mp4,m4a,3gp,3g2,mj2",525.383991,h264,aac,402,720,not_checked_in_bulk,yes,no
/mnt/spirit-8tb/media/yes/jvlrc49ddg~7KxkgZMm9j.mp4,jvlrc49ddg~7KxkgZMm9j.mp4,67344852,64.23 MiB,true,"mov,mp4,m4a,3gp,3g2,mj2",250.833333,h264,aac,1280,720,not_checked_in_bulk,yes,no
/mnt/spirit-8tb/media/yes/Candy Love Youve Made Me Mad Fuck Me to Apologize Beeg.mp4,Candy Love Youve Made Me Mad Fuck Me to Apologize Beeg.mp4,358064208,341.48 MiB,true,"mov,mp4,m4a,3gp,3g2,mj2",621.399333,h264,aac,1920,1080,not_checked_in_bulk,yes,no
/mnt/spirit-8tb/media/yes/Savaschultz savaschulz savashultz Exclusive Leaked Nude OnlyFans(2).mp4,Savaschultz savaschulz savashultz Exclusive Leaked Nude OnlyFans(2).mp4,3445807,3.29 MiB,true,"mov,mp4,m4a,3gp,3g2,mj2",20.5535,h264,aac,608,1080,not_checked_in_bulk,yes,no
/mnt/spirit-8tb/media/yes/432038_720p.mp4,432038_720p.mp4,191049459,182.20 MiB,true,"mov,mp4,m4a,3gp,3g2,mj2",952.903417,h264,aac,406,720,not_checked_in_bulk,yes,no
/mnt/spirit-8tb/media/yes/Devdildo01.mp4.mp4,Devdildo01.mp4.mp4,68855801,65.67 MiB,true,"mov,mp4,m4a,3gp,3g2,mj2",88.788333,h264,aac,720,1280,not_checked_in_bulk,yes,no
/mnt/spirit-8tb/media/yes/Ruth Lee Takes A Facial On Her Glasses.mp4,Ruth Lee Takes A Facial On Her Glasses.mp4,75829664,72.32 MiB,true,"mov,mp4,m4a,3gp,3g2,mj2",471.424,h264,aac,406,720,not_checked_in_bulk,yes,no
/mnt/spirit-8tb/media/yes/Katiana Kay gives a mind-blowing blowjob in POV.mp4,Katiana Kay gives a mind-blowing blowjob in POV.mp4,143141437,136.51 MiB,true,"mov,mp4,m4a,3gp,3g2,mj2",1408.983991,h264,aac,854,480,not_checked_in_bulk,yes,no
/mnt/spirit-8tb/media/yes/Heyimbee Exclusive Leaked Nude OnlyFans 1101500.mp4,Heyimbee Exclusive Leaked Nude OnlyFans 1101500.mp4,2361969,2.25 MiB,true,"mov,mp4,m4a,3gp,3g2,mj2",8.583208,h264,aac,608,1080,not_checked_in_bulk,yes,no
/mnt/spirit-8tb/media/yes/video-2026-06-19T10-42-52.202Z.mp4,video-2026-06-19T10-42-52.202Z.mp4,288906938,275.52 MiB,true,"mov,mp4,m4a,3gp,3g2,mj2",1148.6475,h264,aac,1280,720,not_checked_in_bulk,yes,no
/mnt/spirit-8tb/media/yes/Candy Love Gooner Princess Edging until Cum Bomb Explodes Ahegao.mp4,Candy Love Gooner Princess Edging until Cum Bomb Explodes Ahegao.mp4,477003338,454.91 MiB,true,"mov,mp4,m4a,3gp,3g2,mj2",838.932667,h264,aac,1920,1080,not_checked_in_bulk,yes,no
/mnt/spirit-8tb/media/yes/Alexa Pearl Mommys Full Of Milk Onlyfans Leak Video.mp4,Alexa Pearl Mommys Full Of Milk Onlyfans Leak Video.mp4,38551259,36.77 MiB,true,"mov,mp4,m4a,3gp,3g2,mj2",294.244367,h264,aac,608,1080,not_checked_in_bulk,yes,no
/mnt/spirit-8tb/media/yes/Lexi Marvel Teases Her Seductive Curves.mp4,Lexi Marvel Teases Her Seductive Curves.mp4,49545270,47.25 MiB,true,"mov,mp4,m4a,3gp,3g2,mj2",305.881344,h264,aac,406,720,not_checked_in_bulk,yes,no
/mnt/spirit-8tb/media/yes/Devorah Roloff Pussy.mp4,Devorah Roloff Pussy.mp4,15056399,14.36 MiB,true,"mov,mp4,m4a,3gp,3g2,mj2",56.355962,h264,aac,1280,720,not_checked_in_bulk,yes,no
/mnt/spirit-8tb/media/yes/heyimbee bee Nude Leaked Onlyfans Video 12 - Picazor EN.mp4,heyimbee bee Nude Leaked Onlyfans Video 12 - Picazor EN.mp4,3003333,2.86 MiB,true,"mov,mp4,m4a,3gp,3g2,mj2",11.721016,h264,aac,720,1280,not_checked_in_bulk,yes,no
/mnt/spirit-8tb/media/yes/RisqueCore Vid 10.mp4,RisqueCore Vid 10.mp4,180777650,172.40 MiB,true,"mov,mp4,m4a,3gp,3g2,mj2",44.766667,hevc,aac,3840,2160,not_checked_in_bulk,no,yes
/mnt/spirit-8tb/media/yes/Tommy Wood Nurse Role-Play with POV Doggy and Cumshot Beeg.mp4,Tommy Wood Nurse Role-Play with POV Doggy and Cumshot Beeg.mp4,395952633,377.61 MiB,true,"mov,mp4,m4a,3gp,3g2,mj2",760.999333,h264,aac,1920,1080,not_checked_in_bulk,yes,no
/mnt/spirit-8tb/media/yes/Cutie Alexa Pearl Takes Hot Facial Outside.mp4,Cutie Alexa Pearl Takes Hot Facial Outside.mp4,92287161,88.01 MiB,true,"mov,mp4,m4a,3gp,3g2,mj2",514.932375,h264,aac,404,720,not_checked_in_bulk,yes,no
/mnt/spirit-8tb/media/yes/Latina Allison Parker Deepthroats.mp4,Latina Allison Parker Deepthroats.mp4,271681190,259.10 MiB,true,"mov,mp4,m4a,3gp,3g2,mj2",1619.692708,h264,aac,406,720,not_checked_in_bulk,yes,no
/mnt/spirit-8tb/media/yes/Onlyfans devorah roloff milk tits naked(1).mp4,Onlyfans devorah roloff milk tits naked(1).mp4,8421410,8.03 MiB,true,"mov,mp4,m4a,3gp,3g2,mj2",10.110544,h264,aac,888,1920,not_checked_in_bulk,yes,no
/mnt/spirit-8tb/media/yes/Devorah Roloff Nude Leaked OnlyFans Video 1 - Ibradome.mp4,Devorah Roloff Nude Leaked OnlyFans Video 1 - Ibradome.mp4,893677,872.73 KiB,true,"mov,mp4,m4a,3gp,3g2,mj2",7.965333,h264,aac,500,924,not_checked_in_bulk,yes,no
/mnt/spirit-8tb/media/yes/TheStartOfUs 3 Juicyyy Cumshots for 18 Yo Uwu Teeny Beeg.mp4,TheStartOfUs 3 Juicyyy Cumshots for 18 Yo Uwu Teeny Beeg.mp4,465511033,443.95 MiB,true,"mov,mp4,m4a,3gp,3g2,mj2",811.543333,h264,aac,1920,1080,not_checked_in_bulk,yes,no
/mnt/spirit-8tb/media/yes/360 1.mp4,360 1.mp4,42082287,40.13 MiB,true,"mov,mp4,m4a,3gp,3g2,mj2",881.16,h264,aac,640,360,not_checked_in_bulk,yes,no
/mnt/spirit-8tb/media/yes/Lika Busy Ways to Ensure Female Pleasure and Orgasm Beeg.mp4,Lika Busy Ways to Ensure Female Pleasure and Orgasm Beeg.mp4,501487032,478.26 MiB,true,"mov,mp4,m4a,3gp,3g2,mj2",916.307642,h264,aac,1920,1080,not_checked_in_bulk,yes,no
/mnt/spirit-8tb/media/yes/Eve Cums Twice in Her Tight Ass Ass to Pussy to Ass Beeg.mp4,Eve Cums Twice in Her Tight Ass Ass to Pussy to Ass Beeg.mp4,929041447,886.00 MiB,true,"mov,mp4,m4a,3gp,3g2,mj2",1613.266,h264,aac,1920,1080,not_checked_in_bulk,yes,no
/mnt/spirit-8tb/media/yes/Heyimbee ass from behind butt crack Leaked OF.mp4,Heyimbee ass from behind butt crack Leaked OF.mp4,4320898,4.12 MiB,true,"mov,mp4,m4a,3gp,3g2,mj2",75.187683,h264,aac,402,720,not_checked_in_bulk,yes,no
/mnt/spirit-8tb/media/yes/Savaschultz savaschulz savashultz Exclusive Leaked Nude OnlyFans(6).mp4,Savaschultz savaschulz savashultz Exclusive Leaked Nude OnlyFans(6).mp4,11905581,11.35 MiB,true,"mov,mp4,m4a,3gp,3g2,mj2",75.85875,h264,aac,608,1080,not_checked_in_bulk,yes,no
/mnt/spirit-8tb/media/yes/Comatozze new sex on the first date.mp4,Comatozze new sex on the first date.mp4,760715142,725.47 MiB,true,"mov,mp4,m4a,3gp,3g2,mj2",1861.68969,h264,aac,1280,720,not_checked_in_bulk,yes,no
/mnt/spirit-8tb/media/yes/Candy Love I Want My Pussy Full of Cum Remove Condom no Birth Co.mp4,Candy Love I Want My Pussy Full of Cum Remove Condom no Birth Co.mp4,410178951,391.18 MiB,true,"mov,mp4,m4a,3gp,3g2,mj2",724.799333,h264,aac,1920,1080,not_checked_in_bulk,yes,no
/mnt/spirit-8tb/media/yes/Heyimbee Exclusive Leaked Nude OnlyFans 1099433.mp4,Heyimbee Exclusive Leaked Nude OnlyFans 1099433.mp4,685264,669.20 KiB,true,"mov,mp4,m4a,3gp,3g2,mj2",4.5385,h264,aac,608,1080,not_checked_in_bulk,yes,no
/mnt/spirit-8tb/media/yes/Heyimbee - Busty E-Girl Onlyfans Leaked - Fapdungeon(2).mp4,Heyimbee - Busty E-Girl Onlyfans Leaked - Fapdungeon(2).mp4,14823553,14.14 MiB,true,"mov,mp4,m4a,3gp,3g2,mj2",104.667208,h264,aac,1080,1920,not_checked_in_bulk,yes,no
/mnt/spirit-8tb/media/yes/Devorah Roloff Nude Leaked OnlyFans Video 25 - Ibradome.mp4,Devorah Roloff Nude Leaked OnlyFans Video 25 - Ibradome.mp4,667873,652.22 KiB,true,"mov,mp4,m4a,3gp,3g2,mj2",6.84,hevc,aac,584,1080,not_checked_in_bulk,no,yes
/mnt/spirit-8tb/media/yes/OnlyFans_5 devorah2.mp4.mp4,OnlyFans_5 devorah2.mp4.mp4,42070874,40.12 MiB,true,"mov,mp4,m4a,3gp,3g2,mj2",53.961875,h264,aac,1616,1076,not_checked_in_bulk,yes,no
/mnt/spirit-8tb/media/yes/Candy Love Her Doll-like Body Begs to Be Used Beeg.mp4,Candy Love Her Doll-like Body Begs to Be Used Beeg.mp4,483116453,460.74 MiB,true,"mov,mp4,m4a,3gp,3g2,mj2",850.599333,h264,aac,1920,1080,not_checked_in_bulk,yes,no
/mnt/spirit-8tb/media/yes/Savaschultz savaschulz savashultz Exclusive Leaked Nude OnlyFans(7).mp4,Savaschultz savaschulz savashultz Exclusive Leaked Nude OnlyFans(7).mp4,1877523,1.79 MiB,true,"mov,mp4,m4a,3gp,3g2,mj2",13.79675,h264,aac,608,1080,not_checked_in_bulk,yes,no
/mnt/spirit-8tb/media/yes/Devorah rollof dildo 1.mp4,Devorah rollof dildo 1.mp4,11423233,10.89 MiB,true,"mov,mp4,m4a,3gp,3g2,mj2",39.715962,h264,aac,720,1280,not_checked_in_bulk,yes,no
/mnt/spirit-8tb/media/yes/360 3.mp4,360 3.mp4,42904316,40.92 MiB,true,"mov,mp4,m4a,3gp,3g2,mj2",977.92,h264,aac,640,360,not_checked_in_bulk,yes,no
/mnt/spirit-8tb/media/yes/Luke Cooper English Slut Bonnie Blue Loves Big Dick Inside Her B.mp4,Luke Cooper English Slut Bonnie Blue Loves Big Dick Inside Her B.mp4,396888397,378.50 MiB,true,"mov,mp4,m4a,3gp,3g2,mj2",703.732667,h264,aac,1920,1080,not_checked_in_bulk,yes,no
/mnt/spirit-8tb/media/yes/Layla - tiktok beauty teen vlog creampie Leaked onlyfans Sextape.mp4,Layla - tiktok beauty teen vlog creampie Leaked onlyfans Sextape.mp4,138583175,132.16 MiB,true,"mov,mp4,m4a,3gp,3g2,mj2",606.003375,h264,aac,404,720,not_checked_in_bulk,yes,no
/mnt/spirit-8tb/media/yes/Katiana Kay Fucks A Cop Video Leaked.mp4,Katiana Kay Fucks A Cop Video Leaked.mp4,36052594,34.38 MiB,true,"mov,mp4,m4a,3gp,3g2,mj2",349.538833,h264,aac,404,720,not_checked_in_bulk,yes,no
/mnt/spirit-8tb/media/yes/Eve How Did He Last so Long in This Gorgeous Ass Beeg.mp4,Eve How Did He Last so Long in This Gorgeous Ass Beeg.mp4,565874174,539.66 MiB,true,"mov,mp4,m4a,3gp,3g2,mj2",973.5,h264,aac,1920,1080,not_checked_in_bulk,yes,no
/mnt/spirit-8tb/media/yes/Bonnie Blue Sucks And Fucks Her Driver.mp4,Bonnie Blue Sucks And Fucks Her Driver.mp4,1016587629,969.49 MiB,true,"mov,mp4,m4a,3gp,3g2,mj2",1869.233349,h264,aac,1280,720,not_checked_in_bulk,yes,no
/mnt/spirit-8tb/media/yes/DR 025.mp4.mp4,DR 025.mp4.mp4,10540790,10.05 MiB,true,"mov,mp4,m4a,3gp,3g2,mj2",12.670625,h264,aac,1080,1920,not_checked_in_bulk,yes,no
/mnt/spirit-8tb/media/yes/Sava Schultz Naked Big Ass POV Onlyfans Video.mp4,Sava Schultz Naked Big Ass POV Onlyfans Video.mp4,82586648,78.76 MiB,true,"mov,mp4,m4a,3gp,3g2,mj2",61.603208,h264,aac,720,1280,not_checked_in_bulk,yes,no
/mnt/spirit-8tb/media/yes/Katiana Kay Needs To Suck A Cock.mp4,Katiana Kay Needs To Suck A Cock.mp4,38251307,36.48 MiB,true,"mov,mp4,m4a,3gp,3g2,mj2",311.356236,h264,aac,404,720,not_checked_in_bulk,yes,no
/mnt/spirit-8tb/media/yes/F1nn5ter Suck Big Black Dildo Onlyfans.mp4,F1nn5ter Suck Big Black Dildo Onlyfans.mp4,74604892,71.15 MiB,true,"mov,mp4,m4a,3gp,3g2,mj2",237.061667,h264,aac,720,1080,not_checked_in_bulk,yes,no
/mnt/spirit-8tb/media/yes/Sweet Herry Big Ass Brunette POV Cumshot Compilation Beeg.mp4,Sweet Herry Big Ass Brunette POV Cumshot Compilation Beeg.mp4,559193193,533.29 MiB,true,"mov,mp4,m4a,3gp,3g2,mj2",727.736599,h264,aac,1920,1080,not_checked_in_bulk,yes,no
/mnt/spirit-8tb/media/yes/550807_720p.mp4,550807_720p.mp4,213995637,204.08 MiB,true,"mov,mp4,m4a,3gp,3g2,mj2",888.861224,h264,aac,1280,720,not_checked_in_bulk,yes,no
/mnt/spirit-8tb/media/yes/TheStartOfUs gamer Girl Fucks around Finds Out he Cums how many.mp4,TheStartOfUs gamer Girl Fucks around Finds Out he Cums how many.mp4,441718760,421.26 MiB,true,"mov,mp4,m4a,3gp,3g2,mj2",770.001833,h264,aac,1920,1080,not_checked_in_bulk,yes,no
/mnt/spirit-8tb/media/yes/Devorah Roloff Nude Leaked OnlyFans Video 28 - Ibradome.mp4,Devorah Roloff Nude Leaked OnlyFans Video 28 - Ibradome.mp4,5712621,5.45 MiB,true,"mov,mp4,m4a,3gp,3g2,mj2",31.7,h264,aac,1280,720,not_checked_in_bulk,yes,no
/mnt/spirit-8tb/media/yes/Heyimbee Exclusive Leaked Nude OnlyFans 699500.mp4,Heyimbee Exclusive Leaked Nude OnlyFans 699500.mp4,2127786,2.03 MiB,true,"mov,mp4,m4a,3gp,3g2,mj2",13.379667,h264,aac,660,1080,not_checked_in_bulk,yes,no
/mnt/spirit-8tb/media/yes/Natalie Roush Sizzling Mesh Bodysuit Booty Tease in Leaked OnlyF.mp4,Natalie Roush Sizzling Mesh Bodysuit Booty Tease in Leaked OnlyF.mp4,62418434,59.53 MiB,true,"mov,mp4,m4a,3gp,3g2,mj2",144.831708,h264,aac,1080,1920,not_checked_in_bulk,yes,no
/mnt/spirit-8tb/media/yes/360 4.mp4,360 4.mp4,35128292,33.50 MiB,true,"mov,mp4,m4a,3gp,3g2,mj2",672.92,h264,aac,640,360,not_checked_in_bulk,yes,no
/mnt/spirit-8tb/media/yes/Savaschultz savaschulz savashultz Exclusive Leaked Nude OnlyFans(5).mp4,Savaschultz savaschulz savashultz Exclusive Leaked Nude OnlyFans(5).mp4,5384110,5.13 MiB,true,"mov,mp4,m4a,3gp,3g2,mj2",59.274,h264,aac,404,720,not_checked_in_bulk,yes,no
/mnt/spirit-8tb/media/yes/Devorah Roloff Flaunts And Massages Her Tits Devorah Roloff Only.mp4,Devorah Roloff Flaunts And Massages Her Tits Devorah Roloff Only.mp4,29599459,28.23 MiB,true,"mov,mp4,m4a,3gp,3g2,mj2",121.503991,h264,aac,406,720,not_checked_in_bulk,yes,no
/mnt/spirit-8tb/media/yes/Amburnee ambernyy Exclusive Leaked Nude OnlyFans 12558863.mp4,Amburnee ambernyy Exclusive Leaked Nude OnlyFans 12558863.mp4,4977619,4.75 MiB,true,"mov,mp4,m4a,3gp,3g2,mj2",12.3123,h264,aac,608,1080,not_checked_in_bulk,yes,no
/mnt/spirit-8tb/media/yes/Cecilia Rose 89 Fuck Me Hard Please PPV Video Leaked.mp4,Cecilia Rose 89 Fuck Me Hard Please PPV Video Leaked.mp4,68289856,65.13 MiB,true,"mov,mp4,m4a,3gp,3g2,mj2",347.685664,h264,aac,1920,1080,not_checked_in_bulk,yes,no
/mnt/spirit-8tb/media/yes/Amburnee ambernyy Exclusive Leaked Nude OnlyFans 10859483.mp4,Amburnee ambernyy Exclusive Leaked Nude OnlyFans 10859483.mp4,2057025,1.96 MiB,true,"mov,mp4,m4a,3gp,3g2,mj2",5.31737,h264,aac,608,1080,not_checked_in_bulk,yes,no
/mnt/spirit-8tb/media/yes/Ruth Lee Glazes A Cock During A Sloppy BJ.mp4,Ruth Lee Glazes A Cock During A Sloppy BJ.mp4,86582413,82.57 MiB,true,"mov,mp4,m4a,3gp,3g2,mj2",642.773,h264,aac,406,720,not_checked_in_bulk,yes,no
/mnt/spirit-8tb/media/yes/OnlyFans_5 devorah.mp4.mp4,OnlyFans_5 devorah.mp4.mp4,158142041,150.82 MiB,true,"mov,mp4,m4a,3gp,3g2,mj2",204.570667,h264,aac,1080,1440,not_checked_in_bulk,yes,no
/mnt/spirit-8tb/media/yes/HeyImBee Big Titty Maid.mp4,HeyImBee Big Titty Maid.mp4,13034546,12.43 MiB,true,"mov,mp4,m4a,3gp,3g2,mj2",130.103991,h264,aac,406,720,not_checked_in_bulk,yes,no
/mnt/spirit-8tb/media/yes/Lexi Marvel Flaunts Her Ass In Her Panty.mp4,Lexi Marvel Flaunts Her Ass In Her Panty.mp4,16458426,15.70 MiB,true,"mov,mp4,m4a,3gp,3g2,mj2",132.498667,h264,aac,406,720,not_checked_in_bulk,yes,no
/mnt/spirit-8tb/media/yes/RisqueCore Vid 53.mp4,RisqueCore Vid 53.mp4,25938254,24.74 MiB,true,"mov,mp4,m4a,3gp,3g2,mj2",33.158125,h264,aac,720,1280,not_checked_in_bulk,yes,no
/mnt/spirit-8tb/media/yes/Ruth Lee Gives A Hot Jerk Off Instructions.mp4,Ruth Lee Gives A Hot Jerk Off Instructions.mp4,61058257,58.23 MiB,true,"mov,mp4,m4a,3gp,3g2,mj2",432.0316,h264,aac,406,720,not_checked_in_bulk,yes,no
/mnt/spirit-8tb/media/yes/b072fcb9f821c935f46a4ed67477a041.mp4,b072fcb9f821c935f46a4ed67477a041.mp4,414044946,394.86 MiB,true,"mov,mp4,m4a,3gp,3g2,mj2",536.527292,h264,aac,1920,1080,not_checked_in_bulk,yes,no
/mnt/spirit-8tb/media/yes/Devdildo02.mp4.mp4,Devdildo02.mp4.mp4,57023429,54.38 MiB,true,"mov,mp4,m4a,3gp,3g2,mj2",73.189417,h264,aac,720,1280,not_checked_in_bulk,yes,no
/mnt/spirit-8tb/media/yes/Savaschultz savaschulz savashultz Exclusive Leaked Nude OnlyFans(10).mp4,Savaschultz savaschulz savashultz Exclusive Leaked Nude OnlyFans(10).mp4,12116616,11.56 MiB,true,"mov,mp4,m4a,3gp,3g2,mj2",70.478375,h264,aac,608,1080,not_checked_in_bulk,yes,no
/mnt/spirit-8tb/media/yes/Devorah Roloff Nude Ass Tease PPV OnlyFans Video Leaked.mp4,Devorah Roloff Nude Ass Tease PPV OnlyFans Video Leaked.mp4,1340541,1.28 MiB,true,"mov,mp4,m4a,3gp,3g2,mj2",22.823991,h264,aac,270,480,not_checked_in_bulk,yes,no
/mnt/spirit-8tb/media/yes/Sakurai Rena Strips Plays With Her Wet Asian Pussy Sakurai Rena.mp4,Sakurai Rena Strips Plays With Her Wet Asian Pussy Sakurai Rena.mp4,102316223,97.58 MiB,true,"mov,mp4,m4a,3gp,3g2,mj2",441.783991,h264,aac,406,720,not_checked_in_bulk,yes,no
/mnt/spirit-8tb/media/yes/Aaliyah Yasin Has Unprotected Sex With A Stranger.optimized.mp4,Aaliyah Yasin Has Unprotected Sex With A Stranger.optimized.mp4,519857218,495.77 MiB,true,"mov,mp4,m4a,3gp,3g2,mj2",1959.811451,h264,aac,1280,720,not_checked_in_bulk,yes,no
/mnt/spirit-8tb/media/yes/Candy Love Good Boy Gets Good Head then Good Sex Beeg.mp4,Candy Love Good Boy Gets Good Head then Good Sex Beeg.mp4,485603930,463.11 MiB,true,"mov,mp4,m4a,3gp,3g2,mj2",846.399333,h264,aac,1920,1080,not_checked_in_bulk,yes,no
/mnt/spirit-8tb/media/yes/Devorah Roloff Grabs Her Boobs In The Mirror Devorah Roloff Only.mp4,Devorah Roloff Grabs Her Boobs In The Mirror Devorah Roloff Only.mp4,12884281,12.29 MiB,true,"mov,mp4,m4a,3gp,3g2,mj2",64.543991,h264,aac,406,720,not_checked_in_bulk,yes,no
/mnt/spirit-8tb/media/yes/Savaschultz savaschulz savashultz Exclusive Leaked Nude OnlyFans(4).mp4,Savaschultz savaschulz savashultz Exclusive Leaked Nude OnlyFans(4).mp4,3363898,3.21 MiB,true,"mov,mp4,m4a,3gp,3g2,mj2",23.723333,h264,aac,608,1080,not_checked_in_bulk,yes,no
/mnt/spirit-8tb/media/yes/Candy Love ive Oiled Myself Up for Your Cock so now U Gonna Fill.mp4,Candy Love ive Oiled Myself Up for Your Cock so now U Gonna Fill.mp4,507640304,484.12 MiB,true,"mov,mp4,m4a,3gp,3g2,mj2",869.299333,h264,aac,1920,1080,not_checked_in_bulk,yes,no
/mnt/spirit-8tb/media/yes/Amburnee ambernyy Exclusive Leaked Nude OnlyFans 12726049.mp4,Amburnee ambernyy Exclusive Leaked Nude OnlyFans 12726049.mp4,3041588,2.90 MiB,true,"mov,mp4,m4a,3gp,3g2,mj2",9.566621,h264,aac,632,1080,not_checked_in_bulk,yes,no
/mnt/spirit-8tb/media/yes/Heyimbee - Busty E-Girl Onlyfans Leaked - Fapdungeon(1).mp4,Heyimbee - Busty E-Girl Onlyfans Leaked - Fapdungeon(1).mp4,5166446,4.93 MiB,true,"mov,mp4,m4a,3gp,3g2,mj2",45.5,h264,,720,1280,not_checked_in_bulk,no,yes
/mnt/spirit-8tb/media/yes/Dana DeArmond Stars in Steamy Tesla Fuck Video.mp4,Dana DeArmond Stars in Steamy Tesla Fuck Video.mp4,392903290,374.70 MiB,true,"mov,mp4,m4a,3gp,3g2,mj2",1475.205684,h264,aac,1280,720,not_checked_in_bulk,yes,no
/mnt/spirit-8tb/media/yes/Dana DeArmonds hot mom is a pro at giving head and fucking like.mp4,Dana DeArmonds hot mom is a pro at giving head and fucking like.mp4,153574987,146.46 MiB,true,"mov,mp4,m4a,3gp,3g2,mj2",1627.023991,h264,aac,854,480,not_checked_in_bulk,yes,no
/mnt/spirit-8tb/media/yes/223120.mp4,223120.mp4,31776353,30.30 MiB,true,"mov,mp4,m4a,3gp,3g2,mj2",578.102031,h264,aac,270,480,not_checked_in_bulk,yes,no
/mnt/spirit-8tb/media/yes/513329_720p.mp4,513329_720p.mp4,72459810,69.10 MiB,true,"mov,mp4,m4a,3gp,3g2,mj2",252.919333,h264,aac,608,1080,not_checked_in_bulk,yes,no
/mnt/spirit-8tb/media/yes/Natalie Roush With Hayley Maxfield In White Lingerie Took Nude B.mp4,Natalie Roush With Hayley Maxfield In White Lingerie Took Nude B.mp4,95344493,90.93 MiB,true,"mov,mp4,m4a,3gp,3g2,mj2",148.334875,h264,aac,1080,1920,not_checked_in_bulk,yes,no
/mnt/spirit-8tb/media/yes/Heyimbee 49.95 Ppv Floor Cam And Spreading Leak Video.mp4,Heyimbee 49.95 Ppv Floor Cam And Spreading Leak Video.mp4,1935936,1.85 MiB,true,"mov,mp4,m4a,3gp,3g2,mj2",33.863991,h264,aac,406,720,not_checked_in_bulk,yes,no
/mnt/spirit-8tb/media/yes/Heyimbee Teases in Intense Cowgirl Riding Action Video.mp4,Heyimbee Teases in Intense Cowgirl Riding Action Video.mp4,4611679,4.40 MiB,true,"mov,mp4,m4a,3gp,3g2,mj2",154.542967,h264,aac,202,360,not_checked_in_bulk,yes,no
/mnt/spirit-8tb/media/yes/14318872.mp4,14318872.mp4,564221211,538.08 MiB,true,"mov,mp4,m4a,3gp,3g2,mj2",1584.329229,h264,aac,1920,1080,not_checked_in_bulk,yes,no
/mnt/spirit-8tb/media/yes/New Lily Phillips Verbal Spat Erupts Into Hardcore Fucking Video.mp4,New Lily Phillips Verbal Spat Erupts Into Hardcore Fucking Video.mp4,245538321,234.16 MiB,true,"mov,mp4,m4a,3gp,3g2,mj2",1772.189675,h264,aac,854,480,not_checked_in_bulk,yes,no
/mnt/spirit-8tb/media/yes/Amburnee.mp4,Amburnee.mp4,14808250,14.12 MiB,true,"mov,mp4,m4a,3gp,3g2,mj2",91.803991,h264,aac,446,720,not_checked_in_bulk,yes,no
/mnt/spirit-8tb/media/yes/Candy Love Passionate Lovemaking before Work. Beeg.mp4,Candy Love Passionate Lovemaking before Work. Beeg.mp4,420480368,401.00 MiB,true,"mov,mp4,m4a,3gp,3g2,mj2",737.699333,h264,aac,1920,1080,not_checked_in_bulk,yes,no
/mnt/spirit-8tb/media/yes/Savaschultz savaschulz savashultz Exclusive Leaked Nude OnlyFans(3).mp4,Savaschultz savaschulz savashultz Exclusive Leaked Nude OnlyFans(3).mp4,2118162,2.02 MiB,true,"mov,mp4,m4a,3gp,3g2,mj2",25.574,h264,aac,404,720,not_checked_in_bulk,yes,no
/mnt/spirit-8tb/media/yes/RisqueCore Vid 96.mp4,RisqueCore Vid 96.mp4,8848626,8.44 MiB,true,"mov,mp4,m4a,3gp,3g2,mj2",10.94,h264,aac,1080,564,not_checked_in_bulk,yes,no
/mnt/spirit-8tb/media/yes/TheStartOfUs Asm-r You Cumming ️ 3 Huge Cumshots Beeg.mp4,TheStartOfUs Asm-r You Cumming ️ 3 Huge Cumshots Beeg.mp4,95112839,90.71 MiB,true,"mov,mp4,m4a,3gp,3g2,mj2",337.9622,h264,aac,1920,1080,not_checked_in_bulk,yes,no
/mnt/spirit-8tb/media/yes/Ruth Lee Makes Ahegao Faces During Sex.mp4,Ruth Lee Makes Ahegao Faces During Sex.mp4,236473657,225.52 MiB,true,"mov,mp4,m4a,3gp,3g2,mj2",1436.875349,h264,aac,1280,720,not_checked_in_bulk,yes,no
/mnt/spirit-8tb/media/yes/No+Nut+November+ends+with+a+Massive+Cumshot+-+Huge+Facial!!!+My+Sweet+Apple+[ph6389eddbe4018].mp4,No+Nut+November+ends+with+a+Massive+Cumshot+-+Huge+Facial!!!+My+Sweet+Apple+[ph6389eddbe4018].mp4,292773483,279.21 MiB,true,"mov,mp4,m4a,3gp,3g2,mj2",1414.645638,h264,aac,1280,720,not_checked_in_bulk,yes,no
/mnt/spirit-8tb/media/yes/Candy Love Begs for Mercy - Intense 2 Squirts - Multiple Orgasms.mp4,Candy Love Begs for Mercy - Intense 2 Squirts - Multiple Orgasms.mp4,367868219,350.83 MiB,true,"mov,mp4,m4a,3gp,3g2,mj2",636.066,h264,aac,1920,1080,not_checked_in_bulk,yes,no
/mnt/spirit-8tb/media/yes/RisqueCore Vid 123.mp4,RisqueCore Vid 123.mp4,5716188,5.45 MiB,true,"mov,mp4,m4a,3gp,3g2,mj2",6.5482,h264,aac,720,1280,not_checked_in_bulk,yes,no
/mnt/spirit-8tb/media/yes/Urfavbellabby Sex in Car Video Leaked.mp4,Urfavbellabby Sex in Car Video Leaked.mp4,26840942,25.60 MiB,true,"mov,mp4,m4a,3gp,3g2,mj2",404.943991,h264,aac,270,480,not_checked_in_bulk,yes,no
/mnt/spirit-8tb/media/yes/CeCe Rose Leaked Video Teasing Her Dirty Nude OF Secret.mp4,CeCe Rose Leaked Video Teasing Her Dirty Nude OF Secret.mp4,6811169,6.50 MiB,true,"mov,mp4,m4a,3gp,3g2,mj2",137.982993,h264,aac,404,720,not_checked_in_bulk,yes,no
/mnt/spirit-8tb/media/yes/Heyimbee New Videos 3.mp4,Heyimbee New Videos 3.mp4,18264548,17.42 MiB,true,"mov,mp4,m4a,3gp,3g2,mj2",36.494792,h264,aac,1080,1920,not_checked_in_bulk,yes,no
/mnt/spirit-8tb/media/yes/Natalie Roush Nut For Natalie November Ppv Dropping Tight Jeans.mp4,Natalie Roush Nut For Natalie November Ppv Dropping Tight Jeans.mp4,76411371,72.87 MiB,true,"mov,mp4,m4a,3gp,3g2,mj2",164.642875,h264,aac,1080,1920,not_checked_in_bulk,yes,no
/mnt/spirit-8tb/media/yes/Ruth Lee Gets Fucked Wearing Ripped Pants.mp4,Ruth Lee Gets Fucked Wearing Ripped Pants.mp4,582302347,555.33 MiB,true,"mov,mp4,m4a,3gp,3g2,mj2",1606.72,h264,aac,1280,720,not_checked_in_bulk,yes,no
/mnt/spirit-8tb/media/yes/Lexi Marvel Teasing With Her Big Juicy Ass.mp4,Lexi Marvel Teasing With Her Big Juicy Ass.mp4,14452547,13.78 MiB,true,"mov,mp4,m4a,3gp,3g2,mj2",91.707917,h264,aac,406,720,not_checked_in_bulk,yes,no
/mnt/spirit-8tb/media/yes/Devorah Roloff Nude Leaked OnlyFans Video 344 - Ibradome.mp4,Devorah Roloff Nude Leaked OnlyFans Video 344 - Ibradome.mp4,92718800,88.42 MiB,true,"mov,mp4,m4a,3gp,3g2,mj2",218.74,hevc,aac,1280,720,not_checked_in_bulk,no,yes
/mnt/spirit-8tb/media/yes/Emilla Official Takes Boyfriend Hug dick.mp4,Emilla Official Takes Boyfriend Hug dick.mp4,300824609,286.89 MiB,true,"mov,mp4,m4a,3gp,3g2,mj2",998.361977,h264,aac,1280,720,not_checked_in_bulk,yes,no
/mnt/spirit-8tb/media/yes/Heyimbee Squeezing Juicy Melons Leaked Onlyfans Video.mp4,Heyimbee Squeezing Juicy Melons Leaked Onlyfans Video.mp4,26668149,25.43 MiB,true,"mov,mp4,m4a,3gp,3g2,mj2",56.242875,h264,aac,1080,1920,not_checked_in_bulk,yes,no
/mnt/spirit-8tb/media/yes/Lexi Marvel Grinds That Juicy Ass In Tight Yoga Pants For This S.mp4,Lexi Marvel Grinds That Juicy Ass In Tight Yoga Pants For This S.mp4,13176884,12.57 MiB,true,"mov,mp4,m4a,3gp,3g2,mj2",149.635024,h264,aac,406,720,not_checked_in_bulk,yes,no
/mnt/spirit-8tb/media/yes/Devorah Roloff Video 48 Hd Leaked Content May-2025 - OnlyFans Le.mp4,Devorah Roloff Video 48 Hd Leaked Content May-2025 - OnlyFans Le.mp4,13379896,12.76 MiB,true,"mov,mp4,m4a,3gp,3g2,mj2",109.92322,h264,aac,1280,720,not_checked_in_bulk,yes,no
/mnt/spirit-8tb/media/yes/Comatozze Sensual Encounter in Elegant Stockings Beeg.mp4,Comatozze Sensual Encounter in Elegant Stockings Beeg.mp4,755961877,720.94 MiB,true,"mov,mp4,m4a,3gp,3g2,mj2",1141.566,h264,aac,1920,1080,not_checked_in_bulk,yes,no
/mnt/spirit-8tb/media/yes/41251.mp4,41251.mp4,10778064,10.28 MiB,true,"mov,mp4,m4a,3gp,3g2,mj2",226,h264,aac,270,480,not_checked_in_bulk,yes,no
/mnt/spirit-8tb/media/yes/video-2026-06-19T09-52-32.645Z.mp4,video-2026-06-19T09-52-32.645Z.mp4,498195263,475.12 MiB,true,"mov,mp4,m4a,3gp,3g2,mj2",1580.675193,h264,aac,1280,720,not_checked_in_bulk,yes,no
/mnt/spirit-8tb/media/yes/Lika Busy She Came Back from the Party Without Panties so I Fuck.mp4,Lika Busy She Came Back from the Party Without Panties so I Fuck.mp4,580616379,553.72 MiB,true,"mov,mp4,m4a,3gp,3g2,mj2",1030.044,h264,aac,1920,1080,not_checked_in_bulk,yes,no
/mnt/spirit-8tb/media/yes/Ruth Lee Teases Her Cunt In A Dress.mp4,Ruth Lee Teases Her Cunt In A Dress.mp4,45791854,43.67 MiB,true,"mov,mp4,m4a,3gp,3g2,mj2",498.986667,h264,aac,406,720,not_checked_in_bulk,yes,no
/mnt/spirit-8tb/media/yes/NotYourHoneyBB Missionary Sex.mp4,NotYourHoneyBB Missionary Sex.mp4,157758752,150.45 MiB,true,"mov,mp4,m4a,3gp,3g2,mj2",347.543991,h264,aac,1280,720,not_checked_in_bulk,yes,no
/mnt/spirit-8tb/media/yes/Sexy Lily Phillips Picked Up And Creampie In Self Driving Tesla.mp4,Sexy Lily Phillips Picked Up And Creampie In Self Driving Tesla.mp4,400100722,381.57 MiB,true,"mov,mp4,m4a,3gp,3g2,mj2",1108.079433,h264,aac,1280,720,not_checked_in_bulk,yes,no
/mnt/spirit-8tb/media/yes/Devorah Roloff Full Nude Tease Dildo Suck Onlyfans Leaked.mp4,Devorah Roloff Full Nude Tease Dildo Suck Onlyfans Leaked.mp4,23988232,22.88 MiB,true,"mov,mp4,m4a,3gp,3g2,mj2",274.103991,h264,aac,406,720,not_checked_in_bulk,yes,no
/mnt/spirit-8tb/media/yes/Isabelle Eleanores Pleasures A Dick Outdoors.mp4,Isabelle Eleanores Pleasures A Dick Outdoors.mp4,67730381,64.59 MiB,true,"mov,mp4,m4a,3gp,3g2,mj2",490.602667,h264,aac,406,720,not_checked_in_bulk,yes,no
/mnt/spirit-8tb/media/yes/Natalie Roush Stripteasing With Her Booty Hole Dropping Tight Th.mp4,Natalie Roush Stripteasing With Her Booty Hole Dropping Tight Th.mp4,151645921,144.62 MiB,true,"mov,mp4,m4a,3gp,3g2,mj2",270.582875,h264,aac,1080,1920,not_checked_in_bulk,yes,no
/mnt/spirit-8tb/media/yes/214616.mp4,214616.mp4,46387767,44.24 MiB,true,"mov,mp4,m4a,3gp,3g2,mj2",767.702031,h264,aac,270,480,not_checked_in_bulk,yes,no
/mnt/spirit-8tb/media/yes/Savaschultz savaschulz savashultz Exclusive Leaked Nude OnlyFans.mp4,Savaschultz savaschulz savashultz Exclusive Leaked Nude OnlyFans.mp4,5183220,4.94 MiB,true,"mov,mp4,m4a,3gp,3g2,mj2",33.487683,h264,aac,608,1080,not_checked_in_bulk,yes,no
/mnt/spirit-8tb/media/yes/unknown/OF4LM.COM is our home__377.mp4,OF4LM.COM is our home__377.mp4,76815709,73.26 MiB,true,"mov,mp4,m4a,3gp,3g2,mj2",98.807042,h264,aac,1280,720,not_checked_in_bulk,yes,no
/mnt/spirit-8tb/media/yes/unknown/OF4LM.COM is our home__406.mp4,OF4LM.COM is our home__406.mp4,77456929,73.87 MiB,true,"mov,mp4,m4a,3gp,3g2,mj2",99.84975,h264,aac,1040,760,not_checked_in_bulk,yes,no
/mnt/spirit-8tb/media/yes/unknown/107016.mp4,107016.mp4,6160688,5.88 MiB,true,"mov,mp4,m4a,3gp,3g2,mj2",44.496939,h264,aac,720,404,not_checked_in_bulk,yes,no
/mnt/spirit-8tb/media/yes/unknown/OF4LM.COM is our home__400.mp4,OF4LM.COM is our home__400.mp4,39434671,37.61 MiB,true,"mov,mp4,m4a,3gp,3g2,mj2",50.633917,h264,aac,1184,888,not_checked_in_bulk,yes,no
/mnt/spirit-8tb/media/yes/unknown/OF4LM.COM is our home__360.mp4,OF4LM.COM is our home__360.mp4,26694757,25.46 MiB,true,"mov,mp4,m4a,3gp,3g2,mj2",33.992292,h264,aac,1280,720,not_checked_in_bulk,yes,no
/mnt/spirit-8tb/media/yes/unknown/JoinUs @RisqueMega 64.mp4,JoinUs @RisqueMega 64.mp4,629115851,599.97 MiB,true,"mov,mp4,m4a,3gp,3g2,mj2",815.606458,h264,aac,1920,1080,not_checked_in_bulk,yes,no
/mnt/spirit-8tb/media/yes/unknown/3888823_hq.mp4,3888823_hq.mp4,95930069,91.49 MiB,true,"mov,mp4,m4a,3gp,3g2,mj2",999.038005,h264,aac,960,720,not_checked_in_bulk,yes,no
/mnt/spirit-8tb/media/yes/unknown/JoinUs @RisqueMega 233.mp4,JoinUs @RisqueMega 233.mp4,318497028,303.74 MiB,true,"mov,mp4,m4a,3gp,3g2,mj2",413.454708,h264,aac,1920,1080,not_checked_in_bulk,yes,no
/mnt/spirit-8tb/media/yes/unknown/0nLf0hfdEcUrDyYt.mp4,0nLf0hfdEcUrDyYt.mp4,5067916,4.83 MiB,true,"mov,mp4,m4a,3gp,3g2,mj2",50.3,h264,aac,284,480,not_checked_in_bulk,yes,no
/mnt/spirit-8tb/media/yes/unknown/97970164000c08f0fef549c141e1af0d5c2b4510c51.mp4,97970164000c08f0fef549c141e1af0d5c2b4510c51.mp4,131927171,125.82 MiB,true,"mov,mp4,m4a,3gp,3g2,mj2",926.383,h264,aac,404,720,not_checked_in_bulk,yes,no
/mnt/spirit-8tb/media/yes/unknown/OF4LM.COM is our home__315.mp4,OF4LM.COM is our home__315.mp4,11518816,10.99 MiB,true,"mov,mp4,m4a,3gp,3g2,mj2",14.097417,h264,aac,1280,720,not_checked_in_bulk,yes,no
/mnt/spirit-8tb/media/yes/unknown/ScreenRecording_05-20-2026 23-18-19_1.mp4,ScreenRecording_05-20-2026 23-18-19_1.mp4,114911439,109.59 MiB,true,"mov,mp4,m4a,3gp,3g2,mj2",62.385011,hevc,aac,884,1920,not_checked_in_bulk,no,yes
/mnt/spirit-8tb/media/yes/unknown/JoinUs @RisqueMega 184.mp4,JoinUs @RisqueMega 184.mp4,433398339,413.32 MiB,true,"mov,mp4,m4a,3gp,3g2,mj2",561.686125,h264,aac,1920,1080,not_checked_in_bulk,yes,no
/mnt/spirit-8tb/media/yes/unknown/407017_720p.mp4,407017_720p.mp4,35608489,33.96 MiB,true,"mov,mp4,m4a,3gp,3g2,mj2",280.384,h264,aac,360,636,not_checked_in_bulk,yes,no
/mnt/spirit-8tb/media/yes/mi-mpyvel2x-929d9042/spiritos-convert-test-375m.mp4,spiritos-convert-test-375m.mp4,392858929,374.66 MiB,true,"mov,mp4,m4a,3gp,3g2,mj2",594.45,h264,aac,1920,1080,not_checked_in_bulk,yes,no
/mnt/spirit-8tb/media/yes/models/katievaynes/0c194b909a8200e58550eaff39154d1faaa821f417d6a10ca949c247c50fed94.mp4,0c194b909a8200e58550eaff39154d1faaa821f417d6a10ca949c247c50fed94.mp4,26345752,25.13 MiB,true,"mov,mp4,m4a,3gp,3g2,mj2",23.9239,h264,aac,1920,1080,not_checked_in_bulk,yes,no
/mnt/spirit-8tb/media/yes/models/bearuby/442610_720p.mp4,442610_720p.mp4,37230842,35.51 MiB,true,"mov,mp4,m4a,3gp,3g2,mj2",401.002667,h264,aac,404,720,not_checked_in_bulk,yes,no
/mnt/spirit-8tb/media/yes/models/bearuby/400317_720p.mp4,400317_720p.mp4,47826742,45.61 MiB,true,"mov,mp4,m4a,3gp,3g2,mj2",468.801667,h264,aac,406,720,not_checked_in_bulk,yes,no
/mnt/spirit-8tb/media/yes/models/bearuby/398761_720p.mp4,398761_720p.mp4,31661017,30.19 MiB,true,"mov,mp4,m4a,3gp,3g2,mj2",314.9146,h264,aac,406,720,not_checked_in_bulk,yes,no
/mnt/spirit-8tb/media/yes/models/leighbunbun/Visit onlyshare.io FOR MORE (8).mp4,Visit onlyshare.io FOR MORE (8).mp4,55332943,52.77 MiB,true,"mov,mp4,m4a,3gp,3g2,mj2",71.18,h264,aac,404,720,not_checked_in_bulk,yes,no
/mnt/spirit-8tb/media/yes/models/sakhovanski/79568.mp4,79568.mp4,35530236,33.88 MiB,true,"mov,mp4,m4a,3gp,3g2,mj2",223.264708,h264,aac,406,720,not_checked_in_bulk,yes,no
/mnt/spirit-8tb/media/yes/models/azilia-hadid/@boomboomhub TG (50).mp4,@boomboomhub TG (50).mp4,106462298,101.53 MiB,true,"mov,mp4,m4a,3gp,3g2,mj2",137.38725,h264,aac,1080,1920,not_checked_in_bulk,yes,no
/mnt/spirit-8tb/media/yes/models/azilia-hadid/@boomboomhub TG (39).mp4,@boomboomhub TG (39).mp4,271498774,258.92 MiB,true,"mov,mp4,m4a,3gp,3g2,mj2",351.60125,h264,aac,1080,1920,not_checked_in_bulk,yes,no
/mnt/spirit-8tb/media/yes/models/azilia-hadid/@boomboomhub TG (43).mp4,@boomboomhub TG (43).mp4,71112035,67.82 MiB,true,"mov,mp4,m4a,3gp,3g2,mj2",91.716625,h264,aac,720,1280,not_checked_in_bulk,yes,no
/mnt/spirit-8tb/media/yes/models/lustcnotal/455505_720p.mp4,455505_720p.mp4,18644349,17.78 MiB,true,"mov,mp4,m4a,3gp,3g2,mj2",130,h264,aac,406,720,not_checked_in_bulk,yes,no
/mnt/spirit-8tb/media/yes/models/ruth-lee/362027_720p.mp4,362027_720p.mp4,191957338,183.06 MiB,true,"mov,mp4,m4a,3gp,3g2,mj2",435.560125,h264,aac,1280,720,not_checked_in_bulk,yes,no
/mnt/spirit-8tb/media/yes/models/ruth-lee/ruth-lee-after-gym-blowjob-titty-fuck-cumshot-video-leaked-480p.mp4,ruth-lee-after-gym-blowjob-titty-fuck-cumshot-video-leaked-480p.mp4,45149379,43.06 MiB,true,"mov,mp4,m4a,3gp,3g2,mj2",544.600998,h264,aac,270,480,not_checked_in_bulk,yes,no
/mnt/spirit-8tb/media/yes/models/haylee-love/71357paid.mp4,71357paid.mp4,104663074,99.81 MiB,true,"mov,mp4,m4a,3gp,3g2,mj2",844.44,h264,aac,1280,720,not_checked_in_bulk,yes,no
/mnt/spirit-8tb/media/yes/models/haylee-love/HxtQnxktezuQzwketwMx.mp4,HxtQnxktezuQzwketwMx.mp4,303208133,289.16 MiB,true,"mov,mp4,m4a,3gp,3g2,mj2",998.746444,h264,aac,1280,720,not_checked_in_bulk,yes,no
/mnt/spirit-8tb/media/yes/models/sienna-ababi/Visit onlyshare.io for MORE (28).mp4,Visit onlyshare.io for MORE (28).mp4,19218050,18.33 MiB,true,"mov,mp4,m4a,3gp,3g2,mj2",24.190833,h264,aac,672,1232,not_checked_in_bulk,yes,no
/mnt/spirit-8tb/media/yes/models/sienna-ababi/Visit onlyshare.io for MORE (1).mp4,Visit onlyshare.io for MORE (1).mp4,53797624,51.31 MiB,true,"mov,mp4,m4a,3gp,3g2,mj2",69.069,h264,aac,1920,1080,not_checked_in_bulk,yes,no
/mnt/spirit-8tb/media/yes/models/sienna-ababi/Visit onlyshare.io for MORE (5).mp4,Visit onlyshare.io for MORE (5).mp4,66625614,63.54 MiB,true,"mov,mp4,m4a,3gp,3g2,mj2",85.460375,h264,aac,1280,720,not_checked_in_bulk,yes,no
/mnt/spirit-8tb/media/yes/models/sienna-ababi/Visit onlyshare.io for MORE (7).mp4,Visit onlyshare.io for MORE (7).mp4,13371987,12.75 MiB,true,"mov,mp4,m4a,3gp,3g2,mj2",16.307958,h264,aac,1280,720,not_checked_in_bulk,yes,no
/mnt/spirit-8tb/media/yes/models/sienna-ababi/@DailyLeaksMain_5a6152622c58eb1a882b28ad94a5b92dbafc2eaa155bb35c1ce00b835156eba3.mp4,@DailyLeaksMain_5a6152622c58eb1a882b28ad94a5b92dbafc2eaa155bb35c1ce00b835156eba3.mp4,72994419,69.61 MiB,true,"mov,mp4,m4a,3gp,3g2,mj2",93.676917,h264,aac,1080,1920,not_checked_in_bulk,yes,no
/mnt/spirit-8tb/media/yes/models/mulai/99022_720p.mp4,99022_720p.mp4,64218137,61.24 MiB,true,"mov,mp4,m4a,3gp,3g2,mj2",430,h264,aac,442,720,not_checked_in_bulk,yes,no
/mnt/spirit-8tb/media/yes/models/katianakayfree/278848_720p.mp4,278848_720p.mp4,57541657,54.88 MiB,true,"mov,mp4,m4a,3gp,3g2,mj2",578.44,h264,aac,406,720,not_checked_in_bulk,yes,no
/mnt/spirit-8tb/media/yes/models/cutefru/Visit onlyshare.io for MORE 04419.mp4,Visit onlyshare.io for MORE 04419.mp4,118784713,113.28 MiB,true,"mov,mp4,m4a,3gp,3g2,mj2",154.320833,h264,aac,1080,1516,not_checked_in_bulk,yes,no
/mnt/spirit-8tb/media/yes/models/izzy-green/Izzy Green Finger And Dildo Fuck Pussy Squirt Everywhere For Her.mp4,Izzy Green Finger And Dildo Fuck Pussy Squirt Everywhere For Her.mp4,84362872,80.45 MiB,true,"mov,mp4,m4a,3gp,3g2,mj2",501.338969,h264,aac,470,836,not_checked_in_bulk,yes,no
/mnt/spirit-8tb/media/yes/models/izzy-green/Izzy Green New Titty Drop Joi Onlyfans.mp4,Izzy Green New Titty Drop Joi Onlyfans.mp4,93780162,89.44 MiB,true,"mov,mp4,m4a,3gp,3g2,mj2",554.901,h264,aac,472,838,not_checked_in_bulk,yes,no
/mnt/spirit-8tb/media/yes/models/izzy-green/Izzy Green Suck Till Mouth Got Filled With Cum Then Bounce On Th.mp4,Izzy Green Suck Till Mouth Got Filled With Cum Then Bounce On Th.mp4,471984210,450.12 MiB,true,"mov,mp4,m4a,3gp,3g2,mj2",1148.607333,h264,aac,1920,1080,not_checked_in_bulk,yes,no
/mnt/spirit-8tb/media/yes/models/izzy-green/Izzy Green Squirt Compilation Leaked Sextape.mp4,Izzy Green Squirt Compilation Leaked Sextape.mp4,353305369,336.94 MiB,true,"mov,mp4,m4a,3gp,3g2,mj2",1194.948067,h264,aac,1920,1080,not_checked_in_bulk,yes,no
/mnt/spirit-8tb/media/yes/models/izzy-green/ScreenRecording_05-20-2026 23-16-39_1.mp4,ScreenRecording_05-20-2026 23-16-39_1.mp4,55524763,52.95 MiB,true,"mov,mp4,m4a,3gp,3g2,mj2",29.741202,hevc,aac,884,1920,not_checked_in_bulk,no,yes
/mnt/spirit-8tb/media/yes/models/izzy-green/Join ✨@ofxmega on [TELEGRAM] (283).mp4,Join ✨@ofxmega on [TELEGRAM] (283).mp4,40967718,39.07 MiB,true,"mov,mp4,m4a,3gp,3g2,mj2",52.5,h264,aac,1232,656,not_checked_in_bulk,yes,no
/mnt/spirit-8tb/media/yes/models/izzy-green/Join ✨@ofxmega on [TELEGRAM] (218).mp4,Join ✨@ofxmega on [TELEGRAM] (218).mp4,54937699,52.39 MiB,true,"mov,mp4,m4a,3gp,3g2,mj2",70.445375,h264,aac,1080,1920,not_checked_in_bulk,yes,no
/mnt/spirit-8tb/media/yes/models/aaliyah-yasan/Visit onlyshare.io for MORE 86.mp4,Visit onlyshare.io for MORE 86.mp4,541491435,516.41 MiB,true,"mov,mp4,m4a,3gp,3g2,mj2",701.992958,h264,aac,1920,1080,not_checked_in_bulk,yes,no
/mnt/spirit-8tb/media/yes/models/aaliyah-yasan/Visit onlyshare.io for MORE 40.mp4,Visit onlyshare.io for MORE 40.mp4,801621371,764.49 MiB,true,"mov,mp4,m4a,3gp,3g2,mj2",1039.580208,h264,aac,1080,1920,not_checked_in_bulk,yes,no
/mnt/spirit-8tb/media/yes/models/aaliyah-yasan/Visit onlyshare.io for MORE 79.mp4,Visit onlyshare.io for MORE 79.mp4,558447664,532.58 MiB,true,"mov,mp4,m4a,3gp,3g2,mj2",723.889833,h264,aac,1920,1080,not_checked_in_bulk,yes,no
/mnt/spirit-8tb/media/yes/models/aaliyah-yasan/540598_720p.mp4,540598_720p.mp4,387879135,369.91 MiB,true,"mov,mp4,m4a,3gp,3g2,mj2",1059.224833,h264,aac,1280,720,not_checked_in_bulk,yes,no
/mnt/spirit-8tb/media/yes/models/aaliyah-yasan/Naughty Aaliyah Yasin Sucks A Big Cock While Smoking.mp4,Naughty Aaliyah Yasin Sucks A Big Cock While Smoking.mp4,344358414,328.41 MiB,true,"mov,mp4,m4a,3gp,3g2,mj2",1034.421033,h264,aac,1280,720,not_checked_in_bulk,yes,no
/mnt/spirit-8tb/media/yes/models/aaliyah-yasan/Visit onlyshare.io for MORE 130.mp4,Visit onlyshare.io for MORE 130.mp4,91021001,86.80 MiB,true,"mov,mp4,m4a,3gp,3g2,mj2",117.450667,h264,aac,1080,1920,not_checked_in_bulk,yes,no
/mnt/spirit-8tb/media/yes/models/aaliyah-yasan/HkkzMtwQexuQzwkQMekM.mp4,HkkzMtwQexuQzwkQMekM.mp4,666688410,635.80 MiB,true,"mov,mp4,m4a,3gp,3g2,mj2",2753.410729,h264,aac,1280,720,not_checked_in_bulk,yes,no
/mnt/spirit-8tb/media/yes/models/aaliyah-yasan/Visit onlyshare.io for MORE 50.mp4,Visit onlyshare.io for MORE 50.mp4,746019623,711.46 MiB,true,"mov,mp4,m4a,3gp,3g2,mj2",967.341375,h264,aac,1920,1080,not_checked_in_bulk,yes,no
/mnt/spirit-8tb/media/yes/models/aaliyah-yasan/Visit onlyshare.io for MORE 62.mp4,Visit onlyshare.io for MORE 62.mp4,666748232,635.86 MiB,true,"mov,mp4,m4a,3gp,3g2,mj2",864.3635,h264,aac,1920,1080,not_checked_in_bulk,yes,no
/mnt/spirit-8tb/media/yes/models/gem-the-jewels/487723_720p.mp4,487723_720p.mp4,203563976,194.13 MiB,true,"mov,mp4,m4a,3gp,3g2,mj2",1355.06712,h264,aac,406,720,not_checked_in_bulk,yes,no
/mnt/spirit-8tb/media/yes/models/gem-the-jewels/548555_720p.mp4,548555_720p.mp4,240869964,229.71 MiB,true,"mov,mp4,m4a,3gp,3g2,mj2",785.159375,h264,aac,1280,720,not_checked_in_bulk,yes,no
/mnt/spirit-8tb/media/yes/models/emiliaofficial/Emilia Bunny Sexy Schoolgirl in Pantyhose Helps with Homework Be.mp4,Emilia Bunny Sexy Schoolgirl in Pantyhose Helps with Homework Be.mp4,425433333,405.72 MiB,true,"mov,mp4,m4a,3gp,3g2,mj2",733.866,h264,aac,1920,1080,not_checked_in_bulk,yes,no
/mnt/spirit-8tb/media/yes/models/emiliaofficial/Emilia Bunny POV Woman Rubs Clit Receives Cum on Panties Beeg.mp4,Emilia Bunny POV Woman Rubs Clit Receives Cum on Panties Beeg.mp4,421083282,401.58 MiB,true,"mov,mp4,m4a,3gp,3g2,mj2",766.92,h264,aac,1920,1080,not_checked_in_bulk,yes,no
/mnt/spirit-8tb/media/yes/models/emiliaofficial/Emilia Bunny Model in Bodysuit Receives Facial After Passionate.mp4,Emilia Bunny Model in Bodysuit Receives Facial After Passionate.mp4,331790376,316.42 MiB,true,"mov,mp4,m4a,3gp,3g2,mj2",1098.2631,h264,aac,1920,1080,not_checked_in_bulk,yes,no
/mnt/spirit-8tb/media/yes/models/emiliaofficial/Emilia Bunny A Playful Evening with a Natural Beauty Who Always.mp4,Emilia Bunny A Playful Evening with a Natural Beauty Who Always.mp4,412935039,393.81 MiB,true,"mov,mp4,m4a,3gp,3g2,mj2",721.066,h264,aac,1920,1080,not_checked_in_bulk,yes,no
/mnt/spirit-8tb/media/yes/models/emiliaofficial/Emilia Bunny Schoolgirl Plays Hooky and gets Naughty on Camera B.mp4,Emilia Bunny Schoolgirl Plays Hooky and gets Naughty on Camera B.mp4,430433566,410.49 MiB,true,"mov,mp4,m4a,3gp,3g2,mj2",966.600272,h264,aac,1920,1080,not_checked_in_bulk,yes,no
/mnt/spirit-8tb/media/yes/models/emiliaofficial/Emilia Bunny Pov Your Sexy Gf Cant Leave the House until You Mak.mp4,Emilia Bunny Pov Your Sexy Gf Cant Leave the House until You Mak.mp4,376296960,358.86 MiB,true,"mov,mp4,m4a,3gp,3g2,mj2",612.449524,h264,aac,1920,1080,not_checked_in_bulk,yes,no
/mnt/spirit-8tb/media/yes/models/emiliaofficial/Строгая учительница… но после уроков разрешено всё 💦 - EmiliaBunny - Pornhub.com.mp4,Строгая учительница… но после уроков разрешено всё 💦 - EmiliaBunny - Pornhub.com.mp4,134819155,128.57 MiB,true,"mov,mp4,m4a,3gp,3g2,mj2",847.458685,h264,aac,1280,720,not_checked_in_bulk,yes,no
/mnt/spirit-8tb/media/yes/models/emiliaofficial/Emilia Bunny Horny Girl Takes It Deep Beeg.mp4,Emilia Bunny Horny Girl Takes It Deep Beeg.mp4,444771116,424.17 MiB,true,"mov,mp4,m4a,3gp,3g2,mj2",1103.2,h264,aac,1920,1080,not_checked_in_bulk,yes,no
/mnt/spirit-8tb/media/yes/models/emiliaofficial/Emilia Bunny Model Encounter Exceeds Expectations Beeg.mp4,Emilia Bunny Model Encounter Exceeds Expectations Beeg.mp4,273841390,261.16 MiB,true,"mov,mp4,m4a,3gp,3g2,mj2",987.1521,h264,aac,1920,1080,not_checked_in_bulk,yes,no
/mnt/spirit-8tb/media/yes/models/emiliaofficial/Emilia Bunny Help Me with the Game and Ill Help You Cum Step Sis.mp4,Emilia Bunny Help Me with the Game and Ill Help You Cum Step Sis.mp4,485845144,463.34 MiB,true,"mov,mp4,m4a,3gp,3g2,mj2",857.164626,h264,aac,1920,1080,not_checked_in_bulk,yes,no
/mnt/spirit-8tb/media/yes/models/emiliaofficial/Emilia Bunny 2 Cumshots. Feet Ride. the Wettest Pussy Beeg.mp4,Emilia Bunny 2 Cumshots. Feet Ride. the Wettest Pussy Beeg.mp4,449554503,428.73 MiB,true,"mov,mp4,m4a,3gp,3g2,mj2",778.843719,h264,aac,1920,1080,not_checked_in_bulk,yes,no
/mnt/spirit-8tb/media/yes/models/emiliaofficial/Emilia Bunny Strict Teachers Private Lesson Beeg.mp4,Emilia Bunny Strict Teachers Private Lesson Beeg.mp4,320237525,305.40 MiB,true,"mov,mp4,m4a,3gp,3g2,mj2",968.782948,h264,aac,1920,1080,not_checked_in_bulk,yes,no
/mnt/spirit-8tb/media/yes/models/strawberrytabby/564677_720p.mp4,564677_720p.mp4,70392847,67.13 MiB,true,"mov,mp4,m4a,3gp,3g2,mj2",253.878625,h264,aac,608,1080,not_checked_in_bulk,yes,no
/mnt/spirit-8tb/media/yes/models/maditay/207601_720p.mp4,207601_720p.mp4,393069701,374.86 MiB,true,"mov,mp4,m4a,3gp,3g2,mj2",1045.29,h264,aac,1280,720,not_checked_in_bulk,yes,no
/mnt/spirit-8tb/media/yes/models/pinkychu/176349.mp4,176349.mp4,5871579,5.60 MiB,true,"mov,mp4,m4a,3gp,3g2,mj2",29.796433,h264,aac,406,720,not_checked_in_bulk,yes,no
/mnt/spirit-8tb/media/yes/models/alannasworldx/438588_720p.mp4,438588_720p.mp4,64060147,61.09 MiB,true,"mov,mp4,m4a,3gp,3g2,mj2",452.284656,h264,aac,404,720,not_checked_in_bulk,yes,no
/mnt/spirit-8tb/media/yes/models/alannasworldx/256433_720p.mp4,256433_720p.mp4,177296903,169.08 MiB,true,"mov,mp4,m4a,3gp,3g2,mj2",1241.615375,h264,aac,406,720,not_checked_in_bulk,yes,no
/mnt/spirit-8tb/media/yes/models/cute-geekie/@MLHUBOF Telegram 🌌🔥 - 537.mp4,@MLHUBOF Telegram 🌌🔥 - 537.mp4,76651228,73.10 MiB,true,"mov,mp4,m4a,3gp,3g2,mj2",98.681917,h264,aac,1076,1822,not_checked_in_bulk,yes,no
/mnt/spirit-8tb/media/yes/models/cute-geekie/2783 cutelittlepearl leather sextape.mp4,2783 cutelittlepearl leather sextape.mp4,204751564,195.27 MiB,true,"mov,mp4,m4a,3gp,3g2,mj2",527.727211,h264,aac,1280,720,not_checked_in_bulk,yes,no
/mnt/spirit-8tb/media/yes/models/cute-geekie/148460_1080p.mp4,148460_1080p.mp4,326147372,311.04 MiB,true,"mov,mp4,m4a,3gp,3g2,mj2",637.418295,h264,aac,1920,1080,not_checked_in_bulk,yes,no
/mnt/spirit-8tb/media/yes/models/cute-geekie/@MLHUBOF Telegram 🌌🔥 - 870.mp4,@MLHUBOF Telegram 🌌🔥 - 870.mp4,10602953,10.11 MiB,true,"mov,mp4,m4a,3gp,3g2,mj2",82.749667,h264,aac,404,720,not_checked_in_bulk,yes,no
/mnt/spirit-8tb/media/yes/models/cute-geekie/51591.mp4,51591.mp4,272625353,260.00 MiB,true,"mov,mp4,m4a,3gp,3g2,mj2",780.446333,h264,aac,1284,720,not_checked_in_bulk,yes,no
/mnt/spirit-8tb/media/yes/models/cute-geekie/@MLHUBOF Telegram 🌌🔥 - 793.mp4,@MLHUBOF Telegram 🌌🔥 - 793.mp4,189460157,180.68 MiB,true,"mov,mp4,m4a,3gp,3g2,mj2",244.786208,h264,aac,1080,1920,not_checked_in_bulk,yes,no
/mnt/spirit-8tb/media/yes/models/cute-geekie/@MLHUBOF Telegram 🌌🔥 - 959.mp4,@MLHUBOF Telegram 🌌🔥 - 959.mp4,25866922,24.67 MiB,true,"mov,mp4,m4a,3gp,3g2,mj2",139.732667,h264,aac,900,720,not_checked_in_bulk,yes,no
/mnt/spirit-8tb/media/yes/models/cute-geekie/@MLHUBOF Telegram 🌌🔥 - 558.mp4,@MLHUBOF Telegram 🌌🔥 - 558.mp4,58011353,55.32 MiB,true,"mov,mp4,m4a,3gp,3g2,mj2",66.453991,h264,aac,1078,1920,not_checked_in_bulk,yes,no
/mnt/spirit-8tb/media/yes/models/cute-geekie/Visit onlyshare.io for MORE 05135.mp4,Visit onlyshare.io for MORE 05135.mp4,135836622,129.54 MiB,true,"mov,mp4,m4a,3gp,3g2,mj2",125.5254,h264,aac,1920,1080,not_checked_in_bulk,yes,no
/mnt/spirit-8tb/media/yes/models/sava-schultz/Savaschultz savaschulz savashultz Exclusive Leaked Nude OnlyFans(21).mp4,Savaschultz savaschulz savashultz Exclusive Leaked Nude OnlyFans(21).mp4,7772604,7.41 MiB,true,"mov,mp4,m4a,3gp,3g2,mj2",29.31225,h264,aac,608,1080,not_checked_in_bulk,yes,no
/mnt/spirit-8tb/media/yes/models/sava-schultz/watermark_9744_savaschultz_81845478182.mp4,watermark_9744_savaschultz_81845478182.mp4,2011005,1.92 MiB,true,"mov,mp4,m4a,3gp,3g2,mj2",25.366667,h264,aac,404,720,not_checked_in_bulk,yes,no
/mnt/spirit-8tb/media/yes/models/sava-schultz/Savaschultz savaschulz savashultz Exclusive Leaked Nude OnlyFans(13).mp4,Savaschultz savaschulz savashultz Exclusive Leaked Nude OnlyFans(13).mp4,5677617,5.41 MiB,true,"mov,mp4,m4a,3gp,3g2,mj2",18.874,h264,aac,404,720,not_checked_in_bulk,yes,no
/mnt/spirit-8tb/media/yes/models/sava-schultz/Savaschultz savaschulz savashultz Exclusive Leaked Nude OnlyFans(15).mp4,Savaschultz savaschulz savashultz Exclusive Leaked Nude OnlyFans(15).mp4,3901376,3.72 MiB,true,"mov,mp4,m4a,3gp,3g2,mj2",33.874,h264,aac,404,720,not_checked_in_bulk,yes,no
/mnt/spirit-8tb/media/yes/models/sava-schultz/Sava.Schultz - Sava Schultz Onlyfans Leaked Naked Video.mp4,Sava.Schultz - Sava Schultz Onlyfans Leaked Naked Video.mp4,7555115,7.21 MiB,true,"mov,mp4,m4a,3gp,3g2,mj2",52.990583,h264,aac,720,1280,not_checked_in_bulk,yes,no
/mnt/spirit-8tb/media/yes/models/sava-schultz/Savaschultz savaschulz savashultz Exclusive Leaked Nude OnlyFans(19).mp4,Savaschultz savaschulz savashultz Exclusive Leaked Nude OnlyFans(19).mp4,3765522,3.59 MiB,true,"mov,mp4,m4a,3gp,3g2,mj2",29.270542,h264,aac,608,1080,not_checked_in_bulk,yes,no
/mnt/spirit-8tb/media/yes/models/sava-schultz/Sava Schultz - Videos - leak stars nackt leaks download leaked(5).mp4,Sava Schultz - Videos - leak stars nackt leaks download leaked(5).mp4,8600693,8.20 MiB,true,"mov,mp4,m4a,3gp,3g2,mj2",61.081989,h264,aac,720,1280,not_checked_in_bulk,yes,no
/mnt/spirit-8tb/media/yes/models/sava-schultz/(116).mp4,(116).mp4,18785382,17.92 MiB,true,"mov,mp4,m4a,3gp,3g2,mj2",23.732042,h264,aac,720,1280,not_checked_in_bulk,yes,no
/mnt/spirit-8tb/media/yes/models/sava-schultz/Sava Schultz - Videos - leak stars nackt leaks download leaked(4).mp4,Sava Schultz - Videos - leak stars nackt leaks download leaked(4).mp4,2304942,2.20 MiB,true,"mov,mp4,m4a,3gp,3g2,mj2",16.495789,h264,aac,720,1280,not_checked_in_bulk,yes,no
/mnt/spirit-8tb/media/yes/models/sava-schultz/Savaschultz savaschulz savashultz Exclusive Leaked Nude OnlyFans(18).mp4,Savaschultz savaschulz savashultz Exclusive Leaked Nude OnlyFans(18).mp4,10103177,9.64 MiB,true,"mov,mp4,m4a,3gp,3g2,mj2",31.174,h264,aac,404,720,not_checked_in_bulk,yes,no
/mnt/spirit-8tb/media/yes/models/sava-schultz/Sava Schultz - Videos - leak stars nackt leaks download leaked(3).mp4,Sava Schultz - Videos - leak stars nackt leaks download leaked(3).mp4,570392,557.02 KiB,true,mpegts,4.025322,h264,aac,720,1280,not_checked_in_bulk,yes,no
/mnt/spirit-8tb/media/yes/models/sava-schultz/Savaschultz savaschulz savashultz Exclusive Leaked Nude OnlyFans(17).mp4,Savaschultz savaschulz savashultz Exclusive Leaked Nude OnlyFans(17).mp4,11072864,10.56 MiB,true,"mov,mp4,m4a,3gp,3g2,mj2",38.634,h264,aac,404,720,not_checked_in_bulk,yes,no
/mnt/spirit-8tb/media/yes/models/sava-schultz/(28).mp4,(28).mp4,3748688,3.58 MiB,true,"mov,mp4,m4a,3gp,3g2,mj2",20.30325,h264,aac,608,1080,not_checked_in_bulk,yes,no
/mnt/spirit-8tb/media/yes/models/sava-schultz/46783.mp4,46783.mp4,12142634,11.58 MiB,true,"mov,mp4,m4a,3gp,3g2,mj2",59.851458,h264,aac,394,720,not_checked_in_bulk,yes,no
/mnt/spirit-8tb/media/yes/models/sava-schultz/Sava Schultz grinding BBC so lewd leak.mp4,Sava Schultz grinding BBC so lewd leak.mp4,9899427,9.44 MiB,true,"mov,mp4,m4a,3gp,3g2,mj2",58.1,h264,aac,254,480,not_checked_in_bulk,yes,no
/mnt/spirit-8tb/media/yes/models/sava-schultz/Sava Schultz - Videos - leak stars nackt leaks download leaked(2).mp4,Sava Schultz - Videos - leak stars nackt leaks download leaked(2).mp4,3520042,3.36 MiB,true,"mov,mp4,m4a,3gp,3g2,mj2",25.0877,h264,aac,720,1280,not_checked_in_bulk,yes,no
/mnt/spirit-8tb/media/yes/models/sava-schultz/169901_1080p.mp4,169901_1080p.mp4,17627866,16.81 MiB,true,"mov,mp4,m4a,3gp,3g2,mj2",94.155917,h264,aac,720,1280,not_checked_in_bulk,yes,no
/mnt/spirit-8tb/media/yes/models/sava-schultz/Sava.schultz Ass PPV OnlyFans Video Leaked.mp4,Sava.schultz Ass PPV OnlyFans Video Leaked.mp4,6366161,6.07 MiB,true,"mov,mp4,m4a,3gp,3g2,mj2",91.143991,h264,aac,406,720,not_checked_in_bulk,yes,no
/mnt/spirit-8tb/media/yes/models/sava-schultz/Sava Schultz - Videos - leak stars nackt leaks download leaked(1).mp4,Sava Schultz - Videos - leak stars nackt leaks download leaked(1).mp4,3115096,2.97 MiB,true,"mov,mp4,m4a,3gp,3g2,mj2",22.126411,h264,aac,720,1280,not_checked_in_bulk,yes,no
/mnt/spirit-8tb/media/yes/models/sava-schultz/Savaschultz savaschulz savashultz Exclusive Leaked Nude OnlyFans(25).mp4,Savaschultz savaschulz savashultz Exclusive Leaked Nude OnlyFans(25).mp4,4331442,4.13 MiB,true,"mov,mp4,m4a,3gp,3g2,mj2",11.874,h264,aac,404,720,not_checked_in_bulk,yes,no
/mnt/spirit-8tb/media/yes/models/sava-schultz/Savaschultz savaschulz savashultz Exclusive Leaked Nude OnlyFans(1).mp4,Savaschultz savaschulz savashultz Exclusive Leaked Nude OnlyFans(1).mp4,1815120,1.73 MiB,true,"mov,mp4,m4a,3gp,3g2,mj2",20.474,h264,aac,404,720,not_checked_in_bulk,yes,no
/mnt/spirit-8tb/media/yes/models/sava-schultz/Savaschultz savaschulz savashultz Exclusive Leaked Nude OnlyFans(22).mp4,Savaschultz savaschulz savashultz Exclusive Leaked Nude OnlyFans(22).mp4,1091491,1.04 MiB,true,"mov,mp4,m4a,3gp,3g2,mj2",12.086708,h264,aac,480,848,not_checked_in_bulk,yes,no
/mnt/spirit-8tb/media/yes/models/sava-schultz/Sava.schultz Horny Tease OnlyFans Video Leaked.mp4,Sava.schultz Horny Tease OnlyFans Video Leaked.mp4,7245753,6.91 MiB,true,"mov,mp4,m4a,3gp,3g2,mj2",81.063991,h264,aac,406,720,not_checked_in_bulk,yes,no
/mnt/spirit-8tb/media/yes/models/sava-schultz/Savaschultz savaschulz savashultz Exclusive Leaked Nude OnlyFans(11).mp4,Savaschultz savaschulz savashultz Exclusive Leaked Nude OnlyFans(11).mp4,3507251,3.34 MiB,true,"mov,mp4,m4a,3gp,3g2,mj2",46.08,h264,aac,392,720,not_checked_in_bulk,yes,no
/mnt/spirit-8tb/media/yes/models/sava-schultz/6513.mp4,6513.mp4,1251429,1.19 MiB,true,"mov,mp4,m4a,3gp,3g2,mj2",30.6,h264,aac,270,480,not_checked_in_bulk,yes,no
/mnt/spirit-8tb/media/yes/models/sava-schultz/Savaschultz savaschulz savashultz Exclusive Leaked Nude OnlyFans(14).mp4,Savaschultz savaschulz savashultz Exclusive Leaked Nude OnlyFans(14).mp4,645614,630.48 KiB,true,"mov,mp4,m4a,3gp,3g2,mj2",4.766667,h264,,720,900,not_checked_in_bulk,no,yes
/mnt/spirit-8tb/media/yes/models/sava-schultz/Savaschultz savaschulz savashultz Exclusive Leaked Nude OnlyFans(24).mp4,Savaschultz savaschulz savashultz Exclusive Leaked Nude OnlyFans(24).mp4,4130405,3.94 MiB,true,"mov,mp4,m4a,3gp,3g2,mj2",21.30425,h264,aac,608,1080,not_checked_in_bulk,yes,no
/mnt/spirit-8tb/media/yes/models/sava-schultz/Savaschultz savaschulz savashultz Exclusive Leaked Nude OnlyFans(23).mp4,Savaschultz savaschulz savashultz Exclusive Leaked Nude OnlyFans(23).mp4,1358047,1.30 MiB,true,"mov,mp4,m4a,3gp,3g2,mj2",7.999292,h264,aac,608,1080,not_checked_in_bulk,yes,no
/mnt/spirit-8tb/media/yes/models/sava-schultz/Sava-Schultz-2.mp4,Sava-Schultz-2.mp4,34431330,32.84 MiB,true,"mov,mp4,m4a,3gp,3g2,mj2",37.037,h264,aac,720,1280,not_checked_in_bulk,yes,no
/mnt/spirit-8tb/media/yes/models/sava-schultz/(21).mp4,(21).mp4,35337833,33.70 MiB,true,"mov,mp4,m4a,3gp,3g2,mj2",45.253542,h264,aac,720,1280,not_checked_in_bulk,yes,no
/mnt/spirit-8tb/media/yes/models/sava-schultz/(31).mp4,(31).mp4,24613509,23.47 MiB,true,"mov,mp4,m4a,3gp,3g2,mj2",31.364667,h264,aac,720,1280,not_checked_in_bulk,yes,no
/mnt/spirit-8tb/media/yes/models/sava-schultz/169902_1080p.mp4,169902_1080p.mp4,9512879,9.07 MiB,true,"mov,mp4,m4a,3gp,3g2,mj2",60.372917,h264,aac,720,1280,not_checked_in_bulk,yes,no
/mnt/spirit-8tb/media/yes/models/sava-schultz/Savaschultz savaschulz savashultz Exclusive Leaked Nude OnlyFans(20).mp4,Savaschultz savaschulz savashultz Exclusive Leaked Nude OnlyFans(20).mp4,6046255,5.77 MiB,true,"mov,mp4,m4a,3gp,3g2,mj2",26.601208,h264,aac,608,1080,not_checked_in_bulk,yes,no
/mnt/spirit-8tb/media/yes/models/sava-schultz/Sava Schultz BDSM doggy fuck so hard.mp4,Sava Schultz BDSM doggy fuck so hard.mp4,16830782,16.05 MiB,true,"mov,mp4,m4a,3gp,3g2,mj2",60.016667,h264,aac,270,480,not_checked_in_bulk,yes,no
/mnt/spirit-8tb/media/yes/models/sava-schultz/(19).mp4,(19).mp4,39064427,37.25 MiB,true,"mov,mp4,m4a,3gp,3g2,mj2",50.175125,h264,aac,720,1062,not_checked_in_bulk,yes,no
/mnt/spirit-8tb/media/yes/models/sava-schultz/Savaschultz savaschulz savashultz Exclusive Leaked Nude OnlyFans(12).mp4,Savaschultz savaschulz savashultz Exclusive Leaked Nude OnlyFans(12).mp4,1759845,1.68 MiB,true,"mov,mp4,m4a,3gp,3g2,mj2",14.964583,h264,aac,608,1080,not_checked_in_bulk,yes,no
/mnt/spirit-8tb/media/yes/models/sava-schultz/Sava schultz savaschultz 1 nectgbustytiktokteenpussybig boobshot(1).mp4,Sava schultz savaschultz 1 nectgbustytiktokteenpussybig boobshot(1).mp4,2855173,2.72 MiB,true,"mov,mp4,m4a,3gp,3g2,mj2",32.415057,h264,aac,358,640,not_checked_in_bulk,yes,no
/mnt/spirit-8tb/media/yes/models/sava-schultz/Savaschultz savaschulz savashultz Exclusive Leaked Nude OnlyFans(9).mp4,Savaschultz savaschulz savashultz Exclusive Leaked Nude OnlyFans(9).mp4,19741765,18.83 MiB,true,"mov,mp4,m4a,3gp,3g2,mj2",62.84575,h264,aac,1280,720,not_checked_in_bulk,yes,no
/mnt/spirit-8tb/media/yes/models/sava-schultz/Savaschultz savaschulz savashultz Exclusive Leaked Nude OnlyFans(16).mp4,Savaschultz savaschulz savashultz Exclusive Leaked Nude OnlyFans(16).mp4,1779730,1.70 MiB,true,"mov,mp4,m4a,3gp,3g2,mj2",19.994,h264,aac,404,720,not_checked_in_bulk,yes,no
/mnt/spirit-8tb/media/yes/models/sava-schultz/Sava Schultz - Videos - leak stars nackt leaks download leaked.mp4,Sava Schultz - Videos - leak stars nackt leaks download leaked.mp4,3900484,3.72 MiB,true,"mov,mp4,m4a,3gp,3g2,mj2",27.162,h264,aac,1280,720,not_checked_in_bulk,yes,no
/mnt/spirit-8tb/media/yes/models/jakara-mitchell/Jakara Mitchell Sexy Ass Tease and JOI.mp4,Jakara Mitchell Sexy Ass Tease and JOI.mp4,50415236,48.08 MiB,true,"mov,mp4,m4a,3gp,3g2,mj2",499.285333,h264,aac,400,720,not_checked_in_bulk,yes,no
/mnt/spirit-8tb/media/yes/models/jakara-mitchell/Fap__01cfdec15d25f9cd19397c0709e49162.mp4,Fap__01cfdec15d25f9cd19397c0709e49162.mp4,220218023,210.02 MiB,true,"mov,mp4,m4a,3gp,3g2,mj2",204.0038,h264,aac,1080,1920,not_checked_in_bulk,yes,no
/mnt/spirit-8tb/media/yes/models/jakara-mitchell/Fap__1c31400144c5b4a8cb977202cfb8121c.mp4,Fap__1c31400144c5b4a8cb977202cfb8121c.mp4,46641046,44.48 MiB,true,"mov,mp4,m4a,3gp,3g2,mj2",59.934875,h264,aac,720,1280,not_checked_in_bulk,yes,no
/mnt/spirit-8tb/media/yes/models/jakara-mitchell/v.mp4,v.mp4,94145805,89.78 MiB,true,"mov,mp4,m4a,3gp,3g2,mj2",541.541,h264,aac,606,1080,not_checked_in_bulk,yes,no
/mnt/spirit-8tb/media/yes/models/jakara-mitchell/v 1.mp4,v 1.mp4,59520865,56.76 MiB,true,"mov,mp4,m4a,3gp,3g2,mj2",490.433984,h264,aac,404,720,not_checked_in_bulk,yes,no
/mnt/spirit-8tb/media/yes/models/jakara-mitchell/Karamitch- gym bg.mp4,Karamitch- gym bg.mp4,284334185,271.16 MiB,true,"mov,mp4,m4a,3gp,3g2,mj2",1307.523008,h264,aac,406,720,not_checked_in_bulk,yes,no
/mnt/spirit-8tb/media/yes/models/jakara-mitchell/Fap__5e5eb028f60361971febc5850e5c000c.mp4,Fap__5e5eb028f60361971febc5850e5c000c.mp4,243297199,232.03 MiB,true,"mov,mp4,m4a,3gp,3g2,mj2",686.394042,h264,aac,1920,1080,not_checked_in_bulk,yes,no
/mnt/spirit-8tb/media/yes/models/jakara-mitchell/Jakara Mitchell Glasses Sex Tape Video Leaked - Fapptime.mp4,Jakara Mitchell Glasses Sex Tape Video Leaked - Fapptime.mp4,128927376,122.95 MiB,true,"mov,mp4,m4a,3gp,3g2,mj2",1119.566,h264,aac,404,720,not_checked_in_bulk,yes,no
/mnt/spirit-8tb/media/yes/models/brenda-trindade/467345_720p.mp4,467345_720p.mp4,46669863,44.51 MiB,true,"mov,mp4,m4a,3gp,3g2,mj2",344.977967,h264,aac,406,720,not_checked_in_bulk,yes,no
/mnt/spirit-8tb/media/yes/models/amburne/141711.mp4,141711.mp4,8806111,8.40 MiB,true,"mov,mp4,m4a,3gp,3g2,mj2",18.412993,h264,aac,1280,720,not_checked_in_bulk,yes,no
/mnt/spirit-8tb/media/yes/models/sendnudes/169870_1080p.mp4,169870_1080p.mp4,191052542,182.20 MiB,true,"mov,mp4,m4a,3gp,3g2,mj2",279.048917,h264,aac,1080,1920,not_checked_in_bulk,yes,no
/mnt/spirit-8tb/media/yes/models/jazmen-jafar/107774.mp4,107774.mp4,65243975,62.22 MiB,true,"mov,mp4,m4a,3gp,3g2,mj2",455.645011,h264,aac,406,720,not_checked_in_bulk,yes,no
/mnt/spirit-8tb/media/yes/models/jazmen-jafar/✨@ofxmega on [TELEGRAM] (286).mp4,✨@ofxmega on [TELEGRAM] (286).mp4,14668587,13.99 MiB,true,"mov,mp4,m4a,3gp,3g2,mj2",18.393375,h264,aac,680,1276,not_checked_in_bulk,yes,no
/mnt/spirit-8tb/media/yes/models/jazmen-jafar/484359_720p.mp4,484359_720p.mp4,182301289,173.86 MiB,true,"mov,mp4,m4a,3gp,3g2,mj2",1113.946167,h264,aac,406,720,not_checked_in_bulk,yes,no
/mnt/spirit-8tb/media/yes/models/jazmen-jafar/✨@ofxmega on [TELEGRAM] (276).mp4,✨@ofxmega on [TELEGRAM] (276).mp4,19142368,18.26 MiB,true,"mov,mp4,m4a,3gp,3g2,mj2",24.232542,h264,aac,696,1276,not_checked_in_bulk,yes,no
/mnt/spirit-8tb/media/yes/models/jazmen-jafar/jazmen-jafar-hard-fuck-and-facial.mp4,jazmen-jafar-hard-fuck-and-facial.mp4,48789720,46.53 MiB,true,"mov,mp4,m4a,3gp,3g2,mj2",595.8,h264,aac,270,480,not_checked_in_bulk,yes,no
/mnt/spirit-8tb/media/yes/models/jazmen-jafar/✨@ofxmega on [TELEGRAM] (278).mp4,✨@ofxmega on [TELEGRAM] (278).mp4,17991480,17.16 MiB,true,"mov,mp4,m4a,3gp,3g2,mj2",22.77275,h264,aac,634,1020,not_checked_in_bulk,yes,no
/mnt/spirit-8tb/media/yes/models/jazmen-jafar/✨@ofxmega on [TELEGRAM] (274).mp4,✨@ofxmega on [TELEGRAM] (274).mp4,19386091,18.49 MiB,true,"mov,mp4,m4a,3gp,3g2,mj2",24.441083,h264,aac,672,1232,not_checked_in_bulk,yes,no
/mnt/spirit-8tb/media/yes/models/jazmen-jafar/449071_720p.mp4,449071_720p.mp4,55502532,52.93 MiB,true,"mov,mp4,m4a,3gp,3g2,mj2",366.248345,h264,aac,406,720,not_checked_in_bulk,yes,no
/mnt/spirit-8tb/media/yes/models/jazmen-jafar/✨@ofxmega on [TELEGRAM] (279).mp4,✨@ofxmega on [TELEGRAM] (279).mp4,17527128,16.72 MiB,true,"mov,mp4,m4a,3gp,3g2,mj2",22.105417,h264,aac,672,1232,not_checked_in_bulk,yes,no
/mnt/spirit-8tb/media/yes/models/jazmen-jafar/✨@ofxmega on [TELEGRAM] (295).mp4,✨@ofxmega on [TELEGRAM] (295).mp4,12910306,12.31 MiB,true,"mov,mp4,m4a,3gp,3g2,mj2",16.182833,h264,aac,696,1276,not_checked_in_bulk,yes,no
/mnt/spirit-8tb/media/yes/models/jazmen-jafar/✨@ofxmega on [TELEGRAM] (299).mp4,✨@ofxmega on [TELEGRAM] (299).mp4,12394400,11.82 MiB,true,"mov,mp4,m4a,3gp,3g2,mj2",15.390375,h264,aac,888,1658,not_checked_in_bulk,yes,no
/mnt/spirit-8tb/media/yes/models/jazmen-jafar/83397.mp4,83397.mp4,56948030,54.31 MiB,true,"mov,mp4,m4a,3gp,3g2,mj2",307.593991,h264,aac,406,720,not_checked_in_bulk,yes,no
/mnt/spirit-8tb/media/yes/models/jazmen-jafar/✨@ofxmega on [TELEGRAM] (288).mp4,✨@ofxmega on [TELEGRAM] (288).mp4,14458726,13.79 MiB,true,"mov,mp4,m4a,3gp,3g2,mj2",18.101417,h264,aac,694,1232,not_checked_in_bulk,yes,no
/mnt/spirit-8tb/media/yes/models/whoahannahjo/43619.mp4,43619.mp4,34969369,33.35 MiB,true,"mov,mp4,m4a,3gp,3g2,mj2",246.833333,h264,aac,394,720,not_checked_in_bulk,yes,no
/mnt/spirit-8tb/media/yes/models/whoahannahjo/v 3.mp4,v 3.mp4,53625092,51.14 MiB,true,"mov,mp4,m4a,3gp,3g2,mj2",295.7,h264,aac,608,1080,not_checked_in_bulk,yes,no
/mnt/spirit-8tb/media/yes/models/whoahannahjo/HkxQxzewMkuQzwkQneee.mp4,HkxQxzewMkuQzwkQneee.mp4,38854095,37.05 MiB,true,"mov,mp4,m4a,3gp,3g2,mj2",196.399489,h264,aac,1280,720,not_checked_in_bulk,yes,no
/mnt/spirit-8tb/media/yes/models/whoahannahjo/v 4.mp4,v 4.mp4,226085563,215.61 MiB,true,"mov,mp4,m4a,3gp,3g2,mj2",950.116,h264,aac,1920,1080,not_checked_in_bulk,yes,no
/mnt/spirit-8tb/media/yes/models/whoahannahjo/n6utt4v0th~oBjJ4OdyPb.mp4,n6utt4v0th~oBjJ4OdyPb.mp4,105325223,100.45 MiB,true,"mov,mp4,m4a,3gp,3g2,mj2",603.833333,h264,aac,1280,720,not_checked_in_bulk,yes,no
/mnt/spirit-8tb/media/yes/models/angela-white/556530_720p.mp4,556530_720p.mp4,550263227,524.77 MiB,true,"mov,mp4,m4a,3gp,3g2,mj2",1561.426167,h264,aac,1280,720,not_checked_in_bulk,yes,no
/mnt/spirit-8tb/media/yes/models/sendnudesx/PlugLeakz.net - Join Telegram @PlugLeaksHub (224).mp4,PlugLeakz.net - Join Telegram @PlugLeaksHub (224).mp4,528198691,503.73 MiB,true,"mov,mp4,m4a,3gp,3g2,mj2",684.558875,h264,aac,1080,1920,not_checked_in_bulk,yes,no
/mnt/spirit-8tb/media/yes/models/sendnudesx/PlugLeakz.net - Join Telegram @PlugLeaksHub (198).mp4,PlugLeakz.net - Join Telegram @PlugLeaksHub (198).mp4,185587314,176.99 MiB,true,"mov,mp4,m4a,3gp,3g2,mj2",239.781208,h264,aac,1080,1920,not_checked_in_bulk,yes,no
/mnt/spirit-8tb/media/yes/models/yummy-couple/Ayucpl.mp4,Ayucpl.mp4,500537437,477.35 MiB,true,"mov,mp4,m4a,3gp,3g2,mj2",648.939958,h264,aac,1920,1080,not_checked_in_bulk,yes,no
/mnt/spirit-8tb/media/yes/models/zoey-uso/2209.mp4,2209.mp4,291954475,278.43 MiB,true,"mov,mp4,m4a,3gp,3g2,mj2",2452.665938,h264,aac,854,480,not_checked_in_bulk,yes,no
/mnt/spirit-8tb/media/yes/models/kinkykttn/444474.mp4,444474.mp4,12433684,11.86 MiB,true,"mov,mp4,m4a,3gp,3g2,mj2",59.80975,h264,aac,854,480,not_checked_in_bulk,yes,no
/mnt/spirit-8tb/media/yes/models/kinkykttn/OF4LM.COM is our home__282.mp4,OF4LM.COM is our home__282.mp4,98930019,94.35 MiB,true,"mov,mp4,m4a,3gp,3g2,mj2",127.752625,h264,aac,1280,720,not_checked_in_bulk,yes,no
/mnt/spirit-8tb/media/yes/models/kinkykttn/OF4LM.COM is our home__297.mp4,OF4LM.COM is our home__297.mp4,30120770,28.73 MiB,true,"mov,mp4,m4a,3gp,3g2,mj2",38.56,h264,aac,990,588,not_checked_in_bulk,yes,no
/mnt/spirit-8tb/media/yes/models/kinkykttn/444464.mp4,444464.mp4,6896728,6.58 MiB,true,"mov,mp4,m4a,3gp,3g2,mj2",62.187125,h264,aac,296,480,not_checked_in_bulk,yes,no
/mnt/spirit-8tb/media/yes/models/chloe-lamb/v 5.mp4,v 5.mp4,229963559,219.31 MiB,true,"mov,mp4,m4a,3gp,3g2,mj2",968.218,h264,aac,1080,1080,not_checked_in_bulk,yes,no
/mnt/spirit-8tb/media/yes/models/chloe-lamb/JoinUs @RisqueMega 25.mp4,JoinUs @RisqueMega 25.mp4,790227436,753.62 MiB,true,"mov,mp4,m4a,3gp,3g2,mj2",1024.648625,h264,aac,1080,1920,not_checked_in_bulk,yes,no
/mnt/spirit-8tb/media/yes/models/chloe-lamb/JoinUs @RisqueMega 61.mp4,JoinUs @RisqueMega 61.mp4,566805180,540.55 MiB,true,"mov,mp4,m4a,3gp,3g2,mj2",734.608875,h264,aac,1920,1080,not_checked_in_bulk,yes,no
/mnt/spirit-8tb/media/yes/models/chloe-lamb/442642_720p.mp4,442642_720p.mp4,70762008,67.48 MiB,true,"mov,mp4,m4a,3gp,3g2,mj2",881.338792,h264,aac,404,720,not_checked_in_bulk,yes,no
/mnt/spirit-8tb/media/yes/models/chloe-lamb/vid_480p.mp4,vid_480p.mp4,72734697,69.37 MiB,true,"mov,mp4,m4a,3gp,3g2,mj2",544.066757,h264,aac,852,480,not_checked_in_bulk,yes,no
/mnt/spirit-8tb/media/yes/models/mackzjones/15517_720p.mp4,15517_720p.mp4,44634144,42.57 MiB,true,"mov,mp4,m4a,3gp,3g2,mj2",242.583333,h264,aac,1280,720,not_checked_in_bulk,yes,no
