index,old_mkv_path,filename,status,current_path,current_extension,current_probe_ok,old_duration,current_duration,duration_diff_seconds,preserved_path,sidecars_current,why
1,/mnt/spirit-8tb/media/yes/484374_720p.mkv,484374_720p.mkv,replaced by MP4,/mnt/spirit-8tb/media/yes/484374_720p.mp4,.mp4,true,543.85,543.850667,0.0006670000000212895,/mnt/spirit-8tb/media-originals/replaced-by-mp4-20260620-184733/yes/484374_720p.mkv,/mnt/spirit-8tb/media/yes/484374_720p.mp4.face-meta.json; /mnt/spirit-8tb/media/yes/484374_720p.mp4.media-ingest.json,current canonical candidate found by normalized title
2,/mnt/spirit-8tb/media/yes/550807_720p.mkv,550807_720p.mkv,replaced by MP4,/mnt/spirit-8tb/media/yes/550807_720p.mp4,.mp4,true,888.861,888.861224,0.00022400000000288856,/mnt/spirit-8tb/media-originals/replaced-by-mp4-20260620-184733/yes/550807_720p.mkv,/mnt/spirit-8tb/media/yes/550807_720p.mp4.face-meta.json; /mnt/spirit-8tb/media/yes/550807_720p.mp4.media-ingest.json,current canonical candidate found by normalized title
3,/mnt/spirit-8tb/media/yes/432038_720p.mkv,432038_720p.mkv,replaced by MP4,/mnt/spirit-8tb/media/yes/432038_720p.mp4,.mp4,true,952.903,952.903417,0.00041699999997035775,/mnt/spirit-8tb/media-originals/replaced-by-mp4-20260620-184733/yes/432038_720p.mkv,/mnt/spirit-8tb/media/yes/432038_720p.mp4.face-meta.json; /mnt/spirit-8tb/media/yes/432038_720p.mp4.media-ingest.json,current canonical candidate found by normalized title
4,/mnt/spirit-8tb/media/yes/14318872.mkv,14318872.mkv,replaced by MP4,/mnt/spirit-8tb/media/yes/14318872.mp4,.mp4,true,1584.416,1584.329229,0.08677099999999882,/mnt/spirit-8tb/media-originals/replaced-by-mp4-20260620-184733/yes/14318872.mkv,/mnt/spirit-8tb/media/yes/14318872.mp4.face-meta.json; /mnt/spirit-8tb/media/yes/14318872.mp4.media-ingest.json,current canonical candidate found by normalized title
5,/mnt/spirit-8tb/media/yes/b072fcb9f821c935f46a4ed67477a041.mkv,b072fcb9f821c935f46a4ed67477a041.mkv,replaced by MP4,/mnt/spirit-8tb/media/yes/b072fcb9f821c935f46a4ed67477a041.mp4,.mp4,true,536.503,536.527292,0.0242919999999458,/mnt/spirit-8tb/media-originals/replaced-by-mp4-20260620-184733/yes/b072fcb9f821c935f46a4ed67477a041.mkv,/mnt/spirit-8tb/media/yes/b072fcb9f821c935f46a4ed67477a041.mp4.face-meta.json; /mnt/spirit-8tb/media/yes/b072fcb9f821c935f46a4ed67477a041.mp4.media-ingest.json,current canonical candidate found by normalized title
6,/mnt/spirit-8tb/media/yes/513329_720p.mkv,513329_720p.mkv,replaced by MP4,/mnt/spirit-8tb/media/yes/513329_720p.mp4,.mp4,true,252.919,252.919333,0.0003329999999834854,/mnt/spirit-8tb/media-originals/replaced-by-mp4-20260620-184733/yes/513329_720p.mkv,/mnt/spirit-8tb/media/yes/513329_720p.mp4.face-meta.json; /mnt/spirit-8tb/media/yes/513329_720p.mp4.media-ingest.json,current canonical candidate found by normalized title
7,/mnt/spirit-8tb/media/yes/Aaliyah Yasin Has Unprotected Sex With A Stranger.optimized.mkv,Aaliyah Yasin Has Unprotected Sex With A Stranger.optimized.mkv,replaced by MP4,/mnt/spirit-8tb/media/yes/Aaliyah Yasin Has Unprotected Sex With A Stranger.optimized.mp4,.mp4,true,1959.81,1959.811451,0.0014510000000882428,/mnt/spirit-8tb/media-originals/clean-yes-non-mp4-and-dupes-20260620-200937/yes/models/aaliyah-yasan/Aaliyah Yasin Has Unprotected Sex With A Stranger.mp4,/mnt/spirit-8tb/media/yes/Aaliyah Yasin Has Unprotected Sex With A Stranger.optimized.mp4.media-ingest.json,current canonical candidate found by normalized title
8,/mnt/spirit-8tb/media/yes/unknown/OF4LM.COM is our home__406.mkv,OF4LM.COM is our home__406.mkv,replaced by MP4,/mnt/spirit-8tb/media/yes/unknown/OF4LM.COM is our home__406.mp4,.mp4,true,99.883,99.84975,0.03324999999999534,/mnt/spirit-8tb/media-originals/full-batch-replaced-by-mp4-20260620-190819/yes/unknown/OF4LM.COM is our home__406.mkv,/mnt/spirit-8tb/media/yes/unknown/OF4LM.COM is our home__406.mp4.face-meta.json; /mnt/spirit-8tb/media/yes/unknown/OF4LM.COM is our home__406.mp4.media-ingest.json,current canonical candidate found by normalized title
9,/mnt/spirit-8tb/media/yes/unknown/ScreenRecording_05-20-2026 23-18-19_1.mkv,ScreenRecording_05-20-2026 23-18-19_1.mkv,replaced by MP4,/mnt/spirit-8tb/media/yes/unknown/ScreenRecording_05-20-2026 23-18-19_1.mp4,.mp4,true,62.337,62.385011,0.04801099999999536,/mnt/spirit-8tb/media-originals/full-batch-replaced-by-mp4-20260620-190819/yes/unknown/ScreenRecording_05-20-2026 23-18-19_1.mkv,/mnt/spirit-8tb/media/yes/unknown/ScreenRecording_05-20-2026 23-18-19_1.mp4.face-meta.json; /mnt/spirit-8tb/media/yes/unknown/ScreenRecording_05-20-2026 23-18-19_1.mp4.media-ingest.json,current canonical candidate found by normalized title
10,/mnt/spirit-8tb/media/yes/unknown/JoinUs @RisqueMega 233.mkv,JoinUs @RisqueMega 233.mkv,replaced by MP4,/mnt/spirit-8tb/media/yes/unknown/JoinUs @RisqueMega 233.mp4,.mp4,true,413.488,413.454708,0.0332920000000172,/mnt/spirit-8tb/media-originals/full-batch-replaced-by-mp4-20260620-190819/yes/unknown/JoinUs @RisqueMega 233.mkv,/mnt/spirit-8tb/media/yes/unknown/JoinUs @RisqueMega 233.mp4.face-meta.json; /mnt/spirit-8tb/media/yes/unknown/JoinUs @RisqueMega 233.mp4.media-ingest.json,current canonical candidate found by normalized title
11,/mnt/spirit-8tb/media/yes/unknown/OF4LM.COM is our home__360.mkv,OF4LM.COM is our home__360.mkv,replaced by MP4,/mnt/spirit-8tb/media/yes/unknown/OF4LM.COM is our home__360.mp4,.mp4,true,34.026,33.992292,0.03370800000000429,/mnt/spirit-8tb/media-originals/full-batch-replaced-by-mp4-20260620-190819/yes/unknown/OF4LM.COM is our home__360.mkv,/mnt/spirit-8tb/media/yes/unknown/OF4LM.COM is our home__360.mp4.face-meta.json; /mnt/spirit-8tb/media/yes/unknown/OF4LM.COM is our home__360.mp4.media-ingest.json,current canonical candidate found by normalized title
12,/mnt/spirit-8tb/media/yes/unknown/JoinUs @RisqueMega 184.mkv,JoinUs @RisqueMega 184.mkv,replaced by MP4,/mnt/spirit-8tb/media/yes/unknown/JoinUs @RisqueMega 184.mp4,.mp4,true,561.719,561.686125,0.03287500000010368,/mnt/spirit-8tb/media-originals/full-batch-replaced-by-mp4-20260620-190819/yes/unknown/JoinUs @RisqueMega 184.mkv,/mnt/spirit-8tb/media/yes/unknown/JoinUs @RisqueMega 184.mp4.face-meta.json; /mnt/spirit-8tb/media/yes/unknown/JoinUs @RisqueMega 184.mp4.media-ingest.json,current canonical candidate found by normalized title
13,/mnt/spirit-8tb/media/yes/unknown/OF4LM.COM is our home__315.mkv,OF4LM.COM is our home__315.mkv,replaced by MP4,/mnt/spirit-8tb/media/yes/unknown/OF4LM.COM is our home__315.mp4,.mp4,true,14.131,14.097417,0.03358300000000014,/mnt/spirit-8tb/media-originals/full-batch-replaced-by-mp4-20260620-190819/yes/unknown/OF4LM.COM is our home__315.mkv,/mnt/spirit-8tb/media/yes/unknown/OF4LM.COM is our home__315.mp4.face-meta.json; /mnt/spirit-8tb/media/yes/unknown/OF4LM.COM is our home__315.mp4.media-ingest.json,current canonical candidate found by normalized title
14,/mnt/spirit-8tb/media/yes/unknown/OF4LM.COM is our home__400.mkv,OF4LM.COM is our home__400.mkv,replaced by MP4,/mnt/spirit-8tb/media/yes/unknown/OF4LM.COM is our home__400.mp4,.mp4,true,50.667,50.633917,0.03308300000000486,/mnt/spirit-8tb/media-originals/full-batch-replaced-by-mp4-20260620-190819/yes/unknown/OF4LM.COM is our home__400.mkv,/mnt/spirit-8tb/media/yes/unknown/OF4LM.COM is our home__400.mp4.face-meta.json; /mnt/spirit-8tb/media/yes/unknown/OF4LM.COM is our home__400.mp4.media-ingest.json,current canonical candidate found by normalized title
15,/mnt/spirit-8tb/media/yes/unknown/JoinUs @RisqueMega 64.mkv,JoinUs @RisqueMega 64.mkv,replaced by MP4,/mnt/spirit-8tb/media/yes/unknown/JoinUs @RisqueMega 64.mp4,.mp4,true,815.64,815.606458,0.033542000000011285,/mnt/spirit-8tb/media-originals/full-batch-replaced-by-mp4-20260620-190819/yes/unknown/JoinUs @RisqueMega 64.mkv,/mnt/spirit-8tb/media/yes/unknown/JoinUs @RisqueMega 64.mp4.face-meta.json; /mnt/spirit-8tb/media/yes/unknown/JoinUs @RisqueMega 64.mp4.media-ingest.json,current canonical candidate found by normalized title
16,/mnt/spirit-8tb/media/yes/unknown/OF4LM.COM is our home__377.mkv,OF4LM.COM is our home__377.mkv,replaced by MP4,/mnt/spirit-8tb/media/yes/unknown/OF4LM.COM is our home__377.mp4,.mp4,true,98.84,98.807042,0.032958000000007814,/mnt/spirit-8tb/media-originals/full-batch-replaced-by-mp4-20260620-190819/yes/unknown/OF4LM.COM is our home__377.mkv,/mnt/spirit-8tb/media/yes/unknown/OF4LM.COM is our home__377.mp4.face-meta.json; /mnt/spirit-8tb/media/yes/unknown/OF4LM.COM is our home__377.mp4.media-ingest.json,current canonical candidate found by normalized title
17,/mnt/spirit-8tb/media/yes/models/leighbunbun/Visit onlyshare.io FOR MORE (8).mkv,Visit onlyshare.io FOR MORE (8).mkv,replaced by MP4,/mnt/spirit-8tb/media/yes/models/leighbunbun/Visit onlyshare.io FOR MORE (8).mp4,.mp4,true,71.213,71.18,0.03299999999998704,/mnt/spirit-8tb/media-originals/full-batch-replaced-by-mp4-20260620-190819/yes/models/leighbunbun/Visit onlyshare.io FOR MORE (8).mkv,/mnt/spirit-8tb/media/yes/models/leighbunbun/Visit onlyshare.io FOR MORE (8).mp4.media-ingest.json,current canonical candidate found by normalized title
18,/mnt/spirit-8tb/media/yes/models/azilia-hadid/@boomboomhub TG (43).mkv,@boomboomhub TG (43).mkv,replaced by MP4,/mnt/spirit-8tb/media/yes/models/azilia-hadid/@boomboomhub TG (43).mp4,.mp4,true,91.75,91.716625,0.033375000000006594,/mnt/spirit-8tb/media-originals/full-batch-replaced-by-mp4-20260620-190819/yes/models/azilia-hadid/@boomboomhub TG (43).mkv,/mnt/spirit-8tb/media/yes/models/azilia-hadid/@boomboomhub TG (43).mp4.face-meta.json; /mnt/spirit-8tb/media/yes/models/azilia-hadid/@boomboomhub TG (43).mp4.media-ingest.json,current canonical candidate found by normalized title
19,/mnt/spirit-8tb/media/yes/models/azilia-hadid/@boomboomhub TG (50).mkv,@boomboomhub TG (50).mkv,replaced by MP4,/mnt/spirit-8tb/media/yes/models/azilia-hadid/@boomboomhub TG (50).mp4,.mp4,true,137.421,137.38725,0.033749999999997726,/mnt/spirit-8tb/media-originals/full-batch-replaced-by-mp4-20260620-190819/yes/models/azilia-hadid/@boomboomhub TG (50).mkv,/mnt/spirit-8tb/media/yes/models/azilia-hadid/@boomboomhub TG (50).mp4.face-meta.json; /mnt/spirit-8tb/media/yes/models/azilia-hadid/@boomboomhub TG (50).mp4.media-ingest.json,current canonical candidate found by normalized title
20,/mnt/spirit-8tb/media/yes/models/azilia-hadid/@boomboomhub TG (39).mkv,@boomboomhub TG (39).mkv,replaced by MP4,/mnt/spirit-8tb/media/yes/models/azilia-hadid/@boomboomhub TG (39).mp4,.mp4,true,351.635,351.60125,0.033749999999997726,/mnt/spirit-8tb/media-originals/full-batch-replaced-by-mp4-20260620-190819/yes/models/azilia-hadid/@boomboomhub TG (39).mkv,/mnt/spirit-8tb/media/yes/models/azilia-hadid/@boomboomhub TG (39).mp4.face-meta.json; /mnt/spirit-8tb/media/yes/models/azilia-hadid/@boomboomhub TG (39).mp4.media-ingest.json,current canonical candidate found by normalized title
21,/mnt/spirit-8tb/media/yes/models/sienna-ababi/@DailyLeaksMain_5a6152622c58eb1a882b28ad94a5b92dbafc2eaa155bb35c1ce00b835156eba3.mkv,@DailyLeaksMain_5a6152622c58eb1a882b28ad94a5b92dbafc2eaa155bb35c1ce00b835156eba3.mkv,replaced by MP4,/mnt/spirit-8tb/media/yes/models/sienna-ababi/@DailyLeaksMain_5a6152622c58eb1a882b28ad94a5b92dbafc2eaa155bb35c1ce00b835156eba3.mp4,.mp4,true,93.71,93.676917,0.03308299999999065,/mnt/spirit-8tb/media-originals/full-batch-replaced-by-mp4-20260620-190819/yes/models/sienna-ababi/@DailyLeaksMain_5a6152622c58eb1a882b28ad94a5b92dbafc2eaa155bb35c1ce00b835156eba3.mkv,/mnt/spirit-8tb/media/yes/models/sienna-ababi/@DailyLeaksMain_5a6152622c58eb1a882b28ad94a5b92dbafc2eaa155bb35c1ce00b835156eba3.mp4.face-meta.json; /mnt/spirit-8tb/media/yes/models/sienna-ababi/@DailyLeaksMain_5a6152622c58eb1a882b28ad94a5b92dbafc2eaa155bb35c1ce00b835156eba3.mp4.media-ingest.json,current canonical candidate found by normalized title
22,/mnt/spirit-8tb/media/yes/models/sienna-ababi/Visit onlyshare.io for MORE (7).mkv,Visit onlyshare.io for MORE (7).mkv,replaced by MP4,/mnt/spirit-8tb/media/yes/models/sienna-ababi/Visit onlyshare.io for MORE (7).mp4,.mp4,true,16.341,16.307958,0.03304200000000179,/mnt/spirit-8tb/media-originals/full-batch-replaced-by-mp4-20260620-190819/yes/models/sienna-ababi/Visit onlyshare.io for MORE (7).mkv,/mnt/spirit-8tb/media/yes/models/sienna-ababi/Visit onlyshare.io for MORE (7).mp4.face-meta.json; /mnt/spirit-8tb/media/yes/models/sienna-ababi/Visit onlyshare.io for MORE (7).mp4.media-ingest.json,current canonical candidate found by normalized title
23,/mnt/spirit-8tb/media/yes/models/sienna-ababi/Visit onlyshare.io for MORE (1).mkv,Visit onlyshare.io for MORE (1).mkv,replaced by MP4,/mnt/spirit-8tb/media/yes/models/sienna-ababi/Visit onlyshare.io for MORE (1).mp4,.mp4,true,69.102,69.069,0.03300000000000125,/mnt/spirit-8tb/media-originals/full-batch-replaced-by-mp4-20260620-190819/yes/models/sienna-ababi/Visit onlyshare.io for MORE (1).mkv,/mnt/spirit-8tb/media/yes/models/sienna-ababi/Visit onlyshare.io for MORE (1).mp4.face-meta.json; /mnt/spirit-8tb/media/yes/models/sienna-ababi/Visit onlyshare.io for MORE (1).mp4.media-ingest.json,current canonical candidate found by normalized title
24,/mnt/spirit-8tb/media/yes/models/sienna-ababi/Visit onlyshare.io for MORE (5).mkv,Visit onlyshare.io for MORE (5).mkv,replaced by MP4,/mnt/spirit-8tb/media/yes/models/sienna-ababi/Visit onlyshare.io for MORE (5).mp4,.mp4,true,85.494,85.460375,0.03362500000000068,/mnt/spirit-8tb/media-originals/full-batch-replaced-by-mp4-20260620-190819/yes/models/sienna-ababi/Visit onlyshare.io for MORE (5).mkv,/mnt/spirit-8tb/media/yes/models/sienna-ababi/Visit onlyshare.io for MORE (5).mp4.face-meta.json; /mnt/spirit-8tb/media/yes/models/sienna-ababi/Visit onlyshare.io for MORE (5).mp4.media-ingest.json,current canonical candidate found by normalized title
25,/mnt/spirit-8tb/media/yes/models/sienna-ababi/Visit onlyshare.io for MORE (28).mkv,Visit onlyshare.io for MORE (28).mkv,replaced by MP4,/mnt/spirit-8tb/media/yes/models/sienna-ababi/Visit onlyshare.io for MORE (28).mp4,.mp4,true,24.224,24.190833,0.033166999999998836,/mnt/spirit-8tb/media-originals/full-batch-replaced-by-mp4-20260620-190819/yes/models/sienna-ababi/Visit onlyshare.io for MORE (28).mkv,/mnt/spirit-8tb/media/yes/models/sienna-ababi/Visit onlyshare.io for MORE (28).mp4.face-meta.json; /mnt/spirit-8tb/media/yes/models/sienna-ababi/Visit onlyshare.io for MORE (28).mp4.media-ingest.json,current canonical candidate found by normalized title
26,/mnt/spirit-8tb/media/yes/models/cutefru/Visit onlyshare.io for MORE 04419.mkv,Visit onlyshare.io for MORE 04419.mkv,replaced by MP4,/mnt/spirit-8tb/media/yes/models/cutefru/Visit onlyshare.io for MORE 04419.mp4,.mp4,true,154.354,154.320833,0.03316700000002015,/mnt/spirit-8tb/media-originals/full-batch-replaced-by-mp4-20260620-190819/yes/models/cutefru/Visit onlyshare.io for MORE 04419.mkv,/mnt/spirit-8tb/media/yes/models/cutefru/Visit onlyshare.io for MORE 04419.mp4.face-meta.json; /mnt/spirit-8tb/media/yes/models/cutefru/Visit onlyshare.io for MORE 04419.mp4.media-ingest.json,current canonical candidate found by normalized title
27,/mnt/spirit-8tb/media/yes/models/izzy-green/ScreenRecording_05-20-2026 23-16-39_1.mkv,ScreenRecording_05-20-2026 23-16-39_1.mkv,replaced by MP4,/mnt/spirit-8tb/media/yes/models/izzy-green/ScreenRecording_05-20-2026 23-16-39_1.mp4,.mp4,true,29.693,29.741202,0.048201999999999856,/mnt/spirit-8tb/media-originals/full-batch-replaced-by-mp4-20260620-190819/yes/models/izzy-green/ScreenRecording_05-20-2026 23-16-39_1.mkv,/mnt/spirit-8tb/media/yes/models/izzy-green/ScreenRecording_05-20-2026 23-16-39_1.mp4.face-meta.json; /mnt/spirit-8tb/media/yes/models/izzy-green/ScreenRecording_05-20-2026 23-16-39_1.mp4.media-ingest.json,current canonical candidate found by normalized title
28,/mnt/spirit-8tb/media/yes/models/izzy-green/Join ✨@ofxmega on [TELEGRAM] (218).mkv,Join ✨@ofxmega on [TELEGRAM] (218).mkv,replaced by MP4,/mnt/spirit-8tb/media/yes/models/izzy-green/Join ✨@ofxmega on [TELEGRAM] (218).mp4,.mp4,true,70.479,70.445375,0.03362500000000068,/mnt/spirit-8tb/media-originals/full-batch-replaced-by-mp4-20260620-190819/yes/models/izzy-green/Join ✨@ofxmega on [TELEGRAM] (218).mkv,/mnt/spirit-8tb/media/yes/models/izzy-green/Join ✨@ofxmega on [TELEGRAM] (218).mp4.face-meta.json; /mnt/spirit-8tb/media/yes/models/izzy-green/Join ✨@ofxmega on [TELEGRAM] (218).mp4.media-ingest.json,current canonical candidate found by normalized title
29,/mnt/spirit-8tb/media/yes/models/izzy-green/Join ✨@ofxmega on [TELEGRAM] (283).mkv,Join ✨@ofxmega on [TELEGRAM] (283).mkv,replaced by MP4,/mnt/spirit-8tb/media/yes/models/izzy-green/Join ✨@ofxmega on [TELEGRAM] (283).mp4,.mp4,true,52.533,52.5,0.03300000000000125,/mnt/spirit-8tb/media-originals/full-batch-replaced-by-mp4-20260620-190819/yes/models/izzy-green/Join ✨@ofxmega on [TELEGRAM] (283).mkv,/mnt/spirit-8tb/media/yes/models/izzy-green/Join ✨@ofxmega on [TELEGRAM] (283).mp4.face-meta.json; /mnt/spirit-8tb/media/yes/models/izzy-green/Join ✨@ofxmega on [TELEGRAM] (283).mp4.media-ingest.json,current canonical candidate found by normalized title
30,/mnt/spirit-8tb/media/yes/models/aaliyah-yasan/Visit onlyshare.io for MORE 40.mkv,Visit onlyshare.io for MORE 40.mkv,replaced by MP4,/mnt/spirit-8tb/media/yes/models/aaliyah-yasan/Visit onlyshare.io for MORE 40.mp4,.mp4,true,1039.614,1039.580208,0.03379199999994853,/mnt/spirit-8tb/media-originals/full-batch-replaced-by-mp4-20260620-190819/yes/models/aaliyah-yasan/Visit onlyshare.io for MORE 40.mkv,/mnt/spirit-8tb/media/yes/models/aaliyah-yasan/Visit onlyshare.io for MORE 40.mp4.face-meta.json; /mnt/spirit-8tb/media/yes/models/aaliyah-yasan/Visit onlyshare.io for MORE 40.mp4.media-ingest-skip.json,current canonical candidate found by normalized title
31,/mnt/spirit-8tb/media/yes/models/aaliyah-yasan/Visit onlyshare.io for MORE 86.mkv,Visit onlyshare.io for MORE 86.mkv,replaced by MP4,/mnt/spirit-8tb/media/yes/models/aaliyah-yasan/Visit onlyshare.io for MORE 86.mp4,.mp4,true,702.026,701.992958,0.03304199999990942,/mnt/spirit-8tb/media-originals/full-batch-replaced-by-mp4-20260620-190819/yes/models/aaliyah-yasan/Visit onlyshare.io for MORE 86.mkv,/mnt/spirit-8tb/media/yes/models/aaliyah-yasan/Visit onlyshare.io for MORE 86.mp4.face-meta.json; /mnt/spirit-8tb/media/yes/models/aaliyah-yasan/Visit onlyshare.io for MORE 86.mp4.media-ingest-skip.json,current canonical candidate found by normalized title
32,/mnt/spirit-8tb/media/yes/models/aaliyah-yasan/Visit onlyshare.io for MORE 130.mkv,Visit onlyshare.io for MORE 130.mkv,replaced by MP4,/mnt/spirit-8tb/media/yes/models/aaliyah-yasan/Visit onlyshare.io for MORE 130.mp4,.mp4,true,117.484,117.450667,0.03333299999999895,/mnt/spirit-8tb/media-originals/full-batch-replaced-by-mp4-20260620-190819/yes/models/aaliyah-yasan/Visit onlyshare.io for MORE 130.mkv,/mnt/spirit-8tb/media/yes/models/aaliyah-yasan/Visit onlyshare.io for MORE 130.mp4.face-meta.json; /mnt/spirit-8tb/media/yes/models/aaliyah-yasan/Visit onlyshare.io for MORE 130.mp4.media-ingest-skip.json,current canonical candidate found by normalized title
33,/mnt/spirit-8tb/media/yes/models/aaliyah-yasan/Visit onlyshare.io for MORE 62.mkv,Visit onlyshare.io for MORE 62.mkv,replaced by MP4,/mnt/spirit-8tb/media/yes/models/aaliyah-yasan/Visit onlyshare.io for MORE 62.mp4,.mp4,true,864.397,864.3635,0.03350000000000364,/mnt/spirit-8tb/media-originals/full-batch-replaced-by-mp4-20260620-190819/yes/models/aaliyah-yasan/Visit onlyshare.io for MORE 62.mkv,/mnt/spirit-8tb/media/yes/models/aaliyah-yasan/Visit onlyshare.io for MORE 62.mp4.face-meta.json; /mnt/spirit-8tb/media/yes/models/aaliyah-yasan/Visit onlyshare.io for MORE 62.mp4.media-ingest-skip.json,current canonical candidate found by normalized title
34,/mnt/spirit-8tb/media/yes/models/aaliyah-yasan/Visit onlyshare.io for MORE 79.mkv,Visit onlyshare.io for MORE 79.mkv,replaced by MP4,/mnt/spirit-8tb/media/yes/models/aaliyah-yasan/Visit onlyshare.io for MORE 79.mp4,.mp4,true,723.923,723.889833,0.033167000000048574,/mnt/spirit-8tb/media-originals/full-batch-replaced-by-mp4-20260620-190819/yes/models/aaliyah-yasan/Visit onlyshare.io for MORE 79.mkv,/mnt/spirit-8tb/media/yes/models/aaliyah-yasan/Visit onlyshare.io for MORE 79.mp4.face-meta.json; /mnt/spirit-8tb/media/yes/models/aaliyah-yasan/Visit onlyshare.io for MORE 79.mp4.media-ingest-skip.json,current canonical candidate found by normalized title
35,/mnt/spirit-8tb/media/yes/models/aaliyah-yasan/Visit onlyshare.io for MORE 50.mkv,Visit onlyshare.io for MORE 50.mkv,replaced by MP4,/mnt/spirit-8tb/media/yes/models/aaliyah-yasan/Visit onlyshare.io for MORE 50.mp4,.mp4,true,967.375,967.341375,0.033625000000029104,/mnt/spirit-8tb/media-originals/full-batch-replaced-by-mp4-20260620-190819/yes/models/aaliyah-yasan/Visit onlyshare.io for MORE 50.mkv,/mnt/spirit-8tb/media/yes/models/aaliyah-yasan/Visit onlyshare.io for MORE 50.mp4.face-meta.json; /mnt/spirit-8tb/media/yes/models/aaliyah-yasan/Visit onlyshare.io for MORE 50.mp4.media-ingest-skip.json,current canonical candidate found by normalized title
36,/mnt/spirit-8tb/media/yes/models/strawberrytabby/564677_720p.mkv,564677_720p.mkv,replaced by MP4,/mnt/spirit-8tb/media/yes/models/strawberrytabby/564677_720p.mp4,.mp4,true,253.879,253.878625,0.0003749999999911324,/mnt/spirit-8tb/media-originals/replaced-by-mp4-20260620-184733/yes/models/strawberrytabby/564677_720p.mkv,/mnt/spirit-8tb/media/yes/models/strawberrytabby/564677_720p.mp4.face-meta-2.json; /mnt/spirit-8tb/media/yes/models/strawberrytabby/564677_720p.mp4.face-meta.json; /mnt/spirit-8tb/media/yes/models/strawberrytabby/564677_720p.mp4.media-ingest-skip.json,current canonical candidate found by normalized title
37,/mnt/spirit-8tb/media/yes/models/cute-geekie/@MLHUBOF Telegram 🌌🔥 - 793.mkv,@MLHUBOF Telegram 🌌🔥 - 793.mkv,replaced by MP4,/mnt/spirit-8tb/media/yes/models/cute-geekie/@MLHUBOF Telegram 🌌🔥 - 793.mp4,.mp4,true,244.82,244.786208,0.03379200000000537,/mnt/spirit-8tb/media-originals/full-batch-replaced-by-mp4-20260620-190819/yes/models/cute-geekie/@MLHUBOF Telegram 🌌🔥 - 793.mkv,/mnt/spirit-8tb/media/yes/models/cute-geekie/@MLHUBOF Telegram 🌌🔥 - 793.mp4.media-ingest.json,current canonical candidate found by normalized title
38,/mnt/spirit-8tb/media/yes/models/cute-geekie/Visit onlyshare.io for MORE 05135.mkv,Visit onlyshare.io for MORE 05135.mkv,replaced by MP4,/mnt/spirit-8tb/media/yes/models/cute-geekie/Visit onlyshare.io for MORE 05135.mp4,.mp4,true,125.525,125.5254,0.00039999999999906777,/mnt/spirit-8tb/media-originals/full-batch-replaced-by-mp4-20260620-190819/yes/models/cute-geekie/Visit onlyshare.io for MORE 05135.mkv,/mnt/spirit-8tb/media/yes/models/cute-geekie/Visit onlyshare.io for MORE 05135.mp4.media-ingest.json,current canonical candidate found by normalized title
39,/mnt/spirit-8tb/media/yes/models/cute-geekie/@MLHUBOF Telegram 🌌🔥 - 537.mkv,@MLHUBOF Telegram 🌌🔥 - 537.mkv,replaced by MP4,/mnt/spirit-8tb/media/yes/models/cute-geekie/@MLHUBOF Telegram 🌌🔥 - 537.mp4,.mp4,true,98.715,98.681917,0.03308300000000486,/mnt/spirit-8tb/media-originals/full-batch-replaced-by-mp4-20260620-190819/yes/models/cute-geekie/@MLHUBOF Telegram 🌌🔥 - 537.mkv,/mnt/spirit-8tb/media/yes/models/cute-geekie/@MLHUBOF Telegram 🌌🔥 - 537.mp4.media-ingest.json,current canonical candidate found by normalized title
40,/mnt/spirit-8tb/media/yes/models/cute-geekie/51591.mkv,51591.mkv,replaced by MP4,/mnt/spirit-8tb/media/yes/models/cute-geekie/51591.mp4,.mp4,true,780.469,780.446333,0.022667000000069493,/mnt/spirit-8tb/media-originals/replaced-by-mp4-20260620-184733/yes/models/cute-geekie/51591.mkv,/mnt/spirit-8tb/media/yes/models/cute-geekie/51591.mp4.face-meta.json; /mnt/spirit-8tb/media/yes/models/cute-geekie/51591.mp4.media-ingest.json,current canonical candidate found by normalized title
41,/mnt/spirit-8tb/media/yes/models/cute-geekie/@MLHUBOF Telegram 🌌🔥 - 558.mkv,@MLHUBOF Telegram 🌌🔥 - 558.mkv,replaced by MP4,/mnt/spirit-8tb/media/yes/models/cute-geekie/@MLHUBOF Telegram 🌌🔥 - 558.mp4,.mp4,true,66.477,66.453991,0.023009000000001834,/mnt/spirit-8tb/media-originals/full-batch-replaced-by-mp4-20260620-190819/yes/models/cute-geekie/@MLHUBOF Telegram 🌌🔥 - 558.mkv,/mnt/spirit-8tb/media/yes/models/cute-geekie/@MLHUBOF Telegram 🌌🔥 - 558.mp4.media-ingest.json,current canonical candidate found by normalized title
42,/mnt/spirit-8tb/media/yes/models/cute-geekie/@MLHUBOF Telegram 🌌🔥 - 959.mkv,@MLHUBOF Telegram 🌌🔥 - 959.mkv,replaced by MP4,/mnt/spirit-8tb/media/yes/models/cute-geekie/@MLHUBOF Telegram 🌌🔥 - 959.mp4,.mp4,true,139.715,139.732667,0.017666999999988775,/mnt/spirit-8tb/media-originals/replaced-by-mp4-20260620-184733/yes/models/cute-geekie/@MLHUBOF Telegram 🌌🔥 - 959.mkv,/mnt/spirit-8tb/media/yes/models/cute-geekie/@MLHUBOF Telegram 🌌🔥 - 959.mp4.media-ingest.json,current canonical candidate found by normalized title
43,/mnt/spirit-8tb/media/yes/models/cute-geekie/@MLHUBOF Telegram 🌌🔥 - 870.mkv,@MLHUBOF Telegram 🌌🔥 - 870.mkv,replaced by MP4,/mnt/spirit-8tb/media/yes/models/cute-geekie/@MLHUBOF Telegram 🌌🔥 - 870.mp4,.mp4,true,82.656,82.749667,0.09366699999999639,/mnt/spirit-8tb/media-originals/replaced-by-mp4-20260620-184733/yes/models/cute-geekie/@MLHUBOF Telegram 🌌🔥 - 870.mkv,/mnt/spirit-8tb/media/yes/models/cute-geekie/@MLHUBOF Telegram 🌌🔥 - 870.mp4.media-ingest.json,current canonical candidate found by normalized title
44,/mnt/spirit-8tb/media/yes/models/sava-schultz/(21).mkv,(21).mkv,replaced by MP4,/mnt/spirit-8tb/media/yes/models/sava-schultz/(21).mp4,.mp4,true,45.287,45.253542,0.03345799999999599,/mnt/spirit-8tb/media-originals/full-batch-replaced-by-mp4-20260620-190819/yes/models/sava-schultz/(21).mkv,/mnt/spirit-8tb/media/yes/models/sava-schultz/(21).mp4.face-meta.json; /mnt/spirit-8tb/media/yes/models/sava-schultz/(21).mp4.media-ingest.json,current canonical candidate found by normalized title
45,/mnt/spirit-8tb/media/yes/models/sava-schultz/(28).mkv,(28).mkv,replaced by MP4,/mnt/spirit-8tb/media/yes/models/sava-schultz/(28).mp4,.mp4,true,33.525,20.30325,13.22175,/mnt/spirit-8tb/media-originals/replaced-by-mp4-20260620-184733/yes/models/sava-schultz/(28).mkv,/mnt/spirit-8tb/media/yes/models/sava-schultz/(28).mp4.face-meta.json; /mnt/spirit-8tb/media/yes/models/sava-schultz/(28).mp4.media-ingest.json,current canonical candidate found by normalized title
46,/mnt/spirit-8tb/media/yes/models/sava-schultz/(116).mkv,(116).mkv,replaced by MP4,/mnt/spirit-8tb/media/yes/models/sava-schultz/(116).mp4,.mp4,true,23.765,23.732042,0.03295800000000071,/mnt/spirit-8tb/media-originals/full-batch-replaced-by-mp4-20260620-190819/yes/models/sava-schultz/(116).mkv,/mnt/spirit-8tb/media/yes/models/sava-schultz/(116).mp4.face-meta.json; /mnt/spirit-8tb/media/yes/models/sava-schultz/(116).mp4.media-ingest.json,current canonical candidate found by normalized title
47,/mnt/spirit-8tb/media/yes/models/sava-schultz/(19).mkv,(19).mkv,replaced by MP4,/mnt/spirit-8tb/media/yes/models/sava-schultz/(19).mp4,.mp4,true,50.208,50.175125,0.0328749999999971,/mnt/spirit-8tb/media-originals/full-batch-replaced-by-mp4-20260620-190819/yes/models/sava-schultz/(19).mkv,/mnt/spirit-8tb/media/yes/models/sava-schultz/(19).mp4.face-meta.json; /mnt/spirit-8tb/media/yes/models/sava-schultz/(19).mp4.media-ingest.json,current canonical candidate found by normalized title
48,/mnt/spirit-8tb/media/yes/models/sava-schultz/(31).mkv,(31).mkv,replaced by MP4,/mnt/spirit-8tb/media/yes/models/sava-schultz/(31).mp4,.mp4,true,31.398,31.364667,0.03333299999999895,/mnt/spirit-8tb/media-originals/full-batch-replaced-by-mp4-20260620-190819/yes/models/sava-schultz/(31).mkv,/mnt/spirit-8tb/media/yes/models/sava-schultz/(31).mp4.face-meta.json; /mnt/spirit-8tb/media/yes/models/sava-schultz/(31).mp4.media-ingest.json,current canonical candidate found by normalized title
49,/mnt/spirit-8tb/media/yes/models/jazmen-jafar/✨@ofxmega on [TELEGRAM] (288).mkv,✨@ofxmega on [TELEGRAM] (288).mkv,replaced by MP4,/mnt/spirit-8tb/media/yes/models/jazmen-jafar/✨@ofxmega on [TELEGRAM] (288).mp4,.mp4,true,18.135,18.101417,0.03358300000000014,/mnt/spirit-8tb/media-originals/full-batch-replaced-by-mp4-20260620-190819/yes/models/jazmen-jafar/✨@ofxmega on [TELEGRAM] (288).mkv,/mnt/spirit-8tb/media/yes/models/jazmen-jafar/✨@ofxmega on [TELEGRAM] (288).mp4.face-meta.json; /mnt/spirit-8tb/media/yes/models/jazmen-jafar/✨@ofxmega on [TELEGRAM] (288).mp4.media-ingest-skip.json,current canonical candidate found by normalized title
50,/mnt/spirit-8tb/media/yes/models/jazmen-jafar/✨@ofxmega on [TELEGRAM] (278).mkv,✨@ofxmega on [TELEGRAM] (278).mkv,replaced by MP4,/mnt/spirit-8tb/media/yes/models/jazmen-jafar/✨@ofxmega on [TELEGRAM] (278).mp4,.mp4,true,22.806,22.77275,0.033250000000002444,/mnt/spirit-8tb/media-originals/full-batch-replaced-by-mp4-20260620-190819/yes/models/jazmen-jafar/✨@ofxmega on [TELEGRAM] (278).mkv,/mnt/spirit-8tb/media/yes/models/jazmen-jafar/✨@ofxmega on [TELEGRAM] (278).mp4.face-meta.json; /mnt/spirit-8tb/media/yes/models/jazmen-jafar/✨@ofxmega on [TELEGRAM] (278).mp4.media-ingest-skip.json,current canonical candidate found by normalized title
51,/mnt/spirit-8tb/media/yes/models/jazmen-jafar/✨@ofxmega on [TELEGRAM] (279).mkv,✨@ofxmega on [TELEGRAM] (279).mkv,replaced by MP4,/mnt/spirit-8tb/media/yes/models/jazmen-jafar/✨@ofxmega on [TELEGRAM] (279).mp4,.mp4,true,22.139,22.105417,0.03358300000000014,/mnt/spirit-8tb/media-originals/full-batch-replaced-by-mp4-20260620-190819/yes/models/jazmen-jafar/✨@ofxmega on [TELEGRAM] (279).mkv,/mnt/spirit-8tb/media/yes/models/jazmen-jafar/✨@ofxmega on [TELEGRAM] (279).mp4.face-meta.json; /mnt/spirit-8tb/media/yes/models/jazmen-jafar/✨@ofxmega on [TELEGRAM] (279).mp4.media-ingest-skip.json,current canonical candidate found by normalized title
52,/mnt/spirit-8tb/media/yes/models/jazmen-jafar/✨@ofxmega on [TELEGRAM] (86).mkv,✨@ofxmega on [TELEGRAM] (86).mkv,quarantined/preserved without current match,,,false,18.302,,,/mnt/spirit-8tb/media-originals/removed-from-library-20260620-184733/yes/models/jazmen-jafar/✨@ofxmega on [TELEGRAM] (86).mkv,,old file found in preservation but no current MP4 match
53,/mnt/spirit-8tb/media/yes/models/jazmen-jafar/✨@ofxmega on [TELEGRAM] (274).mkv,✨@ofxmega on [TELEGRAM] (274).mkv,replaced by MP4,/mnt/spirit-8tb/media/yes/models/jazmen-jafar/✨@ofxmega on [TELEGRAM] (274).mp4,.mp4,true,24.474,24.441083,0.032917000000001195,/mnt/spirit-8tb/media-originals/full-batch-replaced-by-mp4-20260620-190819/yes/models/jazmen-jafar/✨@ofxmega on [TELEGRAM] (274).mkv,/mnt/spirit-8tb/media/yes/models/jazmen-jafar/✨@ofxmega on [TELEGRAM] (274).mp4.face-meta.json; /mnt/spirit-8tb/media/yes/models/jazmen-jafar/✨@ofxmega on [TELEGRAM] (274).mp4.media-ingest-skip.json,current canonical candidate found by normalized title
54,/mnt/spirit-8tb/media/yes/models/jazmen-jafar/✨@ofxmega on [TELEGRAM] (299).mkv,✨@ofxmega on [TELEGRAM] (299).mkv,replaced by MP4,/mnt/spirit-8tb/media/yes/models/jazmen-jafar/✨@ofxmega on [TELEGRAM] (299).mp4,.mp4,true,15.424,15.390375,0.033624999999998906,/mnt/spirit-8tb/media-originals/full-batch-replaced-by-mp4-20260620-190819/yes/models/jazmen-jafar/✨@ofxmega on [TELEGRAM] (299).mkv,/mnt/spirit-8tb/media/yes/models/jazmen-jafar/✨@ofxmega on [TELEGRAM] (299).mp4.face-meta.json; /mnt/spirit-8tb/media/yes/models/jazmen-jafar/✨@ofxmega on [TELEGRAM] (299).mp4.media-ingest-skip.json,current canonical candidate found by normalized title
55,/mnt/spirit-8tb/media/yes/models/jazmen-jafar/✨@ofxmega on [TELEGRAM] (286).mkv,✨@ofxmega on [TELEGRAM] (286).mkv,replaced by MP4,/mnt/spirit-8tb/media/yes/models/jazmen-jafar/✨@ofxmega on [TELEGRAM] (286).mp4,.mp4,true,18.427,18.393375,0.03362500000000068,/mnt/spirit-8tb/media-originals/full-batch-replaced-by-mp4-20260620-190819/yes/models/jazmen-jafar/✨@ofxmega on [TELEGRAM] (286).mkv,/mnt/spirit-8tb/media/yes/models/jazmen-jafar/✨@ofxmega on [TELEGRAM] (286).mp4.face-meta.json; /mnt/spirit-8tb/media/yes/models/jazmen-jafar/✨@ofxmega on [TELEGRAM] (286).mp4.media-ingest-skip.json,current canonical candidate found by normalized title
56,/mnt/spirit-8tb/media/yes/models/jazmen-jafar/✨@ofxmega on [TELEGRAM] (295).mkv,✨@ofxmega on [TELEGRAM] (295).mkv,replaced by MP4,/mnt/spirit-8tb/media/yes/models/jazmen-jafar/✨@ofxmega on [TELEGRAM] (295).mp4,.mp4,true,16.216,16.182833,0.03316700000000239,/mnt/spirit-8tb/media-originals/full-batch-replaced-by-mp4-20260620-190819/yes/models/jazmen-jafar/✨@ofxmega on [TELEGRAM] (295).mkv,/mnt/spirit-8tb/media/yes/models/jazmen-jafar/✨@ofxmega on [TELEGRAM] (295).mp4.face-meta.json; /mnt/spirit-8tb/media/yes/models/jazmen-jafar/✨@ofxmega on [TELEGRAM] (295).mp4.media-ingest-skip.json,current canonical candidate found by normalized title
57,/mnt/spirit-8tb/media/yes/models/jazmen-jafar/✨@ofxmega on [TELEGRAM] (276).mkv,✨@ofxmega on [TELEGRAM] (276).mkv,replaced by MP4,/mnt/spirit-8tb/media/yes/models/jazmen-jafar/✨@ofxmega on [TELEGRAM] (276).mp4,.mp4,true,24.266,24.232542,0.033457999999999544,/mnt/spirit-8tb/media-originals/full-batch-replaced-by-mp4-20260620-190819/yes/models/jazmen-jafar/✨@ofxmega on [TELEGRAM] (276).mkv,/mnt/spirit-8tb/media/yes/models/jazmen-jafar/✨@ofxmega on [TELEGRAM] (276).mp4.face-meta.json; /mnt/spirit-8tb/media/yes/models/jazmen-jafar/✨@ofxmega on [TELEGRAM] (276).mp4.media-ingest-skip.json,current canonical candidate found by normalized title
58,/mnt/spirit-8tb/media/yes/models/angela-white/556530_720p.mkv,556530_720p.mkv,replaced by MP4,/mnt/spirit-8tb/media/yes/models/angela-white/556530_720p.mp4,.mp4,true,1561.426,1561.426167,0.00016700000014679972,/mnt/spirit-8tb/media-originals/replaced-by-mp4-20260620-184733/yes/models/angela-white/556530_720p.mkv,/mnt/spirit-8tb/media/yes/models/angela-white/556530_720p.mp4.face-meta.json; /mnt/spirit-8tb/media/yes/models/angela-white/556530_720p.mp4.media-ingest-skip.json,current canonical candidate found by normalized title
59,/mnt/spirit-8tb/media/yes/models/sendnudesx/PlugLeakz.net - Join Telegram @PlugLeaksHub (224).mkv,PlugLeakz.net - Join Telegram @PlugLeaksHub (224).mkv,replaced by MP4,/mnt/spirit-8tb/media/yes/models/sendnudesx/PlugLeakz.net - Join Telegram @PlugLeaksHub (224).mp4,.mp4,true,684.592,684.558875,0.03312500000004093,/mnt/spirit-8tb/media-originals/full-batch-replaced-by-mp4-20260620-190819/yes/models/sendnudesx/PlugLeakz.net - Join Telegram @PlugLeaksHub (224).mkv,/mnt/spirit-8tb/media/yes/models/sendnudesx/PlugLeakz.net - Join Telegram @PlugLeaksHub (224).mp4.media-ingest.json,current canonical candidate found by normalized title
60,/mnt/spirit-8tb/media/yes/models/sendnudesx/PlugLeakz.net - Join Telegram @PlugLeaksHub (198).mkv,PlugLeakz.net - Join Telegram @PlugLeaksHub (198).mkv,replaced by MP4,/mnt/spirit-8tb/media/yes/models/sendnudesx/PlugLeakz.net - Join Telegram @PlugLeaksHub (198).mp4,.mp4,true,239.815,239.781208,0.03379200000000537,/mnt/spirit-8tb/media-originals/full-batch-replaced-by-mp4-20260620-190819/yes/models/sendnudesx/PlugLeakz.net - Join Telegram @PlugLeaksHub (198).mkv,/mnt/spirit-8tb/media/yes/models/sendnudesx/PlugLeakz.net - Join Telegram @PlugLeaksHub (198).mp4.face-meta.json; /mnt/spirit-8tb/media/yes/models/sendnudesx/PlugLeakz.net - Join Telegram @PlugLeaksHub (198).mp4.media-ingest.json,current canonical candidate found by normalized title
61,/mnt/spirit-8tb/media/yes/models/yummy-couple/Ayucpl.mkv,Ayucpl.mkv,replaced by MP4,/mnt/spirit-8tb/media/yes/models/yummy-couple/Ayucpl.mp4,.mp4,true,648.973,648.939958,0.03304199999990942,/mnt/spirit-8tb/media-originals/full-batch-replaced-by-mp4-20260620-190819/yes/models/yummy-couple/Ayucpl.mkv,/mnt/spirit-8tb/media/yes/models/yummy-couple/Ayucpl.mp4.face-meta.json; /mnt/spirit-8tb/media/yes/models/yummy-couple/Ayucpl.mp4.media-ingest.json,current canonical candidate found by normalized title
62,/mnt/spirit-8tb/media/yes/models/kinkykttn/OF4LM.COM is our home__297.mkv,OF4LM.COM is our home__297.mkv,replaced by MP4,/mnt/spirit-8tb/media/yes/models/kinkykttn/OF4LM.COM is our home__297.mp4,.mp4,true,38.593,38.56,0.03300000000000125,/mnt/spirit-8tb/media-originals/full-batch-replaced-by-mp4-20260620-190819/yes/models/kinkykttn/OF4LM.COM is our home__297.mkv,/mnt/spirit-8tb/media/yes/models/kinkykttn/OF4LM.COM is our home__297.mp4.face-meta.json; /mnt/spirit-8tb/media/yes/models/kinkykttn/OF4LM.COM is our home__297.mp4.media-ingest.json,current canonical candidate found by normalized title
63,/mnt/spirit-8tb/media/yes/models/kinkykttn/OF4LM.COM is our home__282.mkv,OF4LM.COM is our home__282.mkv,replaced by MP4,/mnt/spirit-8tb/media/yes/models/kinkykttn/OF4LM.COM is our home__282.mp4,.mp4,true,127.786,127.752625,0.033375000000006594,/mnt/spirit-8tb/media-originals/full-batch-replaced-by-mp4-20260620-190819/yes/models/kinkykttn/OF4LM.COM is our home__282.mkv,/mnt/spirit-8tb/media/yes/models/kinkykttn/OF4LM.COM is our home__282.mp4.face-meta.json; /mnt/spirit-8tb/media/yes/models/kinkykttn/OF4LM.COM is our home__282.mp4.media-ingest.json,current canonical candidate found by normalized title
64,/mnt/spirit-8tb/media/yes/models/chloe-lamb/JoinUs @RisqueMega 61.mkv,JoinUs @RisqueMega 61.mkv,replaced by MP4,/mnt/spirit-8tb/media/yes/models/chloe-lamb/JoinUs @RisqueMega 61.mp4,.mp4,true,734.642,734.608875,0.03312500000004093,/mnt/spirit-8tb/media-originals/full-batch-replaced-by-mp4-20260620-190819/yes/models/chloe-lamb/JoinUs @RisqueMega 61.mkv,/mnt/spirit-8tb/media/yes/models/chloe-lamb/JoinUs @RisqueMega 61.mp4.face-meta.json; /mnt/spirit-8tb/media/yes/models/chloe-lamb/JoinUs @RisqueMega 61.mp4.media-ingest.json,current canonical candidate found by normalized title
65,/mnt/spirit-8tb/media/yes/models/chloe-lamb/JoinUs @RisqueMega 25.mkv,JoinUs @RisqueMega 25.mkv,replaced by MP4,/mnt/spirit-8tb/media/yes/models/chloe-lamb/JoinUs @RisqueMega 25.mp4,.mp4,true,1024.682,1024.648625,0.03337499999997817,/mnt/spirit-8tb/media-originals/full-batch-replaced-by-mp4-20260620-190819/yes/models/chloe-lamb/JoinUs @RisqueMega 25.mkv,/mnt/spirit-8tb/media/yes/models/chloe-lamb/JoinUs @RisqueMega 25.mp4.face-meta.json; /mnt/spirit-8tb/media/yes/models/chloe-lamb/JoinUs @RisqueMega 25.mp4.media-ingest.json,current canonical candidate found by normalized title
