group,sha256,size,path
1,982e0b1e1a4d780eaa684e9679546ed848a45da02e813672b461a20a812e7c6b,108422726,/mnt/spirit-8tb/media/yes/videos from x/Horny and Mature Daddy Lover #1.4K - https：⧸⧸t.co⧸D1ilUhcuuE [1948097684927340544].mp4
1,982e0b1e1a4d780eaa684e9679546ed848a45da02e813672b461a20a812e7c6b,108422726,/mnt/spirit-8tb/media/yes/videos from x/★ѕσρнιє★ - 𝐂𝐡𝐮𝐝𝐚𝐢💦 [1948097684927340544].mp4
2,1828b43c21dd4c97f3ca84df02731d4f3a62615fd528d094e476f1c1033d19c7,252006743,/mnt/spirit-8tb/media/yes/videos from x/GANGBANG HD PORN - Wataa 🤤 [2015946958326923267].mp4
2,1828b43c21dd4c97f3ca84df02731d4f3a62615fd528d094e476f1c1033d19c7,252006743,/mnt/spirit-8tb/media/yes/videos from x/asad - https：⧸⧸t.co⧸GDO2gJAUXb [2015946958326923267].mp4
3,f450efb956ed80a6df0df38f6a57650afd24429f1d20365db174030ef05d6eac,31004652,/mnt/spirit-8tb/media/yes/videos from x/Tina - Wataa @hongxiutian @kongguyoul @xiaodaidare @xiaomidare [2056632912544661504].mp4
3,f450efb956ed80a6df0df38f6a57650afd24429f1d20365db174030ef05d6eac,31004652,/mnt/spirit-8tb/media/yes/videos from x/ち - https：⧸⧸t.co⧸el5RuRDS1b [2056632912544661504].mp4
4,a825808256054589792f301a5d31c35e8a844940b8ac5aea88a3186ddf7aca94,193318189,/mnt/spirit-8tb/media/yes/videos from x/@skylerfan - Wataa [2049468580941705217].mp4
4,a825808256054589792f301a5d31c35e8a844940b8ac5aea88a3186ddf7aca94,193318189,/mnt/spirit-8tb/media/yes/videos from x/мїℓf ℘◎℘🍭 - Chudai♣️ [2049468580941705217].mp4
5,db28dcfb67b01c67f5496a7cb6da82ac4a0bd058a2ccc1c76cbd2d9bd2a1ad4e,21941012,/mnt/spirit-8tb/media/yes/videos from x/Cute Hentai - Check out 👉 #nsfw #hard #cum #rough #porn #fuck #nude #adult #xxx #b... [2035564825276006400].mp4
5,db28dcfb67b01c67f5496a7cb6da82ac4a0bd058a2ccc1c76cbd2d9bd2a1ad4e,21941012,/mnt/spirit-8tb/media/yes/videos from x/Juan Perez - https：⧸⧸t.co⧸M5fUW5i305 [2035564825276006400].mp4
5,db28dcfb67b01c67f5496a7cb6da82ac4a0bd058a2ccc1c76cbd2d9bd2a1ad4e,21941012,/mnt/spirit-8tb/media/yes/videos from x/inelk - It’s so big omg [2035564825276006400].mp4
6,ebbbbbfd7ea46a0579760204c38a20a7bc8ecf0636783bc1aaeb06472eae997a,8656119,/mnt/spirit-8tb/media/yes/videos from x/Nut in me daddy (nsfw) - Had to to give my homeboy head cuz he was looking too good 😭💦https：⧸⧸... [2036272287973081088].mp4
6,ebbbbbfd7ea46a0579760204c38a20a7bc8ecf0636783bc1aaeb06472eae997a,8656119,/mnt/spirit-8tb/media/yes/videos from x/goatthroaat🍆🫧 - eye contact go crazy🫧 [2036272287973081088].mp4
7,cc73a9faf50672c67e83d7ce2cbedcac37628b058d57469d99b9a1c51d2ed5ee,11155712,/mnt/spirit-8tb/media/yes/videos from x/Marco - Corinna Kopf vió q sus viewers estaban bajando y se pone a hacer eso ... [2031865430474678274].mp4
7,cc73a9faf50672c67e83d7ce2cbedcac37628b058d57469d99b9a1c51d2ed5ee,11155712,/mnt/spirit-8tb/media/yes/videos from x/𝐅𝐞𝐢𝐧 ✞ - Corinna Kopf saw her viewers drop and immediately started throwing CA... [2031865430474678274].mp4
8,076b0092ac073b93eac98250230ae753616007c3c45fbad24321b57f4a94cbea,3922418,/mnt/spirit-8tb/media/yes/videos from x/mónica - “what’s the best kiss you’ve seen on a series？” automatically me： [1618674971353432065].mp4
8,076b0092ac073b93eac98250230ae753616007c3c45fbad24321b57f4a94cbea,3922418,/mnt/spirit-8tb/media/yes/videos from x/𝑱𝒆𝒓 ᥫ᭡★ᯓ ｜ 𝘛𝘩𝘦 𝘢𝘪𝘳 - I remember watching this at 8am on a random weekday in 2023 man what ... [1618674971353432065].mp4
9,f5e50af6c775f4c16d573197b81851fd7c151a0476ff21de91cdd25eedceb690,75394002,/mnt/spirit-8tb/media/yes/videos from x/Bora - https：⧸⧸t.co⧸lBrJpSTtch [2029057848798294016].mp4
9,f5e50af6c775f4c16d573197b81851fd7c151a0476ff21de91cdd25eedceb690,75394002,/mnt/spirit-8tb/media/yes/videos from x/Rêze (+18) - https：⧸⧸t.co⧸KtdcQrk95z [2029057848798294016].mp4
9,f5e50af6c775f4c16d573197b81851fd7c151a0476ff21de91cdd25eedceb690,75394002,/mnt/spirit-8tb/media/yes/videos from x/sexxual - https：⧸⧸t.co⧸cScOhBkHJU [2029057848798294016].mp4
10,381a2a34cbfa6b6a01008ac7e81fae0d33af6f11cff7793c3f3fb7447bb8d5c1,16370734,/mnt/spirit-8tb/media/yes/videos from x/Goon Father - That cock didn’t stand a chance 😵‍💫 [1967155594646704129].mp4
10,381a2a34cbfa6b6a01008ac7e81fae0d33af6f11cff7793c3f3fb7447bb8d5c1,16370734,"/mnt/spirit-8tb/media/yes/videos from x/Vintage Porn and more - this guy resisted 75 secs, how much would you resist？ @TopAModels1 @... [1967155594646704129].mp4"
11,cc1add386ff4d486a45109c6d7e461a25df674de5bf1a808fb9177d53fe3f717,71423688,/mnt/spirit-8tb/media/yes/videos from x/CUNT.BUNNie🎀 - 😜 [2004007835118772224].mp4
11,cc1add386ff4d486a45109c6d7e461a25df674de5bf1a808fb9177d53fe3f717,71423688,/mnt/spirit-8tb/media/yes/videos from x/rain - https：⧸⧸t.co⧸WQu6ei6f6U [2004007835118772224].mp4
12,f13ad8ed56f7c724618b4fcbf2aaf7ef2c2369bb9027da93104413a50ab5a88d,1207554,/mnt/spirit-8tb/media/yes/videos from x/⋆꧁𓆩☠︎︎𓆪꧂⋆ - https：⧸⧸t.co⧸dWbb3slc48 [2040500424541908992].mp4
12,f13ad8ed56f7c724618b4fcbf2aaf7ef2c2369bb9027da93104413a50ab5a88d,1207554,/mnt/spirit-8tb/media/yes/videos from x/♠.BLKD.♠ - Saying it will make him fuck you even harder. [2040500424541908992].mp4
13,e4ec64a7180f8290ba9c3dfa69cec0a24f10a5eb47830d7fb321c0a8004b3f2d,6508775,"/mnt/spirit-8tb/media/yes/videos from x/2 girls, 1 onlyfans 🦋👯‍♀️ - wataa 😳 [2021560965964480514].mp4"
13,e4ec64a7180f8290ba9c3dfa69cec0a24f10a5eb47830d7fb321c0a8004b3f2d,6508775,/mnt/spirit-8tb/media/yes/videos from x/Rachel - https：⧸⧸t.co⧸QU8nLZcj0v [2021560965964480514].mp4
14,965fba07056844207ad256ddd3135217b749c9f76b98fa9eb6045c729f74c86c,1376262,/mnt/spirit-8tb/media/yes/videos from x/PinkIvy - 😍🤍 this dress [2044852990730006529].mp4
14,965fba07056844207ad256ddd3135217b749c9f76b98fa9eb6045c729f74c86c,1376262,/mnt/spirit-8tb/media/yes/videos from x/baddies life - https：⧸⧸t.co⧸O0bJ4HjxJY [2044852990730006529].mp4
15,b1e7a70364e13e681006ead9f7b022bf3fa2588ee04edb2cda103c9fbf4514b1,8909200,/mnt/spirit-8tb/media/yes/videos from x/Unicorns🦄Swingers🍍 - Makes me horny🔥🔥 #3somesmff [1991394888605396992].mp4
15,b1e7a70364e13e681006ead9f7b022bf3fa2588ee04edb2cda103c9fbf4514b1,8909200,/mnt/spirit-8tb/media/yes/videos from x/k erick - https：⧸⧸t.co⧸n2x8CxlEIf [1991394888605396992].mp4
16,6d195affed2c7af10f66ca57e78e1022a52acd08f8971a37624d42336fa7130e,36881450,/mnt/spirit-8tb/media/yes/videos from x/Random Man - Stepmom head is the best head [2043695497937100801].mp4
16,6d195affed2c7af10f66ca57e78e1022a52acd08f8971a37624d42336fa7130e,36881450,/mnt/spirit-8tb/media/yes/videos from x/Steveninches - https：⧸⧸t.co⧸34szXXadyj [2043695497937100801].mp4
17,6d5d038dff3146bb3f01669c4cc39f42c5cd1825f3d579b7faf9357e59e48972,2839312,"/mnt/spirit-8tb/media/yes/videos from x/Mai Nguyen - Good morning, empty your wallet for me [2023881836913692672].mp4"
17,6d5d038dff3146bb3f01669c4cc39f42c5cd1825f3d579b7faf9357e59e48972,2839312,/mnt/spirit-8tb/media/yes/videos from x/asianshf - https：⧸⧸t.co⧸gJ7Of8tw4N [2023881836913692672].mp4
18,dc57344f7fdf7e25aff9ae74c62c0ef31f1d5c1e4b16ac01afe851c2ab4a1eb4,41443574,/mnt/spirit-8tb/media/yes/videos from x/. - https：⧸⧸t.co⧸2bDlewuv37 [2050396008081678336].mp4
18,dc57344f7fdf7e25aff9ae74c62c0ef31f1d5c1e4b16ac01afe851c2ab4a1eb4,41443574,/mnt/spirit-8tb/media/yes/videos from x/aallpp - https：⧸⧸t.co⧸E5TLARSg6C [2050396008081678336].mp4
19,23530ca017b8d9f0dd2771646bf81aa9389ab8dac065bc3d114319504b2eddc5,72617316,/mnt/spirit-8tb/media/yes/videos from x/JOI - Latina JOI🇺🇸 Follow for JOI videos every day [2017740936143392768].mp4
19,23530ca017b8d9f0dd2771646bf81aa9389ab8dac065bc3d114319504b2eddc5,72617316,/mnt/spirit-8tb/media/yes/videos from x/SUNNY ANGELS - Autumn Falls [2017740936143392768].mp4
